session_id,visitor_id,landing_page,traffic_source,device_type,pages_viewed,session_duration_sec,converted,visit_time
sess_000001,2274,/solutions/enterprise,Direct,Mobile,4,162,0,2026-09-01 00:08:00
sess_000002,3108,/home,Organic Search,Mobile,3,58,0,2026-08-09 13:52:00
sess_000003,1657,/pricing,Organic Search,Desktop,6,883,0,2026-09-10 20:48:00
sess_000004,1985,/docs/api,LinkedIn,Desktop,2,164,0,2026-08-10 00:38:00
sess_000005,1401,/home,Direct,Desktop,4,61,1,2026-08-30 00:38:00
sess_000006,2953,/product/analytics,GitHub,Desktop,2,84,0,2026-08-07 01:04:00
sess_000007,1309,/pricing,Organic Search,Mobile,3,451,0,2026-09-14 22:56:00
sess_000008,2401,/product/analytics,Direct,Desktop,1,45,0,2026-08-14 02:46:00
sess_000009,2310,/signup,Direct,Desktop,5,46,0,2026-08-03 03:15:00
sess_000010,2614,/docs/api,GitHub,Desktop,2,157,0,2026-09-08 19:29:00
sess_000011,1953,/signup,Direct,Desktop,2,77,0,2026-09-07 03:32:00
sess_000012,1895,/product/analytics,Organic Search,Tablet,1,70,0,2026-08-25 13:24:00
sess_000013,2233,/pricing,Organic Search,Desktop,2,100,0,2026-08-24 17:49:00
sess_000014,2622,/docs/api,Organic Search,Desktop,2,325,0,2026-09-14 06:11:00
sess_000015,1061,/home,Referral,Tablet,1,336,0,2026-08-30 17:50:00
sess_000016,1262,/home,LinkedIn,Desktop,4,202,0,2026-09-05 09:28:00
sess_000017,1879,/pricing,Organic Search,Mobile,1,159,0,2026-09-05 10:25:00
sess_000018,2182,/pricing,LinkedIn,Desktop,1,7,0,2026-08-11 09:39:00
sess_000019,1254,/signup,Organic Search,Desktop,2,154,0,2026-09-01 05:53:00
sess_000020,1863,/pricing,Direct,Desktop,2,559,1,2026-08-08 22:34:00
sess_000021,1039,/signup,Organic Search,Tablet,1,331,0,2026-08-19 12:09:00
sess_000022,2613,/product/analytics,Google Ads,Desktop,3,33,0,2026-08-20 08:19:00
sess_000023,3386,/home,Referral,Mobile,3,661,0,2026-08-21 08:46:00
sess_000024,3127,/home,Google Ads,Desktop,2,48,0,2026-08-03 18:13:00
sess_000025,1192,/home,Organic Search,Mobile,5,28,0,2026-08-30 23:32:00
sess_000026,1024,/docs/api,Google Ads,Desktop,2,66,0,2026-08-06 10:06:00
sess_000027,2671,/solutions/enterprise,Organic Search,Desktop,11,32,0,2026-08-18 00:10:00
sess_000028,1775,/pricing,GitHub,Mobile,5,50,0,2026-09-07 17:13:00
sess_000029,1652,/docs/api,Organic Search,Desktop,1,71,0,2026-08-26 10:20:00
sess_000030,2730,/solutions/enterprise,Organic Search,Desktop,1,165,0,2026-08-02 21:03:00
sess_000031,2217,/pricing,Google Ads,Desktop,3,176,0,2026-09-04 12:25:00
sess_000032,1923,/solutions/enterprise,Organic Search,Mobile,2,142,0,2026-08-10 06:29:00
sess_000033,2302,/home,Direct,Desktop,1,68,0,2026-08-23 14:57:00
sess_000034,2313,/solutions/enterprise,Direct,Desktop,3,556,0,2026-08-30 15:28:00
sess_000035,2974,/pricing,Google Ads,Desktop,3,68,0,2026-08-02 20:52:00
sess_000036,3376,/docs/api,LinkedIn,Desktop,2,97,0,2026-08-23 10:05:00
sess_000037,2298,/pricing,Google Ads,Mobile,6,103,0,2026-09-01 17:02:00
sess_000038,2672,/solutions/enterprise,Organic Search,Mobile,3,9,0,2026-08-31 20:58:00
sess_000039,2558,/signup,Google Ads,Desktop,5,105,0,2026-08-04 13:51:00
sess_000040,2738,/solutions/enterprise,Direct,Mobile,3,79,0,2026-08-31 21:22:00
sess_000041,1524,/pricing,Organic Search,Desktop,7,18,0,2026-08-23 04:18:00
sess_000042,2500,/home,Organic Search,Desktop,1,305,0,2026-08-25 09:13:00
sess_000043,1365,/pricing,GitHub,Desktop,5,228,0,2026-09-04 09:33:00
sess_000044,2810,/signup,Organic Search,Desktop,2,64,0,2026-08-19 20:20:00
sess_000045,2028,/pricing,Google Ads,Mobile,4,59,0,2026-08-09 03:46:00
sess_000046,2007,/solutions/enterprise,GitHub,Desktop,3,428,0,2026-09-04 02:29:00
sess_000047,1474,/product/analytics,Organic Search,Desktop,1,42,0,2026-08-01 10:07:00
sess_000048,2446,/solutions/enterprise,Google Ads,Mobile,2,377,0,2026-08-23 12:42:00
sess_000049,2933,/solutions/enterprise,Organic Search,Desktop,4,19,0,2026-08-30 08:22:00
sess_000050,2173,/solutions/enterprise,Organic Search,Desktop,7,334,0,2026-08-02 13:57:00
sess_000051,1445,/signup,LinkedIn,Mobile,1,145,1,2026-09-12 07:27:00
sess_000052,2459,/solutions/enterprise,LinkedIn,Mobile,2,274,0,2026-08-09 01:45:00
sess_000053,1793,/signup,Organic Search,Mobile,2,22,0,2026-08-19 18:15:00
sess_000054,3164,/home,Direct,Desktop,3,103,0,2026-09-09 18:43:00
sess_000055,1395,/signup,Direct,Desktop,6,112,0,2026-09-05 01:41:00
sess_000056,2840,/docs/api,Organic Search,Desktop,2,135,0,2026-08-04 08:26:00
sess_000057,2675,/pricing,Direct,Desktop,1,182,0,2026-08-05 06:04:00
sess_000058,3436,/pricing,Direct,Mobile,2,93,0,2026-08-04 17:54:00
sess_000059,1611,/product/analytics,Organic Search,Mobile,1,111,0,2026-08-20 06:33:00
sess_000060,2627,/home,LinkedIn,Desktop,2,88,0,2026-08-16 05:31:00
sess_000061,1434,/signup,Organic Search,Desktop,3,220,0,2026-08-22 20:27:00
sess_000062,2259,/signup,Direct,Desktop,3,435,0,2026-08-16 23:50:00
sess_000063,3406,/signup,Organic Search,Mobile,5,26,0,2026-08-31 11:08:00
sess_000064,1978,/product/analytics,Direct,Desktop,5,66,0,2026-08-25 00:37:00
sess_000065,1792,/pricing,GitHub,Desktop,1,49,0,2026-09-06 04:59:00
sess_000066,2762,/signup,LinkedIn,Mobile,2,509,0,2026-09-07 05:57:00
sess_000067,2207,/product/analytics,Organic Search,Mobile,12,167,0,2026-09-11 10:10:00
sess_000068,1274,/solutions/enterprise,GitHub,Mobile,2,32,0,2026-09-06 22:55:00
sess_000069,2618,/solutions/enterprise,Direct,Desktop,1,96,0,2026-08-30 11:59:00
sess_000070,1607,/pricing,Organic Search,Mobile,3,120,0,2026-08-14 22:07:00
sess_000071,3093,/product/analytics,Direct,Tablet,1,180,0,2026-09-06 19:09:00
sess_000072,2681,/solutions/enterprise,Organic Search,Mobile,3,48,0,2026-08-25 11:12:00
sess_000073,2212,/home,GitHub,Desktop,5,130,0,2026-08-26 10:07:00
sess_000074,1582,/home,Direct,Desktop,1,296,0,2026-09-04 12:49:00
sess_000075,1429,/pricing,Direct,Desktop,2,199,0,2026-08-13 19:06:00
sess_000076,3376,/docs/api,Organic Search,Desktop,2,24,0,2026-09-13 15:25:00
sess_000077,2073,/docs/api,Google Ads,Mobile,21,443,0,2026-08-14 09:46:00
sess_000078,2398,/product/analytics,Referral,Desktop,4,79,0,2026-08-12 05:45:00
sess_000079,1650,/pricing,Google Ads,Desktop,1,104,0,2026-08-31 20:41:00
sess_000080,2879,/pricing,Organic Search,Mobile,1,217,0,2026-08-29 20:50:00
sess_000081,1605,/solutions/enterprise,Google Ads,Desktop,1,116,1,2026-08-14 16:59:00
sess_000082,2020,/solutions/enterprise,Organic Search,Desktop,1,164,0,2026-09-14 19:08:00
sess_000083,1938,/home,Organic Search,Mobile,2,121,0,2026-08-01 02:50:00
sess_000084,3082,/home,Direct,Desktop,2,71,0,2026-08-12 04:32:00
sess_000085,1058,/pricing,LinkedIn,Desktop,1,109,0,2026-08-22 17:46:00
sess_000086,1523,/solutions/enterprise,Organic Search,Desktop,3,72,0,2026-09-14 12:29:00
sess_000087,1539,/solutions/enterprise,LinkedIn,Mobile,1,112,0,2026-08-19 23:51:00
sess_000088,1866,/pricing,Google Ads,Mobile,8,45,0,2026-08-29 19:27:00
sess_000089,3423,/home,Organic Search,Desktop,4,16,0,2026-08-30 05:12:00
sess_000090,2151,/solutions/enterprise,Direct,Desktop,1,220,0,2026-09-13 05:10:00
sess_000091,3240,/docs/api,Direct,Desktop,1,29,0,2026-09-14 05:14:00
sess_000092,1384,/product/analytics,Google Ads,Desktop,12,315,0,2026-08-04 02:14:00
sess_000093,2458,/signup,Google Ads,Desktop,1,86,0,2026-08-08 07:30:00
sess_000094,2259,/signup,Google Ads,Desktop,1,56,0,2026-08-07 13:12:00
sess_000095,3189,/home,LinkedIn,Desktop,1,99,0,2026-08-03 13:48:00
sess_000096,3382,/signup,LinkedIn,Desktop,4,34,0,2026-09-02 02:48:00
sess_000097,1766,/docs/api,Direct,Mobile,3,345,0,2026-08-15 11:32:00
sess_000098,2931,/pricing,Direct,Desktop,1,37,0,2026-09-10 03:50:00
sess_000099,3472,/pricing,Direct,Mobile,2,127,0,2026-08-16 04:28:00
sess_000100,1707,/product/analytics,Google Ads,Desktop,1,36,0,2026-09-14 08:00:00
sess_000101,2265,/solutions/enterprise,Direct,Desktop,1,13,0,2026-08-29 17:25:00
sess_000102,1106,/docs/api,Referral,Desktop,1,292,0,2026-08-20 14:33:00
sess_000103,1724,/signup,Organic Search,Desktop,1,151,0,2026-08-09 02:08:00
sess_000104,2921,/solutions/enterprise,Direct,Desktop,5,19,0,2026-08-08 02:33:00
sess_000105,3035,/signup,Organic Search,Desktop,5,407,0,2026-09-09 03:25:00
sess_000106,1596,/signup,Direct,Mobile,4,94,0,2026-08-20 19:17:00
sess_000107,1445,/signup,Google Ads,Desktop,4,104,0,2026-08-09 17:25:00
sess_000108,2336,/docs/api,Google Ads,Desktop,1,127,0,2026-08-14 17:03:00
sess_000109,1833,/pricing,Organic Search,Desktop,2,50,0,2026-08-29 22:46:00
sess_000110,1074,/pricing,Referral,Desktop,2,149,0,2026-08-11 10:05:00
sess_000111,2700,/solutions/enterprise,GitHub,Tablet,3,56,0,2026-09-11 07:18:00
sess_000112,3478,/solutions/enterprise,GitHub,Tablet,6,330,0,2026-09-13 22:34:00
sess_000113,2212,/docs/api,Direct,Mobile,7,319,0,2026-08-09 12:41:00
sess_000114,1339,/product/analytics,Direct,Desktop,1,121,0,2026-08-22 18:22:00
sess_000115,1226,/pricing,Organic Search,Desktop,2,141,0,2026-09-11 06:03:00
sess_000116,1688,/docs/api,Direct,Desktop,1,894,0,2026-08-01 05:38:00
sess_000117,2477,/home,Organic Search,Desktop,3,290,0,2026-09-12 23:34:00
sess_000118,1256,/signup,Google Ads,Desktop,3,16,1,2026-08-08 09:30:00
sess_000119,2804,/solutions/enterprise,Direct,Desktop,6,39,0,2026-08-07 07:53:00
sess_000120,2317,/pricing,Organic Search,Desktop,3,168,0,2026-08-09 15:13:00
sess_000121,1997,/product/analytics,GitHub,Desktop,5,88,0,2026-08-03 21:47:00
sess_000122,1355,/product/analytics,Organic Search,Mobile,2,298,0,2026-08-07 23:38:00
sess_000123,3176,/home,GitHub,Desktop,4,189,0,2026-08-17 07:29:00
sess_000124,1896,/solutions/enterprise,Organic Search,Desktop,1,846,0,2026-08-04 23:12:00
sess_000125,2618,/solutions/enterprise,LinkedIn,Desktop,1,7,0,2026-09-08 21:16:00
sess_000126,2525,/docs/api,LinkedIn,Desktop,2,108,0,2026-08-12 20:29:00
sess_000127,2484,/home,Google Ads,Mobile,7,99,0,2026-08-30 12:44:00
sess_000128,2386,/signup,Direct,Desktop,7,107,0,2026-08-22 19:11:00
sess_000129,1968,/product/analytics,Organic Search,Desktop,3,394,0,2026-08-26 09:53:00
sess_000130,1524,/product/analytics,Organic Search,Mobile,1,98,0,2026-08-25 15:10:00
sess_000131,1806,/home,GitHub,Desktop,4,291,0,2026-08-03 14:51:00
sess_000132,2555,/home,Direct,Desktop,1,185,0,2026-08-25 07:45:00
sess_000133,1984,/product/analytics,Google Ads,Desktop,2,125,0,2026-08-17 11:07:00
sess_000134,2905,/home,LinkedIn,Mobile,2,217,0,2026-08-23 07:54:00
sess_000135,1408,/home,LinkedIn,Desktop,7,51,0,2026-08-05 09:12:00
sess_000136,1985,/solutions/enterprise,Referral,Mobile,4,32,0,2026-09-03 20:34:00
sess_000137,2463,/home,Direct,Desktop,1,620,0,2026-09-05 09:50:00
sess_000138,2408,/product/analytics,LinkedIn,Desktop,6,94,0,2026-08-22 12:48:00
sess_000139,2607,/pricing,Google Ads,Desktop,2,70,0,2026-08-30 08:43:00
sess_000140,1483,/product/analytics,Organic Search,Desktop,4,60,0,2026-08-12 01:21:00
sess_000141,3224,/signup,Referral,Desktop,5,180,0,2026-09-02 21:29:00
sess_000142,1533,/signup,Organic Search,Desktop,19,1019,0,2026-08-21 04:39:00
sess_000143,3417,/solutions/enterprise,LinkedIn,Desktop,2,410,0,2026-08-02 20:41:00
sess_000144,2620,/home,Referral,Desktop,6,97,0,2026-09-12 12:17:00
sess_000145,2566,/product/analytics,Google Ads,Desktop,1,411,0,2026-08-04 10:50:00
sess_000146,2768,/signup,Organic Search,Desktop,16,114,0,2026-08-21 12:10:00
sess_000147,1922,/docs/api,Direct,Mobile,2,25,0,2026-08-01 00:19:00
sess_000148,1769,/pricing,Direct,Mobile,4,42,0,2026-09-07 03:20:00
sess_000149,2400,/product/analytics,Direct,Mobile,15,55,0,2026-08-12 22:16:00
sess_000150,3396,/home,LinkedIn,Desktop,1,454,0,2026-08-17 09:26:00
sess_000151,2001,/solutions/enterprise,Google Ads,Mobile,3,700,0,2026-09-12 20:00:00
sess_000152,2321,/pricing,Google Ads,Desktop,19,51,0,2026-09-06 10:01:00
sess_000153,3439,/signup,Organic Search,Desktop,9,97,0,2026-08-25 11:22:00
sess_000154,2314,/signup,Organic Search,Mobile,1,723,0,2026-08-13 17:56:00
sess_000155,1620,/docs/api,Organic Search,Desktop,1,343,0,2026-09-07 11:32:00
sess_000156,1546,/docs/api,Organic Search,Desktop,2,110,0,2026-08-02 04:33:00
sess_000157,2558,/home,Direct,Tablet,5,113,0,2026-09-01 07:50:00
sess_000158,1301,/docs/api,Direct,Desktop,5,384,1,2026-08-13 00:12:00
sess_000159,1786,/pricing,Direct,Desktop,3,10,0,2026-08-13 05:04:00
sess_000160,1078,/signup,Organic Search,Desktop,3,485,0,2026-08-03 11:12:00
sess_000161,1608,/docs/api,Direct,Desktop,1,21,0,2026-08-17 10:35:00
sess_000162,1482,/home,Direct,Mobile,2,422,0,2026-08-23 11:53:00
sess_000163,2767,/signup,Google Ads,Mobile,3,16,0,2026-09-06 03:39:00
sess_000164,2457,/docs/api,Google Ads,Mobile,4,630,0,2026-08-11 15:28:00
sess_000165,1414,/solutions/enterprise,Direct,Desktop,1,6,0,2026-08-08 07:06:00
sess_000166,2734,/signup,Direct,Mobile,4,608,1,2026-09-12 05:13:00
sess_000167,1933,/pricing,Organic Search,Mobile,8,16,0,2026-08-25 14:46:00
sess_000168,1312,/signup,Organic Search,Desktop,5,29,1,2026-08-26 17:49:00
sess_000169,1502,/signup,GitHub,Desktop,3,598,0,2026-09-05 23:15:00
sess_000170,2373,/home,Google Ads,Mobile,1,287,0,2026-09-09 17:07:00
sess_000171,2202,/home,Organic Search,Desktop,5,334,1,2026-08-10 18:16:00
sess_000172,1715,/solutions/enterprise,GitHub,Mobile,4,106,0,2026-08-15 05:39:00
sess_000173,3241,/home,LinkedIn,Desktop,3,20,0,2026-08-13 20:23:00
sess_000174,2556,/product/analytics,Google Ads,Desktop,5,34,0,2026-08-23 15:10:00
sess_000175,2692,/home,Direct,Desktop,4,468,1,2026-08-23 00:32:00
sess_000176,1595,/signup,Organic Search,Desktop,2,92,0,2026-08-29 03:30:00
sess_000177,1895,/signup,Direct,Desktop,1,258,0,2026-08-10 19:27:00
sess_000178,2201,/docs/api,Direct,Desktop,2,215,0,2026-08-31 15:07:00
sess_000179,2407,/home,Google Ads,Mobile,1,120,0,2026-09-01 22:08:00
sess_000180,1270,/pricing,Google Ads,Desktop,1,359,0,2026-08-03 08:00:00
sess_000181,1736,/home,LinkedIn,Desktop,1,196,0,2026-09-09 23:46:00
sess_000182,3228,/pricing,Direct,Desktop,2,247,0,2026-08-21 19:31:00
sess_000183,1258,/signup,LinkedIn,Tablet,3,331,0,2026-09-04 10:21:00
sess_000184,2878,/solutions/enterprise,Organic Search,Mobile,2,50,0,2026-08-05 11:10:00
sess_000185,3069,/product/analytics,Referral,Desktop,4,67,0,2026-08-21 08:05:00
sess_000186,3342,/docs/api,Organic Search,Mobile,4,258,0,2026-08-31 12:34:00
sess_000187,2996,/product/analytics,LinkedIn,Mobile,4,323,0,2026-09-12 17:59:00
sess_000188,1523,/product/analytics,Organic Search,Desktop,3,168,0,2026-09-04 07:19:00
sess_000189,2324,/solutions/enterprise,Organic Search,Mobile,4,905,0,2026-09-13 14:42:00
sess_000190,2376,/home,LinkedIn,Mobile,11,383,0,2026-09-07 12:34:00
sess_000191,2786,/signup,LinkedIn,Mobile,4,295,0,2026-08-29 15:57:00
sess_000192,1866,/product/analytics,Organic Search,Mobile,4,55,0,2026-08-04 11:55:00
sess_000193,1806,/docs/api,LinkedIn,Desktop,1,77,0,2026-08-12 21:00:00
sess_000194,1258,/pricing,Organic Search,Desktop,2,85,0,2026-08-28 11:49:00
sess_000195,2198,/signup,Referral,Desktop,2,22,0,2026-08-05 02:56:00
sess_000196,1523,/signup,LinkedIn,Mobile,2,241,0,2026-09-01 12:16:00
sess_000197,2578,/solutions/enterprise,Organic Search,Desktop,2,100,0,2026-08-14 16:42:00
sess_000198,1332,/solutions/enterprise,Organic Search,Desktop,3,179,0,2026-08-23 22:50:00
sess_000199,1706,/product/analytics,Organic Search,Desktop,3,227,0,2026-08-09 20:52:00
sess_000200,2809,/signup,Organic Search,Mobile,6,6,0,2026-08-21 07:21:00
sess_000201,2646,/signup,Direct,Desktop,3,13,0,2026-09-02 03:50:00
sess_000202,1089,/home,Organic Search,Desktop,6,78,0,2026-08-15 21:19:00
sess_000203,2523,/product/analytics,Direct,Desktop,3,196,0,2026-08-07 12:48:00
sess_000204,2283,/pricing,Organic Search,Desktop,2,122,0,2026-08-02 18:54:00
sess_000205,1267,/product/analytics,LinkedIn,Desktop,3,508,0,2026-09-01 04:01:00
sess_000206,3100,/signup,Direct,Mobile,4,58,0,2026-08-12 08:42:00
sess_000207,1271,/home,LinkedIn,Desktop,4,24,0,2026-08-31 19:36:00
sess_000208,1144,/solutions/enterprise,Referral,Desktop,6,26,0,2026-08-14 16:32:00
sess_000209,3457,/docs/api,Direct,Mobile,7,50,0,2026-09-09 11:30:00
sess_000210,2793,/solutions/enterprise,Organic Search,Desktop,2,53,0,2026-08-16 01:27:00
sess_000211,1028,/home,Referral,Desktop,1,90,0,2026-09-12 10:39:00
sess_000212,2519,/solutions/enterprise,Organic Search,Desktop,3,154,0,2026-08-25 00:33:00
sess_000213,2710,/signup,Google Ads,Mobile,1,56,0,2026-08-03 12:47:00
sess_000214,1906,/product/analytics,Organic Search,Mobile,7,135,1,2026-08-17 21:29:00
sess_000215,2380,/product/analytics,LinkedIn,Tablet,5,121,0,2026-09-01 20:59:00
sess_000216,1673,/product/analytics,Direct,Mobile,4,71,0,2026-08-28 03:39:00
sess_000217,1501,/product/analytics,Google Ads,Desktop,8,107,0,2026-09-12 15:56:00
sess_000218,2254,/home,LinkedIn,Desktop,7,92,0,2026-08-27 18:46:00
sess_000219,2564,/pricing,Organic Search,Mobile,8,544,0,2026-08-27 19:56:00
sess_000220,1992,/product/analytics,LinkedIn,Mobile,4,17,0,2026-08-24 12:17:00
sess_000221,1120,/solutions/enterprise,Organic Search,Mobile,2,267,0,2026-08-23 22:55:00
sess_000222,3224,/home,Organic Search,Mobile,1,71,0,2026-08-07 10:26:00
sess_000223,1346,/signup,Organic Search,Mobile,1,41,0,2026-08-11 12:09:00
sess_000224,3191,/home,Organic Search,Mobile,5,373,0,2026-08-16 07:52:00
sess_000225,1336,/docs/api,LinkedIn,Mobile,1,119,0,2026-09-05 14:43:00
sess_000226,1930,/product/analytics,Referral,Desktop,2,133,0,2026-08-27 10:35:00
sess_000227,3099,/solutions/enterprise,LinkedIn,Desktop,3,101,0,2026-08-25 07:18:00
sess_000228,1235,/pricing,LinkedIn,Desktop,1,98,0,2026-08-19 07:33:00
sess_000229,3428,/pricing,Google Ads,Mobile,12,217,0,2026-09-13 00:22:00
sess_000230,1490,/signup,GitHub,Desktop,5,261,0,2026-08-19 20:22:00
sess_000231,3490,/solutions/enterprise,Organic Search,Desktop,3,285,0,2026-09-12 14:57:00
sess_000232,1459,/home,LinkedIn,Desktop,7,139,0,2026-08-25 09:52:00
sess_000233,2774,/solutions/enterprise,Organic Search,Desktop,2,222,0,2026-08-31 16:25:00
sess_000234,1937,/docs/api,Direct,Desktop,7,275,0,2026-09-07 01:25:00
sess_000235,2967,/home,Organic Search,Tablet,5,211,1,2026-08-15 11:10:00
sess_000236,2776,/signup,Organic Search,Mobile,1,43,0,2026-08-09 23:18:00
sess_000237,3165,/docs/api,Organic Search,Desktop,5,228,0,2026-09-12 04:49:00
sess_000238,1428,/pricing,Referral,Desktop,5,193,0,2026-09-04 06:41:00
sess_000239,1071,/signup,Organic Search,Mobile,2,23,0,2026-08-16 02:16:00
sess_000240,3332,/product/analytics,LinkedIn,Desktop,2,192,0,2026-08-03 22:19:00
sess_000241,2538,/docs/api,GitHub,Desktop,1,379,0,2026-08-28 17:14:00
sess_000242,2812,/solutions/enterprise,Direct,Mobile,4,100,1,2026-08-12 18:53:00
sess_000243,1926,/product/analytics,LinkedIn,Desktop,4,30,0,2026-08-29 12:52:00
sess_000244,3270,/pricing,Organic Search,Desktop,12,174,0,2026-08-09 16:22:00
sess_000245,1976,/solutions/enterprise,Direct,Desktop,4,54,0,2026-08-26 10:07:00
sess_000246,2711,/docs/api,GitHub,Desktop,2,146,0,2026-08-27 07:28:00
sess_000247,2887,/solutions/enterprise,Organic Search,Desktop,1,204,0,2026-08-06 22:11:00
sess_000248,2303,/product/analytics,Organic Search,Mobile,5,133,0,2026-08-29 00:01:00
sess_000249,1233,/solutions/enterprise,Organic Search,Desktop,2,71,0,2026-09-06 10:18:00
sess_000250,3049,/docs/api,Direct,Desktop,9,355,0,2026-08-19 22:20:00
sess_000251,2568,/home,Google Ads,Mobile,1,31,0,2026-09-09 19:25:00
sess_000252,1033,/signup,Referral,Desktop,1,12,0,2026-08-02 03:16:00
sess_000253,3085,/pricing,Organic Search,Desktop,3,322,1,2026-08-23 10:40:00
sess_000254,3174,/pricing,Organic Search,Desktop,7,11,0,2026-08-19 07:37:00
sess_000255,2741,/product/analytics,Organic Search,Mobile,1,125,0,2026-08-26 01:26:00
sess_000256,1147,/solutions/enterprise,Referral,Desktop,1,143,0,2026-09-01 09:53:00
sess_000257,3003,/solutions/enterprise,Organic Search,Desktop,10,79,0,2026-08-04 10:12:00
sess_000258,3208,/docs/api,Organic Search,Desktop,1,63,0,2026-08-21 19:52:00
sess_000259,1633,/pricing,LinkedIn,Mobile,3,247,0,2026-09-05 03:37:00
sess_000260,1495,/pricing,Organic Search,Desktop,1,87,0,2026-08-22 07:40:00
sess_000261,3107,/product/analytics,Organic Search,Desktop,1,28,0,2026-09-02 01:16:00
sess_000262,1449,/pricing,Organic Search,Mobile,1,116,0,2026-09-11 15:31:00
sess_000263,1749,/docs/api,Referral,Desktop,4,238,0,2026-08-04 09:27:00
sess_000264,1700,/docs/api,Organic Search,Tablet,4,71,0,2026-08-09 06:07:00
sess_000265,1690,/signup,Organic Search,Desktop,1,30,0,2026-09-10 03:38:00
sess_000266,2743,/signup,LinkedIn,Mobile,1,80,0,2026-08-02 15:19:00
sess_000267,2160,/pricing,Organic Search,Desktop,8,146,0,2026-09-06 12:41:00
sess_000268,3314,/product/analytics,LinkedIn,Mobile,3,24,1,2026-08-02 13:55:00
sess_000269,2172,/docs/api,Direct,Desktop,5,53,0,2026-08-22 20:26:00
sess_000270,2170,/signup,Organic Search,Desktop,1,641,1,2026-08-07 22:59:00
sess_000271,1683,/product/analytics,Direct,Mobile,1,46,0,2026-08-22 20:49:00
sess_000272,2212,/solutions/enterprise,Referral,Mobile,2,16,0,2026-08-22 15:59:00
sess_000273,3176,/pricing,Google Ads,Desktop,3,106,0,2026-09-13 18:31:00
sess_000274,3287,/solutions/enterprise,Referral,Desktop,2,18,0,2026-09-05 12:32:00
sess_000275,3425,/solutions/enterprise,GitHub,Mobile,4,7,0,2026-09-10 08:43:00
sess_000276,2223,/pricing,Google Ads,Desktop,4,7,0,2026-08-31 03:23:00
sess_000277,3489,/solutions/enterprise,Organic Search,Mobile,2,68,0,2026-09-09 08:20:00
sess_000278,3397,/pricing,LinkedIn,Desktop,1,18,0,2026-08-30 21:59:00
sess_000279,3168,/signup,Direct,Desktop,3,43,0,2026-09-02 23:49:00
sess_000280,2650,/product/analytics,Direct,Desktop,1,193,0,2026-08-03 10:49:00
sess_000281,3088,/solutions/enterprise,GitHub,Desktop,2,66,0,2026-08-12 04:03:00
sess_000282,1151,/solutions/enterprise,Organic Search,Mobile,1,159,0,2026-08-07 10:37:00
sess_000283,1170,/docs/api,Organic Search,Mobile,3,100,0,2026-08-16 23:52:00
sess_000284,3384,/solutions/enterprise,GitHub,Mobile,4,393,0,2026-08-24 18:39:00
sess_000285,3141,/home,LinkedIn,Mobile,3,219,0,2026-08-10 23:23:00
sess_000286,2000,/signup,Organic Search,Desktop,4,349,0,2026-08-18 18:26:00
sess_000287,2800,/solutions/enterprise,Organic Search,Desktop,21,136,0,2026-08-27 21:44:00
sess_000288,2473,/solutions/enterprise,Direct,Mobile,3,278,0,2026-08-12 00:16:00
sess_000289,2241,/docs/api,Google Ads,Desktop,1,177,0,2026-09-08 03:39:00
sess_000290,3045,/home,Google Ads,Desktop,3,250,0,2026-08-31 05:23:00
sess_000291,2183,/product/analytics,Direct,Mobile,1,212,0,2026-09-14 09:16:00
sess_000292,2242,/pricing,Organic Search,Mobile,2,69,1,2026-08-04 10:33:00
sess_000293,3472,/solutions/enterprise,Google Ads,Desktop,2,29,0,2026-09-08 16:12:00
sess_000294,2034,/product/analytics,GitHub,Desktop,3,300,0,2026-08-06 09:22:00
sess_000295,3163,/signup,Direct,Desktop,3,19,0,2026-08-28 19:13:00
sess_000296,1740,/product/analytics,Organic Search,Mobile,4,172,0,2026-08-22 16:12:00
sess_000297,3257,/pricing,LinkedIn,Desktop,2,813,0,2026-09-11 13:35:00
sess_000298,1513,/pricing,Organic Search,Mobile,1,41,0,2026-09-01 19:24:00
sess_000299,2616,/product/analytics,LinkedIn,Desktop,2,249,0,2026-09-14 06:27:00
sess_000300,1970,/home,Organic Search,Desktop,5,555,0,2026-08-22 06:52:00
sess_000301,2707,/docs/api,Direct,Desktop,4,128,0,2026-08-23 02:27:00
sess_000302,3473,/product/analytics,LinkedIn,Desktop,1,158,0,2026-09-06 03:52:00
sess_000303,1866,/signup,Direct,Desktop,9,87,0,2026-08-14 10:33:00
sess_000304,2394,/signup,Google Ads,Desktop,2,109,0,2026-09-04 04:59:00
sess_000305,2495,/pricing,Direct,Desktop,3,184,1,2026-08-24 17:09:00
sess_000306,3205,/docs/api,Organic Search,Desktop,1,374,0,2026-08-03 09:01:00
sess_000307,3099,/pricing,Direct,Desktop,7,552,0,2026-08-17 02:13:00
sess_000308,2488,/product/analytics,Referral,Desktop,4,146,1,2026-08-31 09:09:00
sess_000309,1581,/docs/api,GitHub,Desktop,1,279,0,2026-09-03 07:08:00
sess_000310,2823,/pricing,Organic Search,Mobile,4,245,0,2026-09-03 00:23:00
sess_000311,1737,/pricing,Organic Search,Desktop,1,56,0,2026-08-08 19:15:00
sess_000312,1399,/signup,Direct,Desktop,1,116,0,2026-09-08 19:28:00
sess_000313,2680,/home,LinkedIn,Desktop,2,212,0,2026-08-19 05:46:00
sess_000314,1671,/pricing,GitHub,Desktop,3,29,0,2026-09-02 21:54:00
sess_000315,1013,/solutions/enterprise,LinkedIn,Desktop,1,392,0,2026-08-04 08:39:00
sess_000316,2433,/product/analytics,Google Ads,Desktop,4,97,0,2026-08-02 18:08:00
sess_000317,1639,/solutions/enterprise,LinkedIn,Desktop,3,113,0,2026-08-17 08:20:00
sess_000318,1496,/product/analytics,Organic Search,Desktop,1,371,0,2026-08-23 04:33:00
sess_000319,2843,/home,GitHub,Desktop,3,39,0,2026-08-17 03:05:00
sess_000320,1535,/product/analytics,Organic Search,Desktop,2,11,0,2026-08-27 21:39:00
sess_000321,2578,/home,Direct,Desktop,4,65,0,2026-08-17 20:14:00
sess_000322,2658,/signup,Google Ads,Mobile,7,34,0,2026-08-10 07:46:00
sess_000323,1622,/signup,Referral,Desktop,1,768,0,2026-08-31 20:48:00
sess_000324,2312,/docs/api,Organic Search,Desktop,4,155,0,2026-08-11 13:18:00
sess_000325,2520,/solutions/enterprise,Direct,Desktop,1,154,1,2026-09-03 11:48:00
sess_000326,2544,/signup,Direct,Tablet,1,289,0,2026-09-13 15:20:00
sess_000327,3288,/solutions/enterprise,Direct,Desktop,8,58,0,2026-09-01 04:02:00
sess_000328,1034,/home,Google Ads,Desktop,6,138,0,2026-08-19 21:36:00
sess_000329,1144,/solutions/enterprise,Google Ads,Desktop,2,32,0,2026-08-13 19:44:00
sess_000330,1474,/solutions/enterprise,Referral,Tablet,1,22,0,2026-09-08 02:43:00
sess_000331,1333,/home,Google Ads,Mobile,1,109,1,2026-09-13 14:28:00
sess_000332,1437,/home,Organic Search,Desktop,3,444,0,2026-08-24 20:23:00
sess_000333,1880,/pricing,Direct,Desktop,3,109,0,2026-08-18 22:49:00
sess_000334,2232,/solutions/enterprise,LinkedIn,Desktop,4,113,0,2026-09-10 05:02:00
sess_000335,1370,/solutions/enterprise,LinkedIn,Desktop,4,365,0,2026-09-06 21:18:00
sess_000336,1080,/docs/api,Organic Search,Mobile,1,65,0,2026-09-11 17:16:00
sess_000337,3295,/solutions/enterprise,Organic Search,Mobile,1,126,0,2026-08-08 07:22:00
sess_000338,3499,/home,Organic Search,Mobile,1,37,0,2026-08-13 21:26:00
sess_000339,1719,/product/analytics,Direct,Desktop,1,341,0,2026-08-16 22:49:00
sess_000340,3206,/pricing,Organic Search,Desktop,2,11,0,2026-08-01 08:45:00
sess_000341,2364,/home,Direct,Desktop,1,100,0,2026-09-01 21:55:00
sess_000342,3016,/product/analytics,Direct,Desktop,2,63,0,2026-08-07 20:01:00
sess_000343,2164,/signup,Direct,Desktop,6,58,0,2026-09-06 18:25:00
sess_000344,1416,/signup,LinkedIn,Tablet,4,55,0,2026-08-20 10:56:00
sess_000345,1910,/solutions/enterprise,Direct,Mobile,4,88,1,2026-08-30 17:51:00
sess_000346,2146,/home,Direct,Desktop,3,422,0,2026-08-16 04:10:00
sess_000347,2386,/solutions/enterprise,LinkedIn,Mobile,4,227,0,2026-08-04 03:17:00
sess_000348,1511,/docs/api,Organic Search,Desktop,1,401,0,2026-08-19 09:55:00
sess_000349,2570,/docs/api,Direct,Desktop,3,44,0,2026-08-25 21:19:00
sess_000350,1916,/pricing,Organic Search,Mobile,3,345,0,2026-08-22 17:17:00
sess_000351,2181,/product/analytics,Organic Search,Desktop,3,106,0,2026-08-12 11:30:00
sess_000352,2709,/home,Organic Search,Desktop,5,719,0,2026-09-12 09:36:00
sess_000353,2770,/pricing,Organic Search,Desktop,9,167,0,2026-08-23 04:59:00
sess_000354,2516,/solutions/enterprise,Direct,Mobile,4,125,0,2026-08-16 09:26:00
sess_000355,2222,/home,Direct,Desktop,8,471,0,2026-08-19 19:09:00
sess_000356,3224,/home,Google Ads,Desktop,3,91,0,2026-08-14 22:39:00
sess_000357,3255,/solutions/enterprise,LinkedIn,Desktop,1,253,0,2026-09-09 14:32:00
sess_000358,1133,/pricing,Direct,Desktop,4,120,0,2026-09-06 11:07:00
sess_000359,2921,/pricing,Organic Search,Desktop,12,243,0,2026-08-25 01:23:00
sess_000360,2912,/docs/api,Organic Search,Mobile,4,63,0,2026-08-25 01:19:00
sess_000361,1308,/home,LinkedIn,Desktop,10,98,0,2026-09-02 05:32:00
sess_000362,1521,/pricing,Organic Search,Desktop,1,81,0,2026-08-11 22:56:00
sess_000363,1535,/home,Direct,Mobile,1,370,0,2026-09-03 16:34:00
sess_000364,1416,/docs/api,LinkedIn,Mobile,1,480,0,2026-08-09 07:42:00
sess_000365,2363,/product/analytics,Organic Search,Desktop,2,244,0,2026-08-07 01:19:00
sess_000366,3036,/product/analytics,Direct,Desktop,1,315,0,2026-08-29 12:46:00
sess_000367,3325,/docs/api,Organic Search,Desktop,7,83,0,2026-09-08 14:21:00
sess_000368,2245,/signup,LinkedIn,Desktop,4,34,0,2026-09-12 14:16:00
sess_000369,2858,/home,Organic Search,Desktop,1,213,0,2026-08-22 09:17:00
sess_000370,2283,/pricing,Organic Search,Mobile,1,187,1,2026-08-21 21:20:00
sess_000371,2202,/pricing,GitHub,Desktop,3,60,0,2026-08-12 01:04:00
sess_000372,2539,/signup,Direct,Desktop,7,443,0,2026-09-06 15:32:00
sess_000373,1806,/signup,Organic Search,Desktop,1,84,0,2026-08-30 23:24:00
sess_000374,2054,/solutions/enterprise,LinkedIn,Mobile,2,308,0,2026-09-09 22:28:00
sess_000375,2464,/signup,Direct,Mobile,1,29,0,2026-08-17 11:40:00
sess_000376,1200,/pricing,Organic Search,Desktop,1,65,0,2026-09-07 16:39:00
sess_000377,3077,/home,Google Ads,Desktop,4,176,0,2026-08-11 11:44:00
sess_000378,2268,/home,Direct,Desktop,5,54,0,2026-08-08 07:58:00
sess_000379,1860,/docs/api,Organic Search,Desktop,8,569,0,2026-08-05 01:27:00
sess_000380,2013,/solutions/enterprise,GitHub,Mobile,4,149,0,2026-08-31 05:14:00
sess_000381,1610,/pricing,Organic Search,Desktop,1,241,0,2026-09-01 00:17:00
sess_000382,1024,/home,Organic Search,Mobile,2,153,0,2026-09-11 17:36:00
sess_000383,2187,/home,Organic Search,Desktop,2,98,0,2026-08-01 11:25:00
sess_000384,3442,/product/analytics,Organic Search,Mobile,1,315,0,2026-08-10 04:26:00
sess_000385,1473,/home,Organic Search,Desktop,3,9,0,2026-08-22 18:31:00
sess_000386,3349,/signup,LinkedIn,Desktop,1,105,0,2026-08-05 15:05:00
sess_000387,1856,/solutions/enterprise,LinkedIn,Desktop,7,388,0,2026-08-31 08:49:00
sess_000388,1496,/pricing,Google Ads,Desktop,1,21,0,2026-09-06 01:24:00
sess_000389,1385,/product/analytics,Direct,Desktop,2,46,1,2026-09-13 13:29:00
sess_000390,3249,/home,Direct,Mobile,1,587,0,2026-08-13 03:09:00
sess_000391,2830,/solutions/enterprise,Direct,Desktop,2,579,0,2026-08-21 16:21:00
sess_000392,1098,/docs/api,GitHub,Desktop,2,92,0,2026-09-05 12:02:00
sess_000393,3464,/pricing,Organic Search,Desktop,3,256,0,2026-08-14 21:32:00
sess_000394,1744,/docs/api,GitHub,Desktop,2,181,0,2026-08-24 14:32:00
sess_000395,2411,/solutions/enterprise,Organic Search,Mobile,5,127,0,2026-08-20 16:40:00
sess_000396,1452,/docs/api,Organic Search,Mobile,3,307,0,2026-08-30 13:59:00
sess_000397,1464,/signup,Organic Search,Desktop,14,194,0,2026-08-02 06:36:00
sess_000398,2932,/pricing,Direct,Mobile,1,22,0,2026-08-31 21:58:00
sess_000399,3220,/solutions/enterprise,GitHub,Desktop,1,334,0,2026-08-04 23:16:00
sess_000400,2190,/home,Organic Search,Desktop,5,62,0,2026-08-18 13:13:00
sess_000401,2896,/docs/api,Direct,Desktop,3,185,0,2026-08-31 15:26:00
sess_000402,3036,/product/analytics,Organic Search,Desktop,2,273,1,2026-09-01 01:37:00
sess_000403,2523,/docs/api,LinkedIn,Desktop,2,415,0,2026-08-13 06:10:00
sess_000404,2164,/solutions/enterprise,Direct,Tablet,3,471,0,2026-09-12 20:04:00
sess_000405,1896,/product/analytics,LinkedIn,Desktop,1,473,0,2026-08-23 09:59:00
sess_000406,1609,/solutions/enterprise,Google Ads,Desktop,5,197,0,2026-08-01 03:44:00
sess_000407,1156,/solutions/enterprise,Organic Search,Mobile,2,181,0,2026-09-01 23:06:00
sess_000408,1828,/product/analytics,GitHub,Desktop,2,7,0,2026-08-12 08:00:00
sess_000409,2374,/solutions/enterprise,Direct,Mobile,5,20,0,2026-08-20 16:22:00
sess_000410,1583,/product/analytics,GitHub,Desktop,3,94,0,2026-08-02 12:00:00
sess_000411,3433,/home,Organic Search,Desktop,4,288,0,2026-08-31 08:18:00
sess_000412,2847,/solutions/enterprise,GitHub,Desktop,8,166,0,2026-08-01 03:19:00
sess_000413,1736,/home,Organic Search,Desktop,9,53,0,2026-09-02 05:28:00
sess_000414,2885,/pricing,Google Ads,Desktop,2,28,0,2026-09-03 06:12:00
sess_000415,1632,/docs/api,Referral,Desktop,1,118,0,2026-08-13 15:42:00
sess_000416,1410,/home,GitHub,Mobile,1,444,0,2026-09-09 17:57:00
sess_000417,2496,/docs/api,Direct,Desktop,4,14,0,2026-09-14 17:32:00
sess_000418,3469,/product/analytics,Organic Search,Desktop,1,116,0,2026-08-24 16:07:00
sess_000419,2504,/pricing,LinkedIn,Desktop,2,15,0,2026-09-06 00:02:00
sess_000420,1435,/product/analytics,LinkedIn,Tablet,4,56,0,2026-09-03 17:20:00
sess_000421,2359,/solutions/enterprise,Direct,Desktop,19,558,0,2026-08-04 18:00:00
sess_000422,1159,/signup,Google Ads,Mobile,1,24,0,2026-08-12 04:01:00
sess_000423,1471,/docs/api,Organic Search,Mobile,1,14,0,2026-08-05 08:27:00
sess_000424,3195,/signup,Direct,Desktop,1,21,0,2026-08-28 13:30:00
sess_000425,1056,/product/analytics,Direct,Desktop,1,216,0,2026-09-04 21:49:00
sess_000426,2510,/docs/api,Organic Search,Desktop,14,7,1,2026-08-11 17:28:00
sess_000427,1511,/solutions/enterprise,Organic Search,Desktop,1,95,0,2026-09-05 16:42:00
sess_000428,3258,/signup,LinkedIn,Mobile,4,556,0,2026-08-05 18:41:00
sess_000429,1646,/solutions/enterprise,Organic Search,Mobile,1,17,0,2026-08-11 17:27:00
sess_000430,3114,/signup,Google Ads,Desktop,1,489,0,2026-08-07 23:11:00
sess_000431,1104,/docs/api,GitHub,Mobile,1,27,0,2026-08-11 18:39:00
sess_000432,2386,/pricing,Organic Search,Mobile,1,29,0,2026-08-05 21:22:00
sess_000433,3370,/docs/api,Google Ads,Desktop,1,172,0,2026-09-14 00:44:00
sess_000434,1599,/docs/api,Direct,Desktop,1,55,0,2026-08-22 18:00:00
sess_000435,2185,/product/analytics,Direct,Desktop,5,5,0,2026-08-29 12:41:00
sess_000436,1626,/docs/api,LinkedIn,Desktop,1,254,0,2026-08-14 05:32:00
sess_000437,2322,/pricing,Google Ads,Desktop,1,88,0,2026-09-09 07:15:00
sess_000438,2547,/pricing,Referral,Desktop,1,434,0,2026-08-14 16:23:00
sess_000439,1031,/signup,LinkedIn,Desktop,4,63,0,2026-09-07 06:11:00
sess_000440,2392,/docs/api,LinkedIn,Desktop,1,204,0,2026-08-25 00:50:00
sess_000441,2377,/home,LinkedIn,Desktop,3,76,0,2026-08-22 09:20:00
sess_000442,3358,/signup,Direct,Mobile,1,33,0,2026-08-23 01:23:00
sess_000443,1448,/signup,Organic Search,Desktop,2,667,1,2026-08-30 11:29:00
sess_000444,2808,/docs/api,Organic Search,Desktop,3,164,1,2026-08-10 20:40:00
sess_000445,1358,/product/analytics,Direct,Desktop,4,334,0,2026-09-03 18:53:00
sess_000446,3239,/home,LinkedIn,Desktop,1,56,1,2026-08-14 16:01:00
sess_000447,1475,/solutions/enterprise,Organic Search,Mobile,2,94,0,2026-08-12 06:07:00
sess_000448,1137,/solutions/enterprise,Direct,Mobile,3,121,0,2026-08-04 13:51:00
sess_000449,2891,/home,Organic Search,Desktop,1,183,0,2026-09-11 00:39:00
sess_000450,2965,/signup,Google Ads,Mobile,1,95,0,2026-08-25 07:05:00
sess_000451,1473,/docs/api,LinkedIn,Mobile,3,56,0,2026-09-01 17:29:00
sess_000452,1496,/solutions/enterprise,Direct,Desktop,9,42,0,2026-08-03 19:27:00
sess_000453,1109,/product/analytics,Direct,Desktop,7,169,0,2026-08-05 21:58:00
sess_000454,1801,/solutions/enterprise,GitHub,Mobile,3,56,0,2026-09-02 15:33:00
sess_000455,1909,/product/analytics,GitHub,Desktop,2,95,0,2026-09-02 11:43:00
sess_000456,2497,/home,Google Ads,Mobile,3,11,0,2026-08-21 14:59:00
sess_000457,2380,/product/analytics,Organic Search,Desktop,5,58,0,2026-08-31 17:38:00
sess_000458,2502,/pricing,Organic Search,Desktop,1,123,0,2026-09-09 21:47:00
sess_000459,3030,/pricing,Organic Search,Mobile,5,291,0,2026-08-26 18:03:00
sess_000460,2317,/pricing,Google Ads,Desktop,4,89,0,2026-09-07 11:10:00
sess_000461,1027,/pricing,LinkedIn,Desktop,1,67,0,2026-09-02 20:58:00
sess_000462,1375,/home,LinkedIn,Desktop,6,135,0,2026-08-04 10:04:00
sess_000463,1936,/product/analytics,Organic Search,Desktop,1,14,0,2026-08-31 22:01:00
sess_000464,2259,/signup,Organic Search,Mobile,8,83,0,2026-09-01 21:01:00
sess_000465,1487,/docs/api,LinkedIn,Desktop,2,31,0,2026-08-14 10:12:00
sess_000466,2401,/pricing,Direct,Desktop,5,57,0,2026-09-08 12:49:00
sess_000467,3010,/pricing,Direct,Desktop,1,94,0,2026-08-06 08:44:00
sess_000468,3023,/solutions/enterprise,Direct,Desktop,3,15,0,2026-09-13 14:09:00
sess_000469,1224,/pricing,Google Ads,Desktop,1,292,1,2026-09-02 01:27:00
sess_000470,2476,/docs/api,LinkedIn,Tablet,1,62,0,2026-08-29 12:50:00
sess_000471,1051,/docs/api,Organic Search,Mobile,5,52,0,2026-08-20 05:10:00
sess_000472,2383,/signup,Organic Search,Desktop,2,80,0,2026-09-08 16:10:00
sess_000473,1731,/solutions/enterprise,LinkedIn,Mobile,4,87,0,2026-08-04 09:41:00
sess_000474,3297,/signup,Referral,Desktop,5,306,0,2026-09-12 06:15:00
sess_000475,3007,/home,GitHub,Desktop,3,65,0,2026-08-05 04:50:00
sess_000476,2747,/signup,Organic Search,Mobile,3,116,0,2026-09-03 09:04:00
sess_000477,3471,/home,Organic Search,Desktop,5,129,0,2026-08-25 08:37:00
sess_000478,3089,/product/analytics,Direct,Mobile,1,70,0,2026-08-26 02:45:00
sess_000479,2444,/signup,Direct,Mobile,1,280,0,2026-08-30 15:03:00
sess_000480,1979,/signup,Organic Search,Mobile,3,181,0,2026-09-04 02:33:00
sess_000481,2430,/docs/api,LinkedIn,Mobile,11,234,0,2026-08-28 13:18:00
sess_000482,1322,/docs/api,Organic Search,Mobile,3,15,0,2026-08-24 11:46:00
sess_000483,1324,/signup,Direct,Mobile,4,313,0,2026-08-15 11:56:00
sess_000484,3382,/pricing,Google Ads,Mobile,4,54,0,2026-08-10 14:48:00
sess_000485,1621,/pricing,LinkedIn,Desktop,3,22,1,2026-08-16 10:29:00
sess_000486,1116,/pricing,LinkedIn,Desktop,1,199,0,2026-08-06 09:20:00
sess_000487,1580,/signup,GitHub,Mobile,6,49,0,2026-08-03 19:25:00
sess_000488,3145,/signup,Organic Search,Tablet,3,98,0,2026-08-09 01:06:00
sess_000489,3297,/product/analytics,LinkedIn,Mobile,11,226,0,2026-08-08 12:19:00
sess_000490,2510,/docs/api,Organic Search,Desktop,1,24,0,2026-09-04 17:38:00
sess_000491,1890,/pricing,Organic Search,Desktop,1,29,0,2026-08-11 13:41:00
sess_000492,1185,/signup,Direct,Mobile,1,201,1,2026-08-30 19:26:00
sess_000493,2766,/pricing,Organic Search,Desktop,6,112,0,2026-09-09 16:22:00
sess_000494,2837,/docs/api,Direct,Desktop,5,50,0,2026-09-02 12:11:00
sess_000495,1430,/pricing,Organic Search,Mobile,5,135,1,2026-09-04 14:34:00
sess_000496,2808,/solutions/enterprise,LinkedIn,Tablet,4,178,0,2026-08-25 12:49:00
sess_000497,2416,/solutions/enterprise,Organic Search,Desktop,1,98,0,2026-08-30 04:28:00
sess_000498,1835,/home,Organic Search,Desktop,2,39,1,2026-08-16 09:51:00
sess_000499,2775,/docs/api,Google Ads,Desktop,4,192,0,2026-09-04 21:17:00
sess_000500,2309,/solutions/enterprise,Direct,Tablet,2,28,0,2026-08-24 09:41:00
sess_000501,2886,/docs/api,Direct,Desktop,4,195,1,2026-08-31 23:10:00
sess_000502,1192,/product/analytics,Direct,Mobile,1,61,0,2026-08-11 07:31:00
sess_000503,2434,/docs/api,Organic Search,Desktop,3,5,0,2026-08-14 06:51:00
sess_000504,3241,/home,Direct,Mobile,2,117,0,2026-08-24 23:42:00
sess_000505,2063,/home,LinkedIn,Desktop,8,71,1,2026-08-22 08:48:00
sess_000506,1316,/product/analytics,GitHub,Desktop,2,51,0,2026-08-07 10:51:00
sess_000507,1376,/docs/api,Google Ads,Desktop,1,129,0,2026-08-22 17:05:00
sess_000508,3344,/signup,Organic Search,Desktop,1,78,0,2026-09-10 12:20:00
sess_000509,2623,/docs/api,Organic Search,Desktop,1,67,0,2026-08-10 02:19:00
sess_000510,2193,/solutions/enterprise,Organic Search,Desktop,3,263,0,2026-08-03 15:36:00
sess_000511,1189,/solutions/enterprise,Organic Search,Mobile,4,20,0,2026-08-23 15:25:00
sess_000512,2142,/home,Direct,Mobile,9,96,0,2026-09-08 06:44:00
sess_000513,3224,/docs/api,Organic Search,Desktop,3,56,0,2026-09-14 20:07:00
sess_000514,2769,/pricing,LinkedIn,Desktop,4,65,0,2026-08-23 17:31:00
sess_000515,1746,/solutions/enterprise,Organic Search,Desktop,3,109,0,2026-08-10 10:49:00
sess_000516,2768,/docs/api,Google Ads,Mobile,7,465,0,2026-08-05 02:57:00
sess_000517,1484,/product/analytics,LinkedIn,Desktop,2,198,1,2026-08-16 18:44:00
sess_000518,2380,/solutions/enterprise,Referral,Desktop,3,43,0,2026-09-10 17:36:00
sess_000519,1650,/home,Referral,Mobile,10,157,0,2026-08-07 13:21:00
sess_000520,3051,/home,LinkedIn,Desktop,1,35,0,2026-08-26 01:03:00
sess_000521,3404,/home,Organic Search,Desktop,1,394,0,2026-08-07 23:54:00
sess_000522,3108,/home,Organic Search,Desktop,4,104,1,2026-08-17 18:10:00
sess_000523,1123,/docs/api,Organic Search,Mobile,2,543,0,2026-09-12 21:59:00
sess_000524,2906,/signup,Direct,Desktop,1,200,0,2026-09-06 06:03:00
sess_000525,2840,/docs/api,Direct,Desktop,3,327,0,2026-08-24 20:25:00
sess_000526,1622,/solutions/enterprise,LinkedIn,Desktop,3,40,0,2026-09-06 18:58:00
sess_000527,2307,/pricing,Organic Search,Tablet,2,352,0,2026-08-01 17:47:00
sess_000528,2241,/home,LinkedIn,Desktop,2,42,1,2026-09-06 22:27:00
sess_000529,1192,/pricing,Organic Search,Desktop,1,677,0,2026-09-05 20:40:00
sess_000530,2797,/home,Google Ads,Mobile,3,64,1,2026-09-01 07:31:00
sess_000531,3478,/solutions/enterprise,Organic Search,Desktop,3,212,0,2026-08-21 08:26:00
sess_000532,3199,/product/analytics,Direct,Desktop,3,147,0,2026-08-13 13:43:00
sess_000533,2057,/home,Direct,Desktop,1,122,0,2026-09-07 05:39:00
sess_000534,3119,/product/analytics,Direct,Mobile,1,105,0,2026-08-08 11:14:00
sess_000535,1015,/signup,Organic Search,Desktop,1,92,0,2026-08-25 10:25:00
sess_000536,2103,/home,GitHub,Mobile,2,70,0,2026-08-17 00:55:00
sess_000537,2295,/pricing,Direct,Desktop,5,168,0,2026-09-12 06:15:00
sess_000538,2505,/signup,Direct,Desktop,1,751,0,2026-09-12 14:56:00
sess_000539,2165,/home,Organic Search,Desktop,5,205,0,2026-08-15 01:42:00
sess_000540,1633,/pricing,Google Ads,Mobile,1,259,0,2026-08-16 09:43:00
sess_000541,2850,/product/analytics,Organic Search,Desktop,4,196,0,2026-09-07 21:26:00
sess_000542,3497,/docs/api,Organic Search,Desktop,6,135,0,2026-08-20 03:06:00
sess_000543,3450,/signup,Direct,Desktop,5,310,0,2026-09-04 13:31:00
sess_000544,1961,/product/analytics,Referral,Desktop,4,75,0,2026-08-02 11:14:00
sess_000545,3264,/docs/api,Organic Search,Desktop,1,62,0,2026-09-14 16:35:00
sess_000546,2456,/solutions/enterprise,Organic Search,Tablet,2,92,0,2026-08-27 19:48:00
sess_000547,2328,/solutions/enterprise,LinkedIn,Desktop,1,160,0,2026-09-05 23:25:00
sess_000548,2266,/solutions/enterprise,LinkedIn,Desktop,2,5,0,2026-08-19 00:00:00
sess_000549,1720,/signup,GitHub,Desktop,2,329,0,2026-08-20 20:57:00
sess_000550,2995,/solutions/enterprise,Direct,Desktop,3,70,0,2026-08-03 11:46:00
sess_000551,2592,/home,Direct,Tablet,3,170,1,2026-08-24 17:34:00
sess_000552,3132,/signup,Direct,Desktop,2,14,1,2026-08-25 16:37:00
sess_000553,2315,/product/analytics,Direct,Mobile,5,106,0,2026-08-23 03:14:00
sess_000554,1795,/pricing,Referral,Mobile,1,17,0,2026-09-07 00:04:00
sess_000555,1096,/home,Direct,Desktop,6,7,0,2026-09-04 20:03:00
sess_000556,1685,/signup,Organic Search,Desktop,1,284,0,2026-09-12 13:21:00
sess_000557,1456,/signup,Organic Search,Desktop,2,98,0,2026-08-19 11:31:00
sess_000558,2233,/home,Referral,Desktop,6,308,0,2026-09-14 08:51:00
sess_000559,1543,/solutions/enterprise,Direct,Desktop,2,79,0,2026-08-19 01:14:00
sess_000560,1086,/signup,Organic Search,Desktop,4,192,0,2026-09-10 09:54:00
sess_000561,3489,/home,Organic Search,Tablet,2,22,0,2026-08-13 14:18:00
sess_000562,2355,/pricing,Organic Search,Desktop,6,43,0,2026-08-06 10:31:00
sess_000563,3041,/product/analytics,LinkedIn,Desktop,21,119,0,2026-09-03 13:25:00
sess_000564,2689,/solutions/enterprise,LinkedIn,Desktop,7,109,0,2026-09-04 04:16:00
sess_000565,2349,/solutions/enterprise,Direct,Desktop,1,43,0,2026-08-23 03:04:00
sess_000566,2220,/pricing,GitHub,Desktop,1,373,1,2026-09-10 01:22:00
sess_000567,3134,/home,LinkedIn,Desktop,3,65,0,2026-08-16 04:35:00
sess_000568,3225,/pricing,LinkedIn,Tablet,10,105,0,2026-08-04 23:53:00
sess_000569,1877,/docs/api,LinkedIn,Desktop,2,79,0,2026-08-26 02:49:00
sess_000570,2614,/product/analytics,Google Ads,Desktop,1,976,0,2026-08-20 21:31:00
sess_000571,2567,/product/analytics,Direct,Desktop,10,81,0,2026-08-07 12:15:00
sess_000572,1185,/pricing,Direct,Desktop,4,60,0,2026-08-27 19:09:00
sess_000573,1575,/signup,Organic Search,Mobile,5,432,0,2026-08-09 11:34:00
sess_000574,1332,/signup,Direct,Tablet,1,35,0,2026-08-21 06:07:00
sess_000575,1232,/product/analytics,Direct,Mobile,1,455,0,2026-09-06 16:36:00
sess_000576,1155,/product/analytics,GitHub,Desktop,2,156,0,2026-08-29 06:59:00
sess_000577,2394,/signup,Organic Search,Mobile,4,50,0,2026-09-05 22:57:00
sess_000578,2991,/home,Google Ads,Desktop,2,57,0,2026-08-31 03:48:00
sess_000579,1294,/solutions/enterprise,Organic Search,Desktop,1,228,0,2026-08-15 01:17:00
sess_000580,1812,/solutions/enterprise,Referral,Mobile,2,12,0,2026-09-09 03:25:00
sess_000581,1140,/solutions/enterprise,Direct,Mobile,2,231,0,2026-09-13 21:00:00
sess_000582,2939,/pricing,Direct,Mobile,6,71,0,2026-09-12 06:15:00
sess_000583,1914,/pricing,Organic Search,Mobile,8,302,0,2026-08-11 21:05:00
sess_000584,3250,/solutions/enterprise,Organic Search,Desktop,1,29,0,2026-08-13 15:56:00
sess_000585,1858,/docs/api,LinkedIn,Desktop,1,56,0,2026-09-12 22:21:00
sess_000586,1719,/docs/api,LinkedIn,Desktop,5,109,0,2026-08-06 06:08:00
sess_000587,2928,/home,GitHub,Mobile,1,385,0,2026-08-16 07:22:00
sess_000588,1332,/pricing,Direct,Desktop,1,65,0,2026-08-14 10:05:00
sess_000589,1146,/solutions/enterprise,Organic Search,Desktop,4,339,0,2026-08-09 17:57:00
sess_000590,3013,/docs/api,LinkedIn,Desktop,3,24,0,2026-08-06 08:28:00
sess_000591,2334,/solutions/enterprise,GitHub,Desktop,4,39,0,2026-08-21 02:20:00
sess_000592,2897,/product/analytics,Referral,Desktop,1,35,0,2026-08-16 05:36:00
sess_000593,3086,/docs/api,LinkedIn,Desktop,2,175,0,2026-08-13 02:32:00
sess_000594,2680,/solutions/enterprise,Organic Search,Desktop,4,93,0,2026-08-13 07:51:00
sess_000595,1957,/pricing,Direct,Desktop,2,363,0,2026-08-08 02:23:00
sess_000596,1897,/pricing,Direct,Tablet,1,124,0,2026-08-08 21:23:00
sess_000597,3097,/product/analytics,Direct,Desktop,1,332,1,2026-08-19 18:30:00
sess_000598,1066,/product/analytics,Organic Search,Mobile,3,54,0,2026-09-14 06:49:00
sess_000599,2939,/home,Organic Search,Mobile,1,487,0,2026-09-11 15:11:00
sess_000600,2024,/solutions/enterprise,Direct,Mobile,2,186,0,2026-08-13 13:23:00
sess_000601,3180,/docs/api,Google Ads,Desktop,2,131,0,2026-09-12 22:29:00
sess_000602,3429,/docs/api,Organic Search,Desktop,3,173,0,2026-08-29 22:39:00
sess_000603,2622,/signup,Organic Search,Tablet,1,453,0,2026-08-25 22:33:00
sess_000604,2022,/signup,Google Ads,Desktop,2,80,0,2026-08-05 07:20:00
sess_000605,1067,/docs/api,LinkedIn,Desktop,2,55,0,2026-08-12 10:34:00
sess_000606,1872,/home,Direct,Mobile,1,55,0,2026-08-12 12:17:00
sess_000607,1096,/solutions/enterprise,Organic Search,Desktop,5,653,0,2026-08-16 22:01:00
sess_000608,1473,/product/analytics,Direct,Desktop,4,79,0,2026-08-31 22:07:00
sess_000609,3117,/home,Google Ads,Mobile,5,392,0,2026-08-15 08:39:00
sess_000610,1592,/product/analytics,Organic Search,Mobile,1,31,1,2026-08-22 08:08:00
sess_000611,3031,/home,Organic Search,Desktop,3,106,0,2026-09-11 02:52:00
sess_000612,2330,/home,Google Ads,Desktop,2,178,1,2026-08-11 20:03:00
sess_000613,1835,/docs/api,Direct,Mobile,2,600,0,2026-08-08 12:23:00
sess_000614,1585,/home,LinkedIn,Desktop,1,208,0,2026-08-13 15:22:00
sess_000615,3356,/docs/api,LinkedIn,Mobile,9,5,1,2026-08-29 11:25:00
sess_000616,3406,/signup,Organic Search,Desktop,8,261,0,2026-08-04 10:06:00
sess_000617,1213,/docs/api,Organic Search,Mobile,2,193,0,2026-08-08 01:13:00
sess_000618,2523,/docs/api,Organic Search,Desktop,6,41,0,2026-08-13 05:40:00
sess_000619,1853,/pricing,Organic Search,Desktop,2,179,0,2026-08-23 06:00:00
sess_000620,1134,/signup,Organic Search,Tablet,3,472,0,2026-08-08 09:37:00
sess_000621,3086,/docs/api,Referral,Desktop,4,5,1,2026-08-17 05:48:00
sess_000622,1804,/signup,Organic Search,Tablet,3,664,0,2026-09-07 02:05:00
sess_000623,3110,/solutions/enterprise,Organic Search,Mobile,1,68,0,2026-08-14 23:39:00
sess_000624,3318,/solutions/enterprise,Organic Search,Mobile,2,173,0,2026-08-28 08:15:00
sess_000625,1722,/home,Organic Search,Desktop,4,63,0,2026-09-05 00:32:00
sess_000626,1383,/product/analytics,Organic Search,Desktop,5,241,0,2026-08-17 07:08:00
sess_000627,1612,/solutions/enterprise,Organic Search,Desktop,2,135,0,2026-08-16 07:42:00
sess_000628,1701,/signup,Direct,Mobile,3,59,0,2026-08-19 06:52:00
sess_000629,1625,/product/analytics,Direct,Mobile,1,131,0,2026-09-05 17:13:00
sess_000630,2347,/docs/api,Organic Search,Desktop,1,82,0,2026-09-09 05:17:00
sess_000631,2816,/product/analytics,Direct,Desktop,1,56,0,2026-08-06 06:13:00
sess_000632,1155,/docs/api,Organic Search,Desktop,2,166,0,2026-09-09 19:58:00
sess_000633,3288,/pricing,LinkedIn,Mobile,4,188,0,2026-09-08 19:31:00
sess_000634,1491,/signup,Organic Search,Mobile,6,32,0,2026-08-05 00:37:00
sess_000635,1721,/home,LinkedIn,Mobile,3,481,0,2026-08-15 22:46:00
sess_000636,1751,/product/analytics,Direct,Desktop,3,6,1,2026-09-04 18:38:00
sess_000637,2015,/product/analytics,Organic Search,Desktop,1,63,0,2026-08-12 20:40:00
sess_000638,1290,/signup,Organic Search,Desktop,1,80,0,2026-08-01 20:32:00
sess_000639,2874,/product/analytics,Organic Search,Desktop,2,17,0,2026-08-08 02:35:00
sess_000640,3003,/home,Direct,Desktop,3,21,1,2026-08-03 20:50:00
sess_000641,1166,/pricing,Google Ads,Desktop,1,343,0,2026-08-29 05:21:00
sess_000642,2338,/home,Google Ads,Desktop,1,85,1,2026-09-05 00:14:00
sess_000643,3112,/solutions/enterprise,Direct,Desktop,3,86,0,2026-08-12 12:04:00
sess_000644,2390,/home,GitHub,Desktop,1,215,0,2026-08-20 22:22:00
sess_000645,1119,/solutions/enterprise,Google Ads,Mobile,2,236,0,2026-08-11 05:45:00
sess_000646,1812,/product/analytics,LinkedIn,Tablet,8,226,0,2026-08-23 14:22:00
sess_000647,3066,/pricing,Direct,Desktop,6,118,0,2026-08-28 20:55:00
sess_000648,1687,/docs/api,Google Ads,Mobile,1,225,0,2026-09-14 01:19:00
sess_000649,2456,/pricing,Direct,Desktop,1,468,0,2026-08-19 09:47:00
sess_000650,3248,/solutions/enterprise,Direct,Desktop,1,31,0,2026-08-29 13:40:00
sess_000651,2090,/pricing,LinkedIn,Desktop,1,158,0,2026-08-30 15:19:00
sess_000652,3280,/signup,GitHub,Mobile,1,384,0,2026-08-16 08:18:00
sess_000653,1115,/product/analytics,Direct,Desktop,2,612,0,2026-08-07 17:01:00
sess_000654,3042,/home,Organic Search,Desktop,1,21,0,2026-09-03 02:19:00
sess_000655,1704,/solutions/enterprise,Organic Search,Mobile,2,543,0,2026-08-20 05:45:00
sess_000656,1324,/solutions/enterprise,Organic Search,Desktop,3,238,0,2026-09-13 16:44:00
sess_000657,1005,/solutions/enterprise,Direct,Desktop,4,237,0,2026-08-27 06:24:00
sess_000658,3131,/product/analytics,Organic Search,Desktop,2,33,0,2026-09-04 14:04:00
sess_000659,2069,/pricing,LinkedIn,Mobile,1,159,0,2026-08-07 14:52:00
sess_000660,1711,/solutions/enterprise,Direct,Desktop,3,84,0,2026-08-11 08:35:00
sess_000661,1188,/docs/api,Direct,Mobile,7,163,0,2026-09-06 09:22:00
sess_000662,2054,/solutions/enterprise,Organic Search,Mobile,2,245,0,2026-09-07 18:36:00
sess_000663,2945,/pricing,LinkedIn,Desktop,1,41,0,2026-09-14 13:49:00
sess_000664,2465,/pricing,LinkedIn,Desktop,4,34,0,2026-08-30 20:28:00
sess_000665,1288,/docs/api,Google Ads,Desktop,6,84,0,2026-08-14 10:55:00
sess_000666,2664,/home,Referral,Desktop,10,190,0,2026-08-21 18:06:00
sess_000667,1405,/solutions/enterprise,Organic Search,Mobile,1,206,0,2026-08-25 05:27:00
sess_000668,2912,/pricing,Organic Search,Desktop,2,173,0,2026-09-03 18:02:00
sess_000669,3036,/docs/api,Direct,Desktop,7,345,0,2026-08-16 03:51:00
sess_000670,1644,/docs/api,GitHub,Desktop,1,243,0,2026-08-15 03:03:00
sess_000671,1069,/product/analytics,Organic Search,Desktop,2,131,0,2026-08-30 17:22:00
sess_000672,1830,/pricing,Google Ads,Desktop,3,123,0,2026-08-29 08:55:00
sess_000673,2773,/signup,Organic Search,Desktop,3,292,0,2026-08-28 01:57:00
sess_000674,2725,/pricing,Direct,Desktop,6,392,1,2026-09-12 01:43:00
sess_000675,2831,/pricing,GitHub,Mobile,3,345,1,2026-08-12 20:12:00
sess_000676,1430,/product/analytics,Direct,Desktop,2,128,0,2026-09-05 18:48:00
sess_000677,3383,/signup,LinkedIn,Desktop,1,160,0,2026-09-11 16:48:00
sess_000678,2335,/docs/api,Direct,Desktop,11,282,0,2026-08-11 16:00:00
sess_000679,2819,/docs/api,Google Ads,Desktop,2,160,0,2026-09-04 00:43:00
sess_000680,1055,/home,Organic Search,Desktop,3,50,1,2026-08-06 18:07:00
sess_000681,2024,/docs/api,GitHub,Mobile,2,397,0,2026-08-03 06:43:00
sess_000682,3285,/signup,Direct,Desktop,4,127,0,2026-08-21 14:56:00
sess_000683,2843,/pricing,Organic Search,Mobile,3,728,0,2026-08-11 14:16:00
sess_000684,2233,/product/analytics,Organic Search,Mobile,2,150,0,2026-08-05 17:44:00
sess_000685,1061,/signup,Organic Search,Desktop,3,93,0,2026-08-17 03:38:00
sess_000686,1107,/signup,Direct,Desktop,5,48,1,2026-08-28 11:34:00
sess_000687,1169,/signup,Organic Search,Desktop,3,81,0,2026-09-08 14:09:00
sess_000688,1174,/home,Organic Search,Desktop,9,49,0,2026-09-10 08:19:00
sess_000689,2141,/docs/api,Direct,Mobile,4,463,0,2026-08-22 09:34:00
sess_000690,1138,/product/analytics,Referral,Desktop,2,170,0,2026-09-06 00:27:00
sess_000691,1771,/solutions/enterprise,Direct,Mobile,5,313,0,2026-08-17 14:43:00
sess_000692,1478,/docs/api,Direct,Desktop,2,47,0,2026-08-19 02:49:00
sess_000693,2674,/product/analytics,Organic Search,Desktop,1,16,0,2026-09-05 14:44:00
sess_000694,1590,/pricing,Organic Search,Desktop,3,102,0,2026-09-06 00:11:00
sess_000695,1671,/signup,Organic Search,Desktop,2,500,0,2026-08-17 20:52:00
sess_000696,3160,/signup,Google Ads,Mobile,1,26,0,2026-08-27 00:23:00
sess_000697,2834,/solutions/enterprise,Referral,Desktop,1,284,1,2026-08-02 18:26:00
sess_000698,3132,/home,LinkedIn,Tablet,1,15,1,2026-08-01 16:38:00
sess_000699,1229,/home,Organic Search,Desktop,5,37,1,2026-08-22 00:16:00
sess_000700,2930,/pricing,Direct,Mobile,4,240,0,2026-08-06 07:28:00
sess_000701,2178,/product/analytics,Direct,Desktop,3,47,1,2026-08-03 07:14:00
sess_000702,1279,/solutions/enterprise,GitHub,Mobile,8,9,0,2026-09-14 18:24:00
sess_000703,2828,/docs/api,LinkedIn,Desktop,1,49,0,2026-09-13 00:26:00
sess_000704,1799,/pricing,LinkedIn,Desktop,1,242,0,2026-08-19 04:48:00
sess_000705,2152,/signup,Direct,Desktop,7,141,0,2026-08-25 04:31:00
sess_000706,3156,/signup,LinkedIn,Desktop,3,147,0,2026-08-22 22:42:00
sess_000707,2745,/pricing,LinkedIn,Mobile,3,100,0,2026-08-27 20:15:00
sess_000708,2692,/pricing,Direct,Desktop,4,33,1,2026-08-30 23:22:00
sess_000709,1517,/pricing,Google Ads,Desktop,1,48,0,2026-09-08 00:40:00
sess_000710,3232,/docs/api,Organic Search,Mobile,3,41,0,2026-08-28 03:32:00
sess_000711,3061,/pricing,GitHub,Desktop,2,226,0,2026-09-10 10:03:00
sess_000712,1970,/home,Google Ads,Desktop,2,343,0,2026-08-08 05:23:00
sess_000713,3116,/home,Direct,Mobile,6,53,0,2026-09-07 23:02:00
sess_000714,2621,/signup,Google Ads,Desktop,1,39,0,2026-09-10 00:33:00
sess_000715,2586,/pricing,Google Ads,Desktop,1,57,0,2026-08-22 05:41:00
sess_000716,1524,/signup,Direct,Mobile,2,507,0,2026-08-22 07:41:00
sess_000717,1331,/product/analytics,Google Ads,Desktop,1,48,0,2026-08-21 21:13:00
sess_000718,2640,/home,Organic Search,Desktop,5,215,0,2026-08-31 10:40:00
sess_000719,1643,/solutions/enterprise,Direct,Mobile,1,27,0,2026-08-01 08:35:00
sess_000720,2061,/signup,Organic Search,Mobile,8,199,0,2026-08-14 14:13:00
sess_000721,2533,/product/analytics,Organic Search,Desktop,1,55,0,2026-08-07 10:01:00
sess_000722,2667,/pricing,GitHub,Desktop,7,331,0,2026-09-09 22:11:00
sess_000723,3357,/docs/api,Direct,Mobile,1,9,0,2026-09-06 04:06:00
sess_000724,1414,/signup,LinkedIn,Desktop,1,129,0,2026-08-29 17:54:00
sess_000725,1433,/product/analytics,Direct,Mobile,2,200,0,2026-08-04 08:12:00
sess_000726,1973,/solutions/enterprise,Direct,Mobile,2,249,0,2026-09-04 21:54:00
sess_000727,1226,/signup,Organic Search,Desktop,3,420,0,2026-08-31 07:37:00
sess_000728,3256,/product/analytics,LinkedIn,Tablet,3,181,0,2026-08-18 14:31:00
sess_000729,2851,/home,Google Ads,Mobile,8,29,0,2026-08-11 14:09:00
sess_000730,2439,/home,Direct,Mobile,9,236,1,2026-08-27 07:27:00
sess_000731,3487,/docs/api,Google Ads,Desktop,2,140,0,2026-08-10 08:16:00
sess_000732,1055,/signup,Direct,Desktop,1,23,0,2026-08-08 20:52:00
sess_000733,2622,/signup,Google Ads,Desktop,1,32,1,2026-08-12 13:49:00
sess_000734,1289,/product/analytics,LinkedIn,Desktop,1,322,0,2026-08-03 13:18:00
sess_000735,2704,/signup,Direct,Mobile,1,155,0,2026-09-14 17:42:00
sess_000736,3261,/signup,GitHub,Desktop,7,35,0,2026-09-09 20:44:00
sess_000737,1833,/docs/api,Direct,Desktop,2,284,1,2026-09-12 05:07:00
sess_000738,1509,/product/analytics,Google Ads,Mobile,3,163,0,2026-09-09 03:03:00
sess_000739,1269,/pricing,LinkedIn,Desktop,12,37,0,2026-08-19 04:32:00
sess_000740,2189,/product/analytics,Direct,Mobile,1,112,0,2026-09-11 09:56:00
sess_000741,2828,/signup,Organic Search,Desktop,5,480,0,2026-09-05 00:01:00
sess_000742,1371,/product/analytics,Referral,Tablet,4,255,0,2026-08-04 06:34:00
sess_000743,3059,/pricing,Organic Search,Desktop,5,93,0,2026-08-05 06:58:00
sess_000744,1987,/solutions/enterprise,GitHub,Desktop,1,5,0,2026-09-06 22:38:00
sess_000745,2463,/home,Direct,Desktop,2,51,0,2026-09-14 21:09:00
sess_000746,1574,/product/analytics,LinkedIn,Desktop,3,40,0,2026-09-06 09:32:00
sess_000747,1904,/docs/api,Organic Search,Desktop,5,90,0,2026-08-15 12:58:00
sess_000748,2878,/pricing,Direct,Desktop,4,390,0,2026-08-05 20:23:00
sess_000749,2053,/solutions/enterprise,Organic Search,Desktop,3,40,0,2026-09-07 12:30:00
sess_000750,1341,/home,Referral,Desktop,2,14,0,2026-08-06 21:23:00
sess_000751,3102,/home,Organic Search,Desktop,8,30,1,2026-09-06 08:25:00
sess_000752,1197,/docs/api,Direct,Mobile,1,111,0,2026-08-16 20:38:00
sess_000753,2329,/solutions/enterprise,Organic Search,Mobile,1,17,0,2026-08-03 14:28:00
sess_000754,3244,/docs/api,Google Ads,Mobile,1,151,0,2026-09-02 16:22:00
sess_000755,2325,/home,Direct,Desktop,1,62,0,2026-09-04 12:45:00
sess_000756,1977,/signup,Organic Search,Desktop,6,89,0,2026-08-24 07:59:00
sess_000757,2570,/product/analytics,Direct,Desktop,3,35,0,2026-08-15 03:50:00
sess_000758,1198,/pricing,Organic Search,Desktop,8,251,0,2026-09-01 10:33:00
sess_000759,2121,/pricing,Organic Search,Desktop,7,91,0,2026-08-24 00:01:00
sess_000760,1869,/docs/api,Direct,Desktop,2,27,0,2026-08-02 22:02:00
sess_000761,3066,/product/analytics,Direct,Desktop,3,85,0,2026-08-17 08:21:00
sess_000762,1172,/home,Organic Search,Desktop,2,744,0,2026-08-12 22:03:00
sess_000763,3357,/pricing,Organic Search,Mobile,6,230,0,2026-09-06 23:27:00
sess_000764,1703,/pricing,Direct,Mobile,4,371,0,2026-09-12 21:27:00
sess_000765,1458,/docs/api,Google Ads,Desktop,1,405,0,2026-08-10 08:07:00
sess_000766,2960,/solutions/enterprise,Google Ads,Desktop,1,148,0,2026-08-24 07:36:00
sess_000767,2424,/pricing,Organic Search,Desktop,4,151,0,2026-08-09 13:56:00
sess_000768,1778,/signup,LinkedIn,Desktop,1,431,0,2026-08-03 05:00:00
sess_000769,2662,/docs/api,Organic Search,Desktop,3,376,0,2026-08-10 04:57:00
sess_000770,2666,/home,Direct,Desktop,1,231,0,2026-09-08 22:26:00
sess_000771,1791,/pricing,Google Ads,Desktop,4,315,0,2026-09-01 16:10:00
sess_000772,2786,/docs/api,Direct,Desktop,1,248,0,2026-09-11 12:52:00
sess_000773,2402,/solutions/enterprise,Direct,Desktop,4,71,0,2026-09-08 19:33:00
sess_000774,3329,/product/analytics,GitHub,Mobile,2,28,1,2026-09-12 06:16:00
sess_000775,3372,/pricing,Organic Search,Desktop,2,232,0,2026-09-06 11:04:00
sess_000776,1663,/docs/api,Organic Search,Desktop,2,429,0,2026-08-02 18:43:00
sess_000777,2689,/product/analytics,GitHub,Mobile,1,696,1,2026-08-28 16:25:00
sess_000778,2771,/solutions/enterprise,GitHub,Desktop,8,14,0,2026-09-12 08:04:00
sess_000779,1291,/signup,Direct,Desktop,1,187,0,2026-08-11 18:15:00
sess_000780,1719,/pricing,Direct,Desktop,2,177,0,2026-08-15 13:17:00
sess_000781,1990,/docs/api,Organic Search,Mobile,1,87,0,2026-09-02 17:12:00
sess_000782,2809,/product/analytics,GitHub,Desktop,2,149,1,2026-08-16 08:14:00
sess_000783,1607,/home,Direct,Desktop,1,114,0,2026-09-04 01:04:00
sess_000784,1321,/home,Direct,Desktop,2,470,0,2026-09-09 06:42:00
sess_000785,2648,/docs/api,Organic Search,Mobile,1,68,0,2026-08-11 04:59:00
sess_000786,2161,/product/analytics,LinkedIn,Desktop,3,40,1,2026-08-12 16:35:00
sess_000787,1495,/home,LinkedIn,Mobile,1,206,0,2026-09-06 02:23:00
sess_000788,2421,/pricing,Organic Search,Desktop,2,65,0,2026-08-14 03:36:00
sess_000789,2907,/docs/api,GitHub,Desktop,1,15,0,2026-09-05 07:39:00
sess_000790,2198,/solutions/enterprise,Organic Search,Desktop,2,296,0,2026-08-05 18:54:00
sess_000791,1822,/signup,GitHub,Desktop,2,75,0,2026-08-17 09:36:00
sess_000792,1219,/pricing,LinkedIn,Desktop,3,885,0,2026-08-18 18:53:00
sess_000793,2175,/docs/api,Google Ads,Desktop,4,72,0,2026-08-15 17:30:00
sess_000794,1757,/home,LinkedIn,Mobile,2,151,0,2026-08-06 18:37:00
sess_000795,2575,/solutions/enterprise,Direct,Tablet,8,36,1,2026-08-20 13:45:00
sess_000796,1190,/pricing,Organic Search,Desktop,4,142,0,2026-08-11 13:34:00
sess_000797,2697,/signup,LinkedIn,Desktop,2,60,0,2026-08-23 07:59:00
sess_000798,2342,/product/analytics,Organic Search,Tablet,1,211,0,2026-08-08 19:19:00
sess_000799,1872,/solutions/enterprise,Organic Search,Desktop,3,10,0,2026-08-11 20:12:00
sess_000800,1686,/signup,Organic Search,Desktop,3,221,1,2026-08-11 22:25:00
sess_000801,1732,/home,Google Ads,Tablet,1,136,0,2026-08-17 04:31:00
sess_000802,1172,/signup,Google Ads,Desktop,6,91,0,2026-08-10 09:31:00
sess_000803,3280,/solutions/enterprise,Organic Search,Mobile,2,17,0,2026-09-05 03:28:00
sess_000804,1750,/home,Organic Search,Desktop,1,16,0,2026-09-14 16:25:00
sess_000805,1650,/docs/api,Direct,Mobile,3,287,0,2026-09-07 02:50:00
sess_000806,1084,/signup,Organic Search,Tablet,2,247,0,2026-09-09 11:34:00
sess_000807,1023,/pricing,LinkedIn,Tablet,3,117,0,2026-09-13 02:05:00
sess_000808,2762,/signup,Organic Search,Desktop,1,6,0,2026-08-26 22:43:00
sess_000809,2506,/docs/api,Organic Search,Mobile,1,306,0,2026-08-16 03:39:00
sess_000810,3364,/solutions/enterprise,Organic Search,Mobile,2,202,1,2026-08-29 14:22:00
sess_000811,2262,/docs/api,Organic Search,Mobile,1,19,0,2026-08-20 20:49:00
sess_000812,1788,/pricing,Organic Search,Desktop,1,63,0,2026-08-03 14:11:00
sess_000813,1259,/solutions/enterprise,Referral,Desktop,4,17,0,2026-09-08 00:28:00
sess_000814,1611,/docs/api,LinkedIn,Desktop,1,372,0,2026-09-07 22:01:00
sess_000815,2244,/signup,Organic Search,Mobile,6,131,0,2026-09-14 00:17:00
sess_000816,1244,/docs/api,Direct,Mobile,3,89,0,2026-08-09 10:37:00
sess_000817,3438,/docs/api,Organic Search,Desktop,3,184,0,2026-08-28 18:34:00
sess_000818,1384,/product/analytics,LinkedIn,Desktop,2,251,0,2026-08-13 21:50:00
sess_000819,1452,/solutions/enterprise,Google Ads,Desktop,1,195,0,2026-08-12 19:47:00
sess_000820,2100,/pricing,Direct,Desktop,1,322,0,2026-08-21 02:07:00
sess_000821,1507,/solutions/enterprise,Direct,Desktop,4,167,0,2026-08-08 18:02:00
sess_000822,2227,/signup,Direct,Mobile,4,5,0,2026-08-11 22:19:00
sess_000823,2652,/solutions/enterprise,Direct,Mobile,2,31,0,2026-08-22 16:49:00
sess_000824,3107,/docs/api,Organic Search,Desktop,5,368,1,2026-09-05 07:58:00
sess_000825,1496,/home,Direct,Mobile,5,29,0,2026-08-17 14:35:00
sess_000826,2534,/docs/api,Referral,Desktop,2,178,0,2026-08-09 16:30:00
sess_000827,1253,/home,Google Ads,Mobile,3,46,0,2026-08-11 23:34:00
sess_000828,1881,/product/analytics,Google Ads,Mobile,7,586,0,2026-09-13 00:50:00
sess_000829,2032,/product/analytics,Organic Search,Desktop,1,50,0,2026-09-02 15:34:00
sess_000830,1428,/home,LinkedIn,Desktop,1,85,0,2026-08-09 18:09:00
sess_000831,2873,/docs/api,GitHub,Desktop,2,272,0,2026-08-09 09:49:00
sess_000832,3150,/docs/api,Organic Search,Desktop,2,198,0,2026-09-06 20:51:00
sess_000833,2935,/solutions/enterprise,GitHub,Mobile,1,74,0,2026-09-01 21:30:00
sess_000834,1440,/solutions/enterprise,Organic Search,Desktop,1,220,0,2026-08-17 19:02:00
sess_000835,1859,/product/analytics,Referral,Desktop,1,708,0,2026-08-06 04:29:00
sess_000836,3328,/solutions/enterprise,Organic Search,Desktop,1,33,0,2026-08-16 19:07:00
sess_000837,2813,/solutions/enterprise,Direct,Mobile,2,54,0,2026-08-05 09:09:00
sess_000838,1438,/solutions/enterprise,Organic Search,Desktop,1,112,0,2026-08-03 19:14:00
sess_000839,2825,/product/analytics,Organic Search,Desktop,3,72,0,2026-08-02 12:44:00
sess_000840,3319,/solutions/enterprise,Google Ads,Mobile,4,73,0,2026-08-15 00:55:00
sess_000841,3341,/home,Organic Search,Mobile,5,105,0,2026-09-09 08:26:00
sess_000842,3389,/pricing,Google Ads,Desktop,6,285,0,2026-09-01 22:48:00
sess_000843,2695,/pricing,GitHub,Desktop,1,84,0,2026-08-19 15:58:00
sess_000844,2450,/solutions/enterprise,GitHub,Mobile,1,58,0,2026-09-13 03:27:00
sess_000845,2494,/solutions/enterprise,Google Ads,Mobile,5,149,0,2026-08-20 20:35:00
sess_000846,3070,/solutions/enterprise,Referral,Tablet,1,374,0,2026-08-10 17:19:00
sess_000847,1985,/home,Organic Search,Desktop,4,221,1,2026-08-14 12:08:00
sess_000848,2059,/product/analytics,Referral,Desktop,1,79,0,2026-08-12 12:12:00
sess_000849,1433,/pricing,Organic Search,Desktop,2,649,0,2026-08-07 00:02:00
sess_000850,2640,/docs/api,Organic Search,Desktop,10,216,0,2026-08-10 08:47:00
sess_000851,3041,/solutions/enterprise,Organic Search,Mobile,3,31,0,2026-08-29 10:05:00
sess_000852,2389,/docs/api,LinkedIn,Mobile,2,218,0,2026-08-27 08:49:00
sess_000853,1899,/signup,Organic Search,Tablet,4,430,0,2026-08-19 07:35:00
sess_000854,3494,/home,Organic Search,Desktop,1,120,0,2026-09-13 06:01:00
sess_000855,2747,/signup,LinkedIn,Desktop,9,240,0,2026-08-15 00:21:00
sess_000856,1974,/product/analytics,Direct,Mobile,2,34,0,2026-09-09 21:11:00
sess_000857,1893,/docs/api,Organic Search,Desktop,11,26,0,2026-08-06 04:50:00
sess_000858,3357,/solutions/enterprise,Direct,Desktop,4,183,0,2026-08-03 09:32:00
sess_000859,1078,/solutions/enterprise,Organic Search,Desktop,1,97,0,2026-08-13 15:09:00
sess_000860,2484,/home,Direct,Desktop,3,115,0,2026-08-23 13:51:00
sess_000861,1059,/signup,Direct,Desktop,2,71,0,2026-08-12 01:18:00
sess_000862,3430,/solutions/enterprise,Referral,Desktop,3,114,0,2026-09-13 09:27:00
sess_000863,2557,/docs/api,Google Ads,Desktop,5,23,0,2026-08-06 05:14:00
sess_000864,3496,/product/analytics,Organic Search,Tablet,2,25,0,2026-09-05 03:41:00
sess_000865,2600,/solutions/enterprise,Organic Search,Mobile,1,110,0,2026-08-16 05:45:00
sess_000866,1886,/solutions/enterprise,GitHub,Mobile,12,113,0,2026-09-02 12:41:00
sess_000867,1992,/docs/api,Direct,Tablet,2,374,0,2026-08-29 17:37:00
sess_000868,2728,/product/analytics,Google Ads,Desktop,1,77,0,2026-08-14 08:30:00
sess_000869,2751,/docs/api,Direct,Desktop,4,208,0,2026-08-07 00:26:00
sess_000870,3278,/home,Google Ads,Mobile,3,70,0,2026-08-03 21:00:00
sess_000871,2148,/solutions/enterprise,Organic Search,Mobile,5,71,0,2026-08-08 05:16:00
sess_000872,3051,/pricing,LinkedIn,Desktop,1,227,0,2026-09-09 21:42:00
sess_000873,1216,/home,Google Ads,Mobile,2,153,0,2026-08-08 18:04:00
sess_000874,2230,/signup,Organic Search,Desktop,2,89,0,2026-09-08 00:46:00
sess_000875,1471,/signup,Direct,Desktop,8,123,0,2026-08-21 08:13:00
sess_000876,2754,/signup,Direct,Mobile,2,339,0,2026-08-01 20:14:00
sess_000877,2964,/pricing,Google Ads,Desktop,3,251,0,2026-08-25 04:01:00
sess_000878,3405,/docs/api,GitHub,Desktop,1,496,0,2026-08-09 05:03:00
sess_000879,2245,/pricing,Direct,Desktop,5,382,0,2026-08-07 16:11:00
sess_000880,3396,/product/analytics,LinkedIn,Desktop,1,204,0,2026-08-09 03:25:00
sess_000881,2789,/solutions/enterprise,GitHub,Desktop,6,42,0,2026-09-12 22:50:00
sess_000882,3308,/product/analytics,Organic Search,Desktop,4,85,0,2026-08-27 06:06:00
sess_000883,1337,/product/analytics,Google Ads,Desktop,3,150,0,2026-08-21 18:09:00
sess_000884,1462,/docs/api,Organic Search,Desktop,4,11,0,2026-08-10 23:32:00
sess_000885,2625,/product/analytics,Direct,Desktop,5,210,0,2026-08-06 12:10:00
sess_000886,2786,/pricing,GitHub,Desktop,4,709,0,2026-09-04 05:17:00
sess_000887,1769,/signup,Direct,Desktop,4,321,0,2026-08-16 16:12:00
sess_000888,2112,/home,Organic Search,Desktop,6,214,0,2026-08-16 01:28:00
sess_000889,3207,/signup,GitHub,Desktop,2,208,0,2026-09-14 19:29:00
sess_000890,1441,/home,Direct,Desktop,3,414,0,2026-08-03 11:42:00
sess_000891,3492,/home,Organic Search,Desktop,10,71,0,2026-08-23 09:48:00
sess_000892,2507,/pricing,Organic Search,Desktop,2,111,1,2026-08-09 01:12:00
sess_000893,3251,/solutions/enterprise,Organic Search,Desktop,4,199,0,2026-08-30 17:00:00
sess_000894,2725,/pricing,Organic Search,Desktop,2,158,0,2026-08-08 07:51:00
sess_000895,2038,/home,LinkedIn,Desktop,2,339,0,2026-08-17 11:53:00
sess_000896,2094,/solutions/enterprise,Direct,Desktop,2,87,0,2026-09-11 23:15:00
sess_000897,1382,/docs/api,Google Ads,Desktop,1,101,0,2026-08-20 00:04:00
sess_000898,2273,/pricing,Direct,Desktop,11,56,0,2026-08-26 12:44:00
sess_000899,2063,/product/analytics,Organic Search,Mobile,2,188,0,2026-08-19 18:13:00
sess_000900,1237,/product/analytics,Organic Search,Desktop,1,94,0,2026-08-27 02:48:00
sess_000901,3422,/product/analytics,Organic Search,Desktop,3,148,0,2026-08-09 19:37:00
sess_000902,1837,/pricing,GitHub,Desktop,1,16,0,2026-09-07 02:36:00
sess_000903,1045,/docs/api,Organic Search,Tablet,3,224,0,2026-08-15 23:49:00
sess_000904,1071,/solutions/enterprise,Direct,Desktop,3,141,0,2026-08-18 12:05:00
sess_000905,1803,/pricing,Google Ads,Mobile,1,249,0,2026-08-02 12:58:00
sess_000906,3359,/pricing,GitHub,Desktop,9,56,0,2026-09-10 07:10:00
sess_000907,1964,/pricing,Organic Search,Mobile,3,353,0,2026-08-21 05:57:00
sess_000908,1588,/solutions/enterprise,Organic Search,Desktop,1,373,0,2026-08-06 12:41:00
sess_000909,2685,/docs/api,Organic Search,Desktop,6,108,0,2026-08-18 09:20:00
sess_000910,1011,/pricing,Organic Search,Desktop,2,23,0,2026-09-07 01:36:00
sess_000911,1287,/signup,Direct,Mobile,4,132,0,2026-08-15 00:30:00
sess_000912,1549,/home,LinkedIn,Desktop,3,192,0,2026-09-02 20:24:00
sess_000913,1444,/solutions/enterprise,LinkedIn,Mobile,1,169,0,2026-08-14 04:09:00
sess_000914,3256,/signup,Organic Search,Desktop,1,415,0,2026-08-06 09:03:00
sess_000915,1847,/docs/api,LinkedIn,Desktop,3,455,0,2026-08-13 13:49:00
sess_000916,3404,/home,Organic Search,Mobile,4,180,0,2026-08-26 22:41:00
sess_000917,2604,/pricing,GitHub,Desktop,1,190,0,2026-09-09 17:24:00
sess_000918,2991,/signup,Google Ads,Desktop,1,30,0,2026-09-08 15:52:00
sess_000919,2606,/signup,Direct,Mobile,1,94,0,2026-08-12 13:25:00
sess_000920,2784,/home,Organic Search,Desktop,1,77,0,2026-09-05 08:56:00
sess_000921,3266,/product/analytics,Referral,Mobile,3,81,0,2026-09-06 08:13:00
sess_000922,3124,/signup,Google Ads,Desktop,1,238,0,2026-08-09 18:05:00
sess_000923,2250,/docs/api,Organic Search,Mobile,1,125,0,2026-08-31 23:29:00
sess_000924,1912,/signup,Direct,Desktop,3,130,0,2026-08-16 09:45:00
sess_000925,1381,/signup,Organic Search,Mobile,2,56,0,2026-08-09 21:46:00
sess_000926,2993,/signup,Organic Search,Desktop,6,37,0,2026-09-13 05:52:00
sess_000927,1063,/signup,Organic Search,Desktop,3,99,0,2026-08-28 13:49:00
sess_000928,1124,/docs/api,LinkedIn,Tablet,1,15,0,2026-08-31 15:13:00
sess_000929,1886,/product/analytics,Organic Search,Mobile,2,36,0,2026-08-24 04:17:00
sess_000930,1761,/signup,Organic Search,Desktop,1,312,0,2026-08-14 07:16:00
sess_000931,2509,/home,Organic Search,Desktop,1,108,0,2026-08-09 22:24:00
sess_000932,1141,/docs/api,Organic Search,Mobile,1,679,0,2026-09-03 13:02:00
sess_000933,1036,/pricing,Google Ads,Desktop,2,5,0,2026-08-19 05:51:00
sess_000934,1583,/product/analytics,LinkedIn,Desktop,1,460,0,2026-08-06 22:34:00
sess_000935,1819,/docs/api,Direct,Desktop,1,195,0,2026-08-09 15:29:00
sess_000936,2993,/signup,Organic Search,Desktop,4,180,0,2026-08-03 10:22:00
sess_000937,2696,/docs/api,Google Ads,Desktop,5,335,0,2026-09-02 19:00:00
sess_000938,1356,/signup,GitHub,Desktop,1,182,0,2026-08-20 00:45:00
sess_000939,1915,/solutions/enterprise,Direct,Desktop,1,11,0,2026-08-30 12:20:00
sess_000940,3258,/signup,Organic Search,Desktop,6,429,0,2026-08-29 08:22:00
sess_000941,1188,/home,LinkedIn,Desktop,1,376,0,2026-08-30 12:51:00
sess_000942,3229,/product/analytics,Organic Search,Desktop,2,137,0,2026-08-27 01:01:00
sess_000943,1503,/docs/api,Organic Search,Desktop,2,29,0,2026-08-12 13:09:00
sess_000944,2730,/product/analytics,Direct,Desktop,6,315,0,2026-09-06 03:43:00
sess_000945,1239,/pricing,Organic Search,Desktop,1,140,0,2026-09-14 19:01:00
sess_000946,2017,/solutions/enterprise,GitHub,Desktop,5,76,0,2026-09-05 00:40:00
sess_000947,2058,/signup,Google Ads,Desktop,2,906,0,2026-08-16 00:12:00
sess_000948,1235,/home,Organic Search,Desktop,5,37,0,2026-09-09 22:26:00
sess_000949,3188,/signup,Referral,Desktop,4,37,0,2026-08-13 00:24:00
sess_000950,3137,/home,Direct,Desktop,4,169,0,2026-08-19 03:57:00
sess_000951,1150,/pricing,Direct,Desktop,1,60,0,2026-08-07 07:24:00
sess_000952,2511,/docs/api,Direct,Mobile,2,100,0,2026-08-24 12:56:00
sess_000953,2071,/solutions/enterprise,LinkedIn,Desktop,1,54,1,2026-09-13 23:56:00
sess_000954,2132,/home,Organic Search,Desktop,1,279,0,2026-09-02 21:32:00
sess_000955,3125,/signup,GitHub,Desktop,3,62,0,2026-09-04 04:12:00
sess_000956,3023,/product/analytics,Organic Search,Mobile,4,337,0,2026-08-21 23:57:00
sess_000957,3044,/pricing,LinkedIn,Mobile,1,244,0,2026-08-23 11:13:00
sess_000958,1563,/signup,Google Ads,Desktop,5,68,0,2026-09-13 18:07:00
sess_000959,1353,/home,GitHub,Mobile,1,293,0,2026-09-08 07:57:00
sess_000960,1743,/signup,Direct,Desktop,2,74,1,2026-08-19 08:49:00
sess_000961,3267,/docs/api,LinkedIn,Desktop,15,98,1,2026-08-16 10:46:00
sess_000962,2562,/solutions/enterprise,Organic Search,Mobile,1,19,0,2026-09-06 20:07:00
sess_000963,2858,/home,Google Ads,Mobile,1,156,0,2026-08-19 14:58:00
sess_000964,3150,/docs/api,Google Ads,Desktop,1,309,0,2026-08-09 03:18:00
sess_000965,3405,/docs/api,Direct,Mobile,8,180,0,2026-09-02 14:30:00
sess_000966,1708,/pricing,Organic Search,Desktop,1,149,0,2026-08-03 16:54:00
sess_000967,1826,/signup,Direct,Mobile,3,415,0,2026-08-04 23:29:00
sess_000968,1847,/docs/api,Organic Search,Mobile,5,109,0,2026-08-02 03:51:00
sess_000969,1670,/pricing,LinkedIn,Mobile,8,988,0,2026-08-22 15:11:00
sess_000970,2621,/product/analytics,GitHub,Desktop,2,116,0,2026-08-30 02:33:00
sess_000971,1898,/signup,LinkedIn,Mobile,2,190,0,2026-08-09 21:51:00
sess_000972,2761,/pricing,Direct,Mobile,5,13,0,2026-08-16 04:23:00
sess_000973,1588,/home,Referral,Desktop,1,220,0,2026-09-07 22:05:00
sess_000974,2021,/pricing,Direct,Desktop,2,74,1,2026-08-19 17:08:00
sess_000975,1993,/solutions/enterprise,Organic Search,Desktop,3,29,1,2026-09-05 11:02:00
sess_000976,3057,/product/analytics,LinkedIn,Desktop,4,33,0,2026-08-03 07:34:00
sess_000977,1451,/pricing,Direct,Desktop,1,132,0,2026-08-18 00:41:00
sess_000978,3483,/product/analytics,Referral,Desktop,6,165,0,2026-08-29 23:47:00
sess_000979,2021,/signup,GitHub,Desktop,5,223,0,2026-08-25 18:05:00
sess_000980,2246,/pricing,GitHub,Desktop,2,111,0,2026-08-12 03:00:00
sess_000981,1685,/docs/api,Organic Search,Mobile,2,365,1,2026-09-10 05:47:00
sess_000982,3050,/docs/api,Organic Search,Desktop,2,17,0,2026-08-17 06:52:00
sess_000983,1830,/signup,LinkedIn,Desktop,12,28,1,2026-08-04 03:49:00
sess_000984,1939,/home,Organic Search,Desktop,3,51,0,2026-08-19 20:53:00
sess_000985,2604,/docs/api,LinkedIn,Desktop,1,24,0,2026-09-13 16:09:00
sess_000986,1892,/solutions/enterprise,LinkedIn,Desktop,4,258,0,2026-08-15 15:36:00
sess_000987,1310,/docs/api,LinkedIn,Desktop,5,86,0,2026-08-03 09:38:00
sess_000988,3105,/solutions/enterprise,Direct,Mobile,4,171,0,2026-08-27 10:12:00
sess_000989,1061,/pricing,LinkedIn,Desktop,1,265,1,2026-08-15 14:08:00
sess_000990,1996,/signup,Google Ads,Desktop,1,147,0,2026-08-02 04:16:00
sess_000991,2030,/pricing,LinkedIn,Mobile,2,142,0,2026-08-26 23:05:00
sess_000992,1274,/solutions/enterprise,Google Ads,Desktop,1,112,0,2026-08-28 09:40:00
sess_000993,1080,/home,GitHub,Desktop,2,219,0,2026-08-16 17:34:00
sess_000994,1431,/docs/api,Organic Search,Desktop,2,140,0,2026-08-10 12:48:00
sess_000995,2484,/solutions/enterprise,GitHub,Desktop,1,98,0,2026-08-05 02:02:00
sess_000996,3232,/docs/api,Organic Search,Desktop,3,178,0,2026-09-02 04:43:00
sess_000997,2792,/product/analytics,Direct,Desktop,2,591,1,2026-08-31 08:54:00
sess_000998,1279,/home,GitHub,Mobile,1,302,0,2026-08-30 23:37:00
sess_000999,1669,/pricing,LinkedIn,Desktop,8,111,0,2026-09-01 00:23:00
sess_001000,2306,/solutions/enterprise,Organic Search,Mobile,3,173,0,2026-08-18 07:41:00
sess_001001,1834,/product/analytics,Direct,Tablet,1,94,1,2026-08-28 01:29:00
sess_001002,2523,/signup,GitHub,Desktop,7,137,0,2026-08-14 23:43:00
sess_001003,2743,/solutions/enterprise,Direct,Tablet,2,243,1,2026-08-05 21:18:00
sess_001004,1003,/signup,Google Ads,Desktop,1,332,1,2026-09-12 07:13:00
sess_001005,1696,/solutions/enterprise,Google Ads,Desktop,1,16,0,2026-08-09 20:02:00
sess_001006,1895,/signup,GitHub,Mobile,4,37,0,2026-08-24 17:17:00
sess_001007,2408,/solutions/enterprise,Organic Search,Tablet,10,161,0,2026-08-28 15:37:00
sess_001008,1224,/solutions/enterprise,Direct,Tablet,1,223,0,2026-08-22 05:59:00
sess_001009,3091,/pricing,Organic Search,Mobile,2,199,0,2026-08-10 14:39:00
sess_001010,1620,/pricing,Direct,Desktop,1,56,1,2026-09-13 21:30:00
sess_001011,2881,/pricing,Organic Search,Desktop,3,196,0,2026-08-15 09:03:00
sess_001012,1870,/home,Organic Search,Desktop,6,116,1,2026-08-21 15:57:00
sess_001013,3051,/signup,Referral,Mobile,1,55,0,2026-08-09 02:56:00
sess_001014,2952,/pricing,LinkedIn,Desktop,1,393,1,2026-09-11 03:24:00
sess_001015,1433,/docs/api,Organic Search,Desktop,1,140,0,2026-09-06 16:24:00
sess_001016,2916,/pricing,Direct,Desktop,1,362,0,2026-09-10 10:12:00
sess_001017,1522,/solutions/enterprise,LinkedIn,Mobile,1,102,0,2026-08-14 23:10:00
sess_001018,2809,/solutions/enterprise,LinkedIn,Desktop,3,185,0,2026-09-13 00:47:00
sess_001019,1464,/docs/api,Direct,Desktop,1,310,0,2026-08-27 07:05:00
sess_001020,2709,/product/analytics,LinkedIn,Mobile,4,76,0,2026-09-01 10:24:00
sess_001021,2757,/solutions/enterprise,Organic Search,Desktop,1,355,1,2026-08-18 19:06:00
sess_001022,1480,/solutions/enterprise,Direct,Mobile,1,82,0,2026-08-21 07:10:00
sess_001023,1166,/pricing,Google Ads,Mobile,2,45,0,2026-08-04 15:53:00
sess_001024,2103,/pricing,Direct,Mobile,2,247,0,2026-08-21 22:31:00
sess_001025,1288,/solutions/enterprise,GitHub,Mobile,1,78,0,2026-08-14 02:16:00
sess_001026,1878,/docs/api,Direct,Tablet,2,556,0,2026-08-25 10:16:00
sess_001027,2473,/solutions/enterprise,Organic Search,Desktop,7,298,0,2026-09-05 07:06:00
sess_001028,2668,/pricing,Organic Search,Desktop,2,52,0,2026-09-07 00:58:00
sess_001029,1159,/signup,Direct,Mobile,1,780,0,2026-08-11 07:36:00
sess_001030,3189,/pricing,Direct,Mobile,2,86,0,2026-09-11 08:53:00
sess_001031,2401,/pricing,Organic Search,Desktop,2,151,0,2026-09-08 01:14:00
sess_001032,2445,/docs/api,Direct,Desktop,1,18,0,2026-08-08 11:18:00
sess_001033,2782,/solutions/enterprise,Organic Search,Mobile,1,12,0,2026-08-03 12:11:00
sess_001034,2709,/pricing,Organic Search,Mobile,1,68,0,2026-08-14 11:41:00
sess_001035,3231,/product/analytics,LinkedIn,Mobile,9,7,0,2026-08-11 17:01:00
sess_001036,3000,/signup,GitHub,Desktop,3,63,0,2026-09-10 11:34:00
sess_001037,3122,/pricing,Organic Search,Desktop,3,137,0,2026-08-26 08:35:00
sess_001038,1774,/home,Organic Search,Mobile,2,216,0,2026-09-11 16:18:00
sess_001039,1396,/product/analytics,Direct,Desktop,3,57,0,2026-08-04 14:32:00
sess_001040,1626,/pricing,Organic Search,Desktop,2,99,0,2026-08-11 00:34:00
sess_001041,1664,/home,Organic Search,Mobile,4,91,0,2026-08-18 13:18:00
sess_001042,2009,/docs/api,Referral,Desktop,1,76,0,2026-08-16 03:30:00
sess_001043,2135,/home,Google Ads,Desktop,1,93,1,2026-08-27 10:52:00
sess_001044,3187,/solutions/enterprise,LinkedIn,Desktop,3,125,0,2026-08-23 14:39:00
sess_001045,2294,/signup,Organic Search,Desktop,4,44,0,2026-08-05 16:03:00
sess_001046,1614,/solutions/enterprise,Organic Search,Mobile,4,117,0,2026-08-01 21:29:00
sess_001047,1415,/docs/api,Direct,Desktop,2,59,0,2026-08-04 19:37:00
sess_001048,1975,/docs/api,LinkedIn,Mobile,1,16,0,2026-08-11 07:53:00
sess_001049,2075,/docs/api,LinkedIn,Desktop,1,48,0,2026-08-03 18:06:00
sess_001050,1168,/home,Organic Search,Desktop,2,494,0,2026-08-23 08:34:00
sess_001051,2291,/home,Direct,Desktop,4,131,0,2026-08-27 02:57:00
sess_001052,2983,/docs/api,Organic Search,Desktop,2,733,0,2026-08-11 14:44:00
sess_001053,3004,/home,GitHub,Mobile,3,50,0,2026-08-18 17:14:00
sess_001054,3187,/solutions/enterprise,Direct,Desktop,1,67,0,2026-09-09 13:36:00
sess_001055,1620,/pricing,Direct,Desktop,1,189,0,2026-09-03 07:44:00
sess_001056,2060,/product/analytics,GitHub,Desktop,4,84,0,2026-08-19 05:46:00
sess_001057,1008,/docs/api,GitHub,Desktop,2,85,0,2026-08-13 06:45:00
sess_001058,1184,/solutions/enterprise,Direct,Desktop,9,339,0,2026-08-08 12:59:00
sess_001059,2093,/home,LinkedIn,Desktop,1,10,0,2026-08-23 10:11:00
sess_001060,3279,/product/analytics,Organic Search,Mobile,2,202,0,2026-08-31 04:23:00
sess_001061,2905,/docs/api,Organic Search,Desktop,1,387,0,2026-08-16 11:44:00
sess_001062,2917,/home,Direct,Desktop,1,39,0,2026-08-03 11:05:00
sess_001063,1847,/home,Google Ads,Mobile,3,97,0,2026-08-11 13:18:00
sess_001064,2668,/product/analytics,Direct,Desktop,7,303,0,2026-09-12 01:56:00
sess_001065,1336,/home,Direct,Desktop,1,142,1,2026-09-11 03:54:00
sess_001066,2717,/product/analytics,LinkedIn,Desktop,1,84,0,2026-08-24 15:26:00
sess_001067,1138,/solutions/enterprise,Google Ads,Desktop,9,181,0,2026-08-31 19:40:00
sess_001068,1199,/docs/api,Google Ads,Desktop,4,75,0,2026-08-22 19:08:00
sess_001069,3354,/home,Direct,Desktop,2,182,0,2026-09-09 01:09:00
sess_001070,3078,/pricing,GitHub,Mobile,2,33,0,2026-08-06 22:28:00
sess_001071,2647,/product/analytics,Organic Search,Desktop,5,50,0,2026-09-09 21:46:00
sess_001072,2112,/solutions/enterprise,Direct,Mobile,4,7,0,2026-08-18 06:49:00
sess_001073,2372,/signup,GitHub,Desktop,3,41,0,2026-08-02 14:38:00
sess_001074,1405,/pricing,LinkedIn,Desktop,6,30,0,2026-08-16 01:25:00
sess_001075,3249,/docs/api,LinkedIn,Tablet,2,169,0,2026-08-12 04:34:00
sess_001076,1268,/solutions/enterprise,Organic Search,Desktop,1,525,0,2026-08-08 14:21:00
sess_001077,1335,/product/analytics,Direct,Desktop,2,48,0,2026-09-11 06:48:00
sess_001078,3418,/solutions/enterprise,Referral,Desktop,1,29,0,2026-09-10 06:23:00
sess_001079,1587,/signup,Organic Search,Mobile,2,142,0,2026-08-25 22:38:00
sess_001080,1239,/solutions/enterprise,Organic Search,Desktop,2,40,0,2026-09-03 02:46:00
sess_001081,1806,/solutions/enterprise,Direct,Mobile,1,145,0,2026-08-16 16:25:00
sess_001082,3322,/docs/api,Direct,Desktop,6,131,0,2026-09-02 07:12:00
sess_001083,1828,/pricing,LinkedIn,Desktop,1,8,0,2026-08-27 23:16:00
sess_001084,2119,/solutions/enterprise,Organic Search,Desktop,4,605,0,2026-08-26 05:45:00
sess_001085,2592,/home,Direct,Desktop,4,45,0,2026-08-27 20:44:00
sess_001086,2070,/solutions/enterprise,Direct,Desktop,1,410,0,2026-09-10 19:44:00
sess_001087,2742,/solutions/enterprise,LinkedIn,Desktop,2,91,0,2026-08-18 10:53:00
sess_001088,3082,/docs/api,Organic Search,Desktop,2,36,1,2026-09-14 14:42:00
sess_001089,1723,/docs/api,Direct,Desktop,5,25,0,2026-08-17 03:27:00
sess_001090,1670,/docs/api,LinkedIn,Desktop,3,133,0,2026-08-15 05:17:00
sess_001091,3071,/signup,LinkedIn,Desktop,1,85,0,2026-08-12 23:29:00
sess_001092,1329,/docs/api,Google Ads,Desktop,2,454,0,2026-08-18 03:00:00
sess_001093,1504,/solutions/enterprise,Referral,Desktop,2,45,0,2026-08-24 02:46:00
sess_001094,3429,/solutions/enterprise,Google Ads,Mobile,1,236,0,2026-08-02 18:19:00
sess_001095,1703,/product/analytics,GitHub,Desktop,1,41,0,2026-08-26 02:04:00
sess_001096,3140,/docs/api,Organic Search,Desktop,6,374,0,2026-09-03 20:56:00
sess_001097,2224,/product/analytics,LinkedIn,Desktop,3,133,0,2026-08-15 23:12:00
sess_001098,1649,/pricing,Organic Search,Desktop,2,325,0,2026-08-15 19:18:00
sess_001099,1956,/docs/api,Google Ads,Desktop,4,108,0,2026-09-06 03:25:00
sess_001100,1849,/signup,Google Ads,Desktop,10,39,0,2026-08-09 18:37:00
sess_001101,1953,/signup,Organic Search,Mobile,8,144,0,2026-09-08 23:51:00
sess_001102,1394,/pricing,Direct,Desktop,1,62,1,2026-08-17 15:46:00
sess_001103,3404,/signup,Google Ads,Mobile,2,41,0,2026-09-13 00:01:00
sess_001104,2916,/home,Direct,Desktop,2,426,0,2026-08-05 04:23:00
sess_001105,1931,/solutions/enterprise,Direct,Mobile,3,149,0,2026-08-31 19:02:00
sess_001106,2598,/solutions/enterprise,Organic Search,Mobile,1,294,0,2026-09-05 02:35:00
sess_001107,2059,/product/analytics,LinkedIn,Desktop,8,274,0,2026-08-11 10:40:00
sess_001108,2976,/solutions/enterprise,Organic Search,Desktop,5,5,0,2026-08-09 20:49:00
sess_001109,1471,/pricing,Direct,Desktop,1,395,0,2026-08-19 21:39:00
sess_001110,3326,/solutions/enterprise,GitHub,Desktop,1,272,0,2026-08-17 10:06:00
sess_001111,1437,/docs/api,Direct,Desktop,1,61,0,2026-09-07 15:42:00
sess_001112,2598,/home,Google Ads,Desktop,2,51,0,2026-09-04 11:58:00
sess_001113,1032,/product/analytics,Google Ads,Desktop,7,15,1,2026-08-03 14:42:00
sess_001114,1686,/product/analytics,Organic Search,Desktop,3,22,0,2026-08-27 08:01:00
sess_001115,2554,/product/analytics,GitHub,Tablet,3,43,0,2026-08-21 07:32:00
sess_001116,1929,/docs/api,Organic Search,Desktop,1,5,0,2026-08-27 20:05:00
sess_001117,3157,/solutions/enterprise,Organic Search,Desktop,7,73,0,2026-08-17 12:05:00
sess_001118,2497,/docs/api,GitHub,Mobile,1,464,0,2026-09-13 08:54:00
sess_001119,3051,/pricing,LinkedIn,Desktop,7,150,0,2026-09-09 02:51:00
sess_001120,2120,/signup,Direct,Desktop,2,161,0,2026-08-03 14:36:00
sess_001121,3143,/solutions/enterprise,Organic Search,Desktop,3,53,0,2026-08-15 16:30:00
sess_001122,1692,/docs/api,Direct,Desktop,3,50,0,2026-08-15 01:57:00
sess_001123,2135,/pricing,Referral,Desktop,1,87,1,2026-08-22 03:08:00
sess_001124,2496,/pricing,Organic Search,Desktop,6,59,0,2026-08-09 15:17:00
sess_001125,2656,/docs/api,Google Ads,Mobile,9,356,0,2026-08-07 13:35:00
sess_001126,1917,/docs/api,Organic Search,Desktop,1,40,0,2026-08-28 18:47:00
sess_001127,1417,/home,LinkedIn,Mobile,1,207,0,2026-09-12 19:11:00
sess_001128,1416,/docs/api,LinkedIn,Mobile,3,126,0,2026-08-30 00:27:00
sess_001129,2549,/product/analytics,Organic Search,Mobile,3,208,0,2026-09-14 05:56:00
sess_001130,1305,/solutions/enterprise,Organic Search,Desktop,1,328,0,2026-08-01 04:43:00
sess_001131,2053,/pricing,Organic Search,Desktop,4,80,1,2026-09-06 21:40:00
sess_001132,2493,/product/analytics,Direct,Mobile,1,145,0,2026-08-06 07:06:00
sess_001133,3386,/signup,GitHub,Mobile,9,129,1,2026-08-09 01:14:00
sess_001134,2795,/product/analytics,GitHub,Desktop,5,89,0,2026-08-04 21:10:00
sess_001135,1071,/pricing,Organic Search,Tablet,1,305,0,2026-08-26 18:17:00
sess_001136,2836,/signup,GitHub,Desktop,9,6,0,2026-08-29 16:12:00
sess_001137,2279,/solutions/enterprise,Organic Search,Desktop,1,71,0,2026-08-15 06:02:00
sess_001138,1539,/home,GitHub,Desktop,5,326,0,2026-08-30 10:34:00
sess_001139,2717,/home,Google Ads,Desktop,3,375,0,2026-08-24 07:18:00
sess_001140,1852,/signup,Referral,Desktop,3,217,0,2026-09-07 12:02:00
sess_001141,2856,/product/analytics,Direct,Mobile,8,80,0,2026-08-19 13:20:00
sess_001142,1762,/product/analytics,LinkedIn,Desktop,3,316,0,2026-08-09 19:00:00
sess_001143,1932,/docs/api,LinkedIn,Desktop,6,20,0,2026-09-13 02:01:00
sess_001144,2205,/home,Direct,Desktop,5,60,0,2026-09-05 17:14:00
sess_001145,2377,/home,Referral,Mobile,4,22,0,2026-08-20 11:47:00
sess_001146,2510,/solutions/enterprise,Organic Search,Desktop,2,26,0,2026-09-11 07:28:00
sess_001147,3253,/docs/api,Referral,Desktop,1,166,0,2026-08-22 05:40:00
sess_001148,1251,/pricing,Google Ads,Desktop,1,18,0,2026-08-14 17:09:00
sess_001149,3496,/pricing,LinkedIn,Desktop,3,210,0,2026-08-20 21:42:00
sess_001150,1862,/solutions/enterprise,Organic Search,Desktop,2,82,0,2026-08-20 17:51:00
sess_001151,1171,/pricing,Organic Search,Desktop,1,15,0,2026-08-12 01:45:00
sess_001152,1240,/home,Google Ads,Desktop,10,65,0,2026-09-11 21:30:00
sess_001153,1336,/product/analytics,LinkedIn,Desktop,6,96,0,2026-08-02 14:19:00
sess_001154,1753,/docs/api,Referral,Mobile,2,87,0,2026-09-02 23:11:00
sess_001155,1079,/pricing,Direct,Desktop,6,133,0,2026-09-07 00:08:00
sess_001156,3170,/pricing,GitHub,Desktop,1,130,0,2026-08-13 07:07:00
sess_001157,2956,/pricing,Google Ads,Mobile,1,85,0,2026-09-02 15:47:00
sess_001158,1406,/pricing,Referral,Desktop,9,418,0,2026-08-15 18:24:00
sess_001159,2892,/product/analytics,Organic Search,Mobile,4,49,0,2026-08-22 13:07:00
sess_001160,2691,/product/analytics,Direct,Desktop,5,79,0,2026-09-03 15:06:00
sess_001161,1599,/signup,Organic Search,Mobile,6,150,0,2026-08-06 12:38:00
sess_001162,1862,/solutions/enterprise,Direct,Desktop,1,55,0,2026-08-20 21:52:00
sess_001163,1178,/home,LinkedIn,Mobile,4,34,0,2026-08-19 13:16:00
sess_001164,1129,/pricing,Organic Search,Desktop,2,6,0,2026-08-01 04:40:00
sess_001165,2276,/solutions/enterprise,Organic Search,Desktop,5,528,0,2026-08-14 20:53:00
sess_001166,2094,/home,LinkedIn,Desktop,2,281,0,2026-08-14 02:49:00
sess_001167,2110,/product/analytics,Direct,Desktop,5,400,0,2026-08-04 04:23:00
sess_001168,1860,/pricing,Direct,Mobile,7,12,0,2026-09-14 15:49:00
sess_001169,1412,/product/analytics,Direct,Desktop,2,18,0,2026-09-10 09:49:00
sess_001170,1926,/signup,Direct,Desktop,2,149,0,2026-08-01 06:46:00
sess_001171,2905,/pricing,Organic Search,Desktop,3,9,1,2026-08-13 06:42:00
sess_001172,1946,/product/analytics,Direct,Desktop,4,61,1,2026-09-04 01:59:00
sess_001173,1334,/solutions/enterprise,Organic Search,Desktop,6,652,0,2026-08-27 23:16:00
sess_001174,3044,/solutions/enterprise,Organic Search,Desktop,1,84,1,2026-08-15 20:46:00
sess_001175,2551,/product/analytics,LinkedIn,Mobile,9,703,0,2026-08-29 18:46:00
sess_001176,3055,/product/analytics,LinkedIn,Desktop,5,27,0,2026-08-11 17:42:00
sess_001177,1208,/docs/api,Organic Search,Mobile,1,92,0,2026-08-24 07:33:00
sess_001178,3232,/pricing,Organic Search,Desktop,2,6,0,2026-08-07 16:18:00
sess_001179,2780,/docs/api,Organic Search,Desktop,1,166,0,2026-08-31 15:38:00
sess_001180,1205,/product/analytics,Direct,Desktop,1,80,0,2026-09-06 12:48:00
sess_001181,2457,/solutions/enterprise,Direct,Desktop,3,131,1,2026-09-11 09:41:00
sess_001182,1282,/pricing,GitHub,Desktop,1,290,0,2026-09-12 02:20:00
sess_001183,2695,/solutions/enterprise,Organic Search,Mobile,3,149,0,2026-08-07 15:52:00
sess_001184,2487,/product/analytics,Direct,Mobile,5,201,0,2026-08-08 05:37:00
sess_001185,1923,/docs/api,Direct,Mobile,2,120,0,2026-09-12 17:37:00
sess_001186,2915,/pricing,GitHub,Desktop,2,253,0,2026-08-28 10:01:00
sess_001187,3277,/signup,Organic Search,Desktop,1,171,0,2026-08-29 16:16:00
sess_001188,3166,/docs/api,Organic Search,Mobile,4,366,1,2026-09-03 08:31:00
sess_001189,3332,/pricing,Direct,Desktop,7,258,0,2026-09-11 08:48:00
sess_001190,2968,/signup,LinkedIn,Mobile,4,52,0,2026-08-27 00:33:00
sess_001191,1754,/signup,Google Ads,Desktop,1,138,0,2026-08-18 13:52:00
sess_001192,3428,/solutions/enterprise,Organic Search,Tablet,2,379,1,2026-09-11 18:19:00
sess_001193,3166,/home,Organic Search,Desktop,1,357,1,2026-09-12 00:27:00
sess_001194,1535,/pricing,Organic Search,Desktop,3,121,0,2026-08-28 16:11:00
sess_001195,1340,/product/analytics,Organic Search,Desktop,4,72,0,2026-08-12 13:14:00
sess_001196,1903,/pricing,Referral,Mobile,11,47,0,2026-08-10 21:16:00
sess_001197,2490,/signup,Direct,Desktop,2,43,0,2026-09-03 18:29:00
sess_001198,1146,/product/analytics,Organic Search,Desktop,3,32,0,2026-08-16 04:20:00
sess_001199,1427,/home,Direct,Mobile,1,1426,0,2026-08-02 13:43:00
sess_001200,2305,/home,Google Ads,Mobile,1,200,0,2026-08-14 02:23:00
sess_001201,3329,/solutions/enterprise,LinkedIn,Mobile,1,72,0,2026-09-01 03:59:00
sess_001202,3139,/solutions/enterprise,Direct,Desktop,1,67,0,2026-09-06 18:20:00
sess_001203,1417,/home,LinkedIn,Desktop,2,70,0,2026-09-10 04:41:00
sess_001204,2196,/pricing,Google Ads,Desktop,9,375,0,2026-08-31 16:06:00
sess_001205,1292,/signup,Organic Search,Mobile,3,134,0,2026-08-04 14:03:00
sess_001206,2624,/pricing,Organic Search,Desktop,2,62,0,2026-09-13 19:57:00
sess_001207,2886,/solutions/enterprise,Referral,Desktop,2,293,0,2026-09-11 06:43:00
sess_001208,3309,/pricing,Organic Search,Mobile,1,254,0,2026-09-01 18:07:00
sess_001209,1670,/pricing,Direct,Desktop,1,118,0,2026-08-27 22:00:00
sess_001210,2600,/pricing,Referral,Desktop,1,215,0,2026-09-14 14:02:00
sess_001211,1103,/pricing,Direct,Desktop,2,246,0,2026-08-27 22:55:00
sess_001212,1904,/product/analytics,Direct,Mobile,1,14,0,2026-08-18 02:50:00
sess_001213,3043,/solutions/enterprise,Google Ads,Mobile,4,380,0,2026-08-12 23:15:00
sess_001214,1916,/home,Organic Search,Desktop,8,65,0,2026-09-06 09:28:00
sess_001215,2257,/home,Direct,Desktop,1,719,0,2026-09-09 20:35:00
sess_001216,1578,/product/analytics,Organic Search,Mobile,6,434,1,2026-09-09 01:05:00
sess_001217,3084,/solutions/enterprise,Organic Search,Desktop,1,8,0,2026-08-11 02:54:00
sess_001218,2868,/signup,Direct,Desktop,3,179,0,2026-08-09 23:13:00
sess_001219,1560,/product/analytics,LinkedIn,Desktop,1,609,0,2026-08-07 21:16:00
sess_001220,1664,/solutions/enterprise,Google Ads,Mobile,1,154,0,2026-08-24 12:13:00
sess_001221,1137,/product/analytics,Direct,Tablet,1,177,0,2026-09-13 04:37:00
sess_001222,2121,/pricing,Organic Search,Desktop,1,486,0,2026-09-11 17:57:00
sess_001223,3252,/product/analytics,GitHub,Desktop,8,158,0,2026-09-04 19:34:00
sess_001224,3234,/product/analytics,Organic Search,Tablet,2,55,0,2026-09-01 23:24:00
sess_001225,1240,/docs/api,Google Ads,Desktop,1,116,0,2026-09-05 18:51:00
sess_001226,1822,/solutions/enterprise,LinkedIn,Mobile,1,82,0,2026-09-08 07:02:00
sess_001227,3249,/pricing,Organic Search,Mobile,4,37,0,2026-08-25 06:54:00
sess_001228,1993,/product/analytics,Organic Search,Desktop,4,48,0,2026-09-08 16:28:00
sess_001229,3014,/pricing,Direct,Desktop,11,16,0,2026-08-04 01:02:00
sess_001230,3034,/signup,Google Ads,Desktop,3,38,0,2026-08-26 23:07:00
sess_001231,3471,/solutions/enterprise,Direct,Desktop,2,59,0,2026-08-06 12:50:00
sess_001232,3490,/home,LinkedIn,Desktop,1,260,0,2026-08-18 18:17:00
sess_001233,2837,/docs/api,LinkedIn,Desktop,1,87,0,2026-08-31 13:42:00
sess_001234,1228,/docs/api,Direct,Desktop,6,216,0,2026-08-02 15:20:00
sess_001235,1127,/solutions/enterprise,Direct,Desktop,5,1006,0,2026-08-23 12:24:00
sess_001236,2686,/docs/api,Organic Search,Desktop,5,161,0,2026-09-09 20:10:00
sess_001237,1148,/home,GitHub,Desktop,2,176,0,2026-08-09 10:54:00
sess_001238,3014,/pricing,LinkedIn,Mobile,2,149,0,2026-08-07 17:33:00
sess_001239,2054,/product/analytics,Organic Search,Tablet,5,95,0,2026-09-11 19:50:00
sess_001240,2875,/solutions/enterprise,Organic Search,Mobile,4,41,0,2026-08-18 00:03:00
sess_001241,3274,/signup,Organic Search,Desktop,3,688,0,2026-08-19 00:45:00
sess_001242,2729,/signup,Organic Search,Desktop,3,122,0,2026-08-16 22:15:00
sess_001243,1382,/solutions/enterprise,Organic Search,Desktop,2,499,0,2026-08-19 17:21:00
sess_001244,3378,/docs/api,LinkedIn,Desktop,4,59,0,2026-08-21 04:39:00
sess_001245,2475,/product/analytics,Direct,Mobile,2,25,0,2026-08-20 21:19:00
sess_001246,1409,/docs/api,Google Ads,Desktop,4,187,0,2026-08-01 18:19:00
sess_001247,1653,/docs/api,Organic Search,Desktop,1,348,0,2026-08-26 15:38:00
sess_001248,2533,/pricing,LinkedIn,Desktop,3,200,0,2026-08-15 09:38:00
sess_001249,2005,/pricing,GitHub,Desktop,2,249,1,2026-09-12 21:56:00
sess_001250,3281,/docs/api,Direct,Mobile,5,173,0,2026-08-13 10:42:00
sess_001251,3147,/home,Organic Search,Desktop,3,251,1,2026-08-28 05:16:00
sess_001252,2176,/solutions/enterprise,Direct,Desktop,3,81,0,2026-09-06 13:19:00
sess_001253,2382,/signup,Google Ads,Desktop,1,93,0,2026-08-08 20:37:00
sess_001254,3377,/home,GitHub,Mobile,2,277,0,2026-08-19 01:41:00
sess_001255,2859,/solutions/enterprise,Organic Search,Mobile,5,296,0,2026-09-14 22:54:00
sess_001256,2136,/product/analytics,Direct,Desktop,6,20,0,2026-08-31 21:11:00
sess_001257,3429,/product/analytics,LinkedIn,Mobile,4,8,0,2026-08-21 11:44:00
sess_001258,1042,/home,Organic Search,Desktop,2,202,0,2026-08-15 17:40:00
sess_001259,1388,/docs/api,Organic Search,Mobile,1,20,0,2026-08-05 00:20:00
sess_001260,2372,/signup,Organic Search,Desktop,2,38,0,2026-08-06 11:57:00
sess_001261,1109,/docs/api,Organic Search,Mobile,3,44,1,2026-08-30 12:56:00
sess_001262,1927,/product/analytics,Organic Search,Desktop,1,133,1,2026-09-14 14:33:00
sess_001263,1853,/docs/api,Direct,Desktop,7,45,0,2026-09-13 17:55:00
sess_001264,2836,/pricing,LinkedIn,Desktop,2,40,1,2026-09-02 21:09:00
sess_001265,1426,/product/analytics,Google Ads,Desktop,5,6,0,2026-08-14 21:47:00
sess_001266,1363,/solutions/enterprise,Organic Search,Mobile,3,266,1,2026-08-12 03:54:00
sess_001267,1070,/signup,Organic Search,Desktop,4,31,0,2026-08-18 17:30:00
sess_001268,1992,/solutions/enterprise,Organic Search,Mobile,4,156,0,2026-08-26 22:01:00
sess_001269,2941,/docs/api,Google Ads,Mobile,1,69,0,2026-08-06 19:34:00
sess_001270,2210,/solutions/enterprise,GitHub,Desktop,3,41,0,2026-08-02 14:26:00
sess_001271,1539,/solutions/enterprise,Organic Search,Desktop,4,81,0,2026-08-06 10:03:00
sess_001272,2797,/home,Organic Search,Desktop,5,58,0,2026-08-26 14:07:00
sess_001273,2330,/home,Google Ads,Mobile,2,107,0,2026-09-09 00:21:00
sess_001274,2913,/solutions/enterprise,LinkedIn,Mobile,4,215,0,2026-08-12 13:33:00
sess_001275,3100,/product/analytics,Direct,Desktop,2,14,0,2026-08-04 09:48:00
sess_001276,2936,/signup,Direct,Desktop,1,41,0,2026-09-10 06:04:00
sess_001277,3129,/solutions/enterprise,Google Ads,Desktop,1,20,0,2026-08-02 15:58:00
sess_001278,2197,/signup,Organic Search,Mobile,2,623,0,2026-09-11 01:06:00
sess_001279,2868,/pricing,Direct,Tablet,2,158,0,2026-09-07 19:39:00
sess_001280,3088,/product/analytics,Organic Search,Desktop,1,314,0,2026-08-25 12:37:00
sess_001281,3354,/signup,Direct,Mobile,2,60,0,2026-08-27 10:24:00
sess_001282,2022,/pricing,Referral,Tablet,2,411,0,2026-09-03 16:40:00
sess_001283,2842,/signup,Organic Search,Desktop,3,183,0,2026-08-17 15:49:00
sess_001284,2329,/pricing,GitHub,Desktop,1,98,0,2026-08-12 23:01:00
sess_001285,1910,/docs/api,LinkedIn,Mobile,7,170,0,2026-08-21 14:53:00
sess_001286,2461,/home,Organic Search,Mobile,2,29,0,2026-08-23 14:43:00
sess_001287,3317,/docs/api,LinkedIn,Desktop,3,72,0,2026-08-09 03:57:00
sess_001288,2486,/signup,Direct,Desktop,2,144,0,2026-08-10 06:54:00
sess_001289,2533,/pricing,Organic Search,Desktop,5,189,0,2026-08-02 05:40:00
sess_001290,1793,/docs/api,Organic Search,Desktop,2,48,0,2026-09-04 06:11:00
sess_001291,2257,/docs/api,Organic Search,Tablet,2,871,0,2026-08-30 12:37:00
sess_001292,3293,/product/analytics,Google Ads,Desktop,10,327,0,2026-09-13 14:14:00
sess_001293,2553,/docs/api,GitHub,Mobile,6,161,0,2026-08-17 01:52:00
sess_001294,1921,/product/analytics,Direct,Desktop,1,657,0,2026-08-10 07:41:00
sess_001295,1501,/docs/api,Direct,Desktop,4,134,0,2026-09-14 10:42:00
sess_001296,1913,/signup,LinkedIn,Desktop,4,534,0,2026-08-21 02:09:00
sess_001297,3063,/docs/api,LinkedIn,Desktop,1,255,0,2026-09-02 11:38:00
sess_001298,3196,/pricing,Organic Search,Tablet,10,49,0,2026-08-09 21:47:00
sess_001299,1499,/pricing,Organic Search,Desktop,1,98,0,2026-09-14 09:08:00
sess_001300,2985,/solutions/enterprise,Direct,Mobile,7,59,0,2026-09-11 09:59:00
sess_001301,2275,/solutions/enterprise,LinkedIn,Desktop,3,235,0,2026-08-02 00:36:00
sess_001302,2634,/product/analytics,Google Ads,Mobile,3,266,1,2026-09-14 19:20:00
sess_001303,2625,/pricing,Organic Search,Desktop,5,212,0,2026-08-29 05:17:00
sess_001304,2560,/solutions/enterprise,Direct,Desktop,4,146,0,2026-08-17 13:19:00
sess_001305,2479,/signup,Organic Search,Mobile,4,97,0,2026-09-04 10:56:00
sess_001306,3457,/docs/api,Google Ads,Mobile,6,752,0,2026-08-07 10:50:00
sess_001307,1010,/pricing,LinkedIn,Desktop,2,10,0,2026-08-06 18:13:00
sess_001308,1259,/signup,LinkedIn,Mobile,2,28,0,2026-08-01 08:30:00
sess_001309,2636,/signup,Google Ads,Desktop,7,169,0,2026-08-05 11:14:00
sess_001310,2028,/docs/api,Direct,Desktop,5,258,0,2026-08-09 05:02:00
sess_001311,1022,/docs/api,Organic Search,Mobile,1,573,1,2026-08-16 13:37:00
sess_001312,2405,/signup,Google Ads,Mobile,3,126,0,2026-08-24 20:19:00
sess_001313,1349,/product/analytics,Google Ads,Desktop,7,60,0,2026-08-29 04:34:00
sess_001314,1585,/pricing,Organic Search,Desktop,4,363,0,2026-08-19 13:46:00
sess_001315,1000,/docs/api,GitHub,Desktop,3,109,0,2026-08-05 00:24:00
sess_001316,2085,/product/analytics,Organic Search,Desktop,1,29,0,2026-08-04 03:25:00
sess_001317,3370,/home,Organic Search,Desktop,9,137,1,2026-08-21 20:11:00
sess_001318,1015,/home,Organic Search,Desktop,3,139,0,2026-08-24 13:12:00
sess_001319,1423,/docs/api,Referral,Mobile,1,51,0,2026-08-16 19:19:00
sess_001320,2327,/docs/api,Organic Search,Mobile,8,32,0,2026-08-06 09:34:00
sess_001321,2709,/home,Referral,Desktop,3,32,0,2026-08-17 08:54:00
sess_001322,3456,/solutions/enterprise,LinkedIn,Mobile,1,317,0,2026-08-23 15:53:00
sess_001323,2717,/product/analytics,Organic Search,Desktop,1,130,0,2026-08-01 07:41:00
sess_001324,1476,/docs/api,Direct,Mobile,10,244,0,2026-09-12 10:02:00
sess_001325,2872,/home,GitHub,Mobile,2,595,0,2026-09-02 11:14:00
sess_001326,2992,/home,Direct,Mobile,2,287,0,2026-08-08 12:28:00
sess_001327,2617,/home,Organic Search,Desktop,2,35,0,2026-09-09 01:26:00
sess_001328,2483,/home,Organic Search,Tablet,4,103,0,2026-08-21 19:47:00
sess_001329,1428,/home,Organic Search,Mobile,2,128,0,2026-08-04 08:23:00
sess_001330,3160,/home,Organic Search,Desktop,2,222,0,2026-09-01 17:04:00
sess_001331,3214,/docs/api,Organic Search,Desktop,4,607,0,2026-08-20 02:24:00
sess_001332,2691,/signup,LinkedIn,Desktop,2,65,0,2026-08-29 13:58:00
sess_001333,2845,/signup,Direct,Desktop,4,360,0,2026-08-28 02:48:00
sess_001334,1095,/product/analytics,Direct,Desktop,10,18,0,2026-08-31 20:01:00
sess_001335,1275,/home,Organic Search,Tablet,10,374,0,2026-08-18 01:56:00
sess_001336,2846,/home,Referral,Mobile,2,218,1,2026-08-29 13:19:00
sess_001337,2227,/signup,Direct,Desktop,1,10,0,2026-09-05 18:41:00
sess_001338,2842,/home,Google Ads,Desktop,1,174,0,2026-09-04 08:11:00
sess_001339,1139,/home,Direct,Mobile,5,487,1,2026-09-13 02:32:00
sess_001340,2253,/home,Organic Search,Desktop,1,106,0,2026-08-20 12:40:00
sess_001341,2210,/pricing,Google Ads,Mobile,1,27,0,2026-08-19 23:28:00
sess_001342,1565,/pricing,Google Ads,Desktop,4,810,0,2026-08-14 02:50:00
sess_001343,3135,/home,Organic Search,Desktop,7,102,0,2026-08-30 09:19:00
sess_001344,2512,/home,LinkedIn,Mobile,1,140,0,2026-08-31 08:54:00
sess_001345,2371,/solutions/enterprise,Organic Search,Desktop,1,620,0,2026-09-13 02:54:00
sess_001346,3187,/solutions/enterprise,Organic Search,Desktop,7,163,0,2026-08-14 06:18:00
sess_001347,2253,/product/analytics,Google Ads,Desktop,2,207,0,2026-08-08 02:55:00
sess_001348,1997,/pricing,GitHub,Desktop,3,227,0,2026-08-08 07:41:00
sess_001349,1347,/docs/api,Organic Search,Desktop,6,257,0,2026-09-10 20:48:00
sess_001350,1968,/product/analytics,Direct,Desktop,1,294,0,2026-08-19 00:38:00
sess_001351,2286,/product/analytics,LinkedIn,Tablet,3,18,1,2026-09-11 00:39:00
sess_001352,1323,/home,LinkedIn,Desktop,14,495,0,2026-08-21 13:35:00
sess_001353,2404,/home,Direct,Desktop,4,146,0,2026-08-31 23:28:00
sess_001354,2012,/docs/api,LinkedIn,Desktop,2,142,0,2026-09-05 13:38:00
sess_001355,2143,/solutions/enterprise,LinkedIn,Desktop,5,329,0,2026-08-19 21:45:00
sess_001356,3348,/home,Organic Search,Desktop,1,70,0,2026-08-30 12:52:00
sess_001357,2417,/pricing,LinkedIn,Desktop,1,197,1,2026-08-16 10:01:00
sess_001358,2897,/docs/api,Direct,Desktop,4,73,0,2026-08-19 01:58:00
sess_001359,3004,/signup,Direct,Mobile,1,262,0,2026-09-02 22:12:00
sess_001360,1643,/docs/api,Organic Search,Desktop,1,107,0,2026-08-10 23:42:00
sess_001361,2108,/home,LinkedIn,Tablet,1,42,0,2026-08-09 14:58:00
sess_001362,2433,/docs/api,Organic Search,Mobile,1,436,0,2026-08-02 11:35:00
sess_001363,1839,/solutions/enterprise,Google Ads,Desktop,2,256,0,2026-08-09 18:29:00
sess_001364,2774,/home,Organic Search,Desktop,1,7,0,2026-08-22 09:01:00
sess_001365,3312,/solutions/enterprise,Google Ads,Mobile,6,17,0,2026-09-02 19:12:00
sess_001366,3275,/solutions/enterprise,Google Ads,Mobile,5,90,0,2026-08-09 13:26:00
sess_001367,1287,/signup,GitHub,Mobile,2,277,0,2026-08-10 19:52:00
sess_001368,1698,/pricing,Direct,Desktop,3,63,0,2026-08-27 10:08:00
sess_001369,2853,/home,Organic Search,Desktop,6,848,0,2026-09-01 20:06:00
sess_001370,1400,/pricing,LinkedIn,Mobile,8,457,0,2026-09-01 01:05:00
sess_001371,2877,/pricing,Organic Search,Desktop,1,364,0,2026-09-13 09:52:00
sess_001372,1313,/docs/api,Organic Search,Tablet,4,6,0,2026-08-22 18:36:00
sess_001373,1823,/product/analytics,Google Ads,Mobile,1,603,0,2026-09-10 11:28:00
sess_001374,1626,/home,Organic Search,Desktop,1,166,0,2026-09-14 14:26:00
sess_001375,1830,/solutions/enterprise,Direct,Desktop,1,166,0,2026-08-14 17:20:00
sess_001376,2233,/signup,Google Ads,Desktop,3,23,1,2026-09-10 02:17:00
sess_001377,3094,/docs/api,Organic Search,Desktop,2,174,0,2026-08-12 14:55:00
sess_001378,3377,/pricing,GitHub,Desktop,1,140,0,2026-08-05 20:17:00
sess_001379,2294,/signup,Organic Search,Desktop,2,145,0,2026-08-05 07:34:00
sess_001380,1119,/pricing,Direct,Desktop,2,43,0,2026-08-24 10:31:00
sess_001381,3360,/home,Organic Search,Desktop,5,146,0,2026-09-06 20:18:00
sess_001382,2670,/docs/api,LinkedIn,Mobile,4,18,0,2026-08-17 21:10:00
sess_001383,1101,/signup,Direct,Desktop,2,8,0,2026-09-12 06:35:00
sess_001384,3253,/signup,Referral,Desktop,2,48,0,2026-08-23 18:46:00
sess_001385,2361,/solutions/enterprise,LinkedIn,Desktop,1,296,0,2026-09-11 21:29:00
sess_001386,1773,/pricing,Google Ads,Desktop,6,171,0,2026-08-07 11:15:00
sess_001387,1984,/docs/api,Organic Search,Mobile,1,409,0,2026-08-07 17:30:00
sess_001388,2611,/solutions/enterprise,LinkedIn,Desktop,1,93,0,2026-08-12 17:36:00
sess_001389,2074,/docs/api,Direct,Desktop,4,82,0,2026-08-26 08:45:00
sess_001390,2117,/pricing,Direct,Mobile,1,221,0,2026-08-04 07:31:00
sess_001391,1018,/pricing,Google Ads,Desktop,1,99,0,2026-08-02 09:35:00
sess_001392,1591,/solutions/enterprise,Referral,Mobile,2,91,0,2026-08-17 07:54:00
sess_001393,2561,/docs/api,Organic Search,Desktop,2,117,1,2026-08-22 05:47:00
sess_001394,1680,/pricing,Google Ads,Desktop,1,26,0,2026-08-28 11:55:00
sess_001395,3443,/docs/api,GitHub,Desktop,1,45,0,2026-08-19 03:42:00
sess_001396,3073,/home,Organic Search,Mobile,2,171,0,2026-08-21 16:32:00
sess_001397,2280,/solutions/enterprise,Direct,Desktop,2,173,0,2026-08-07 02:53:00
sess_001398,1586,/product/analytics,Google Ads,Mobile,1,165,0,2026-08-15 16:57:00
sess_001399,3393,/solutions/enterprise,Referral,Mobile,1,45,0,2026-09-13 08:31:00
sess_001400,2446,/pricing,GitHub,Desktop,2,107,0,2026-09-12 05:23:00
sess_001401,3129,/docs/api,Organic Search,Desktop,1,461,0,2026-09-14 10:39:00
sess_001402,1483,/signup,GitHub,Desktop,1,360,0,2026-08-01 17:56:00
sess_001403,2881,/solutions/enterprise,Direct,Mobile,2,151,0,2026-08-05 14:16:00
sess_001404,2248,/product/analytics,Direct,Mobile,2,420,0,2026-09-10 23:02:00
sess_001405,2280,/home,Google Ads,Desktop,4,207,0,2026-09-02 14:20:00
sess_001406,2754,/pricing,Google Ads,Desktop,1,100,0,2026-09-01 10:00:00
sess_001407,2316,/docs/api,Direct,Desktop,4,274,0,2026-09-07 02:48:00
sess_001408,1213,/home,Direct,Mobile,2,69,0,2026-08-11 00:13:00
sess_001409,2298,/pricing,Direct,Mobile,5,352,0,2026-09-05 17:27:00
sess_001410,2534,/solutions/enterprise,Organic Search,Desktop,2,76,0,2026-08-19 01:53:00
sess_001411,2484,/solutions/enterprise,LinkedIn,Desktop,3,289,0,2026-08-17 04:20:00
sess_001412,1625,/product/analytics,GitHub,Mobile,2,64,0,2026-09-13 05:39:00
sess_001413,1567,/signup,Organic Search,Mobile,1,452,0,2026-08-13 00:16:00
sess_001414,1834,/home,Google Ads,Desktop,1,41,0,2026-09-14 02:39:00
sess_001415,2754,/solutions/enterprise,Direct,Desktop,2,233,0,2026-08-14 23:01:00
sess_001416,1802,/product/analytics,Organic Search,Desktop,1,99,0,2026-09-11 13:24:00
sess_001417,1968,/docs/api,Organic Search,Desktop,1,8,0,2026-08-29 03:40:00
sess_001418,1083,/docs/api,Direct,Desktop,3,77,0,2026-09-10 21:13:00
sess_001419,2305,/home,Direct,Desktop,3,45,0,2026-08-25 10:36:00
sess_001420,3221,/docs/api,Organic Search,Desktop,1,150,0,2026-08-07 23:55:00
sess_001421,3004,/solutions/enterprise,LinkedIn,Mobile,6,59,1,2026-08-03 02:04:00
sess_001422,1479,/docs/api,Direct,Desktop,6,18,1,2026-08-22 14:46:00
sess_001423,2436,/solutions/enterprise,Referral,Desktop,2,555,0,2026-08-18 16:16:00
sess_001424,2209,/product/analytics,Organic Search,Desktop,2,340,0,2026-08-28 20:36:00
sess_001425,3206,/solutions/enterprise,LinkedIn,Desktop,5,13,0,2026-08-12 14:20:00
sess_001426,2808,/solutions/enterprise,Organic Search,Mobile,5,61,0,2026-08-15 16:18:00
sess_001427,2686,/home,Organic Search,Desktop,2,184,0,2026-09-03 20:51:00
sess_001428,1570,/docs/api,Organic Search,Mobile,2,74,0,2026-08-08 18:21:00
sess_001429,1419,/solutions/enterprise,Organic Search,Tablet,4,64,0,2026-08-24 05:19:00
sess_001430,2489,/home,Organic Search,Desktop,2,168,0,2026-09-01 04:03:00
sess_001431,1847,/home,Organic Search,Desktop,4,43,0,2026-08-10 10:53:00
sess_001432,2153,/home,Organic Search,Mobile,1,193,0,2026-09-13 01:33:00
sess_001433,3017,/pricing,LinkedIn,Mobile,4,21,1,2026-08-05 20:43:00
sess_001434,2401,/home,Direct,Mobile,5,75,0,2026-08-31 19:01:00
sess_001435,1267,/home,Direct,Tablet,7,27,0,2026-08-10 22:52:00
sess_001436,1777,/solutions/enterprise,Organic Search,Desktop,2,68,0,2026-08-12 06:51:00
sess_001437,1732,/home,Organic Search,Desktop,3,211,0,2026-08-22 20:06:00
sess_001438,2827,/home,Direct,Mobile,1,264,0,2026-08-29 07:30:00
sess_001439,3261,/pricing,Referral,Desktop,1,33,0,2026-09-13 05:11:00
sess_001440,2506,/pricing,Direct,Mobile,1,251,0,2026-08-29 03:13:00
sess_001441,2531,/home,Organic Search,Desktop,6,20,0,2026-08-15 14:09:00
sess_001442,2640,/home,Organic Search,Mobile,3,48,0,2026-09-04 15:44:00
sess_001443,1606,/solutions/enterprise,Direct,Mobile,2,129,0,2026-09-10 22:55:00
sess_001444,2691,/solutions/enterprise,Direct,Desktop,6,643,0,2026-09-11 15:11:00
sess_001445,3182,/pricing,LinkedIn,Desktop,1,658,0,2026-08-05 05:01:00
sess_001446,1788,/solutions/enterprise,Direct,Desktop,3,122,0,2026-08-18 10:55:00
sess_001447,1957,/docs/api,Direct,Desktop,5,299,0,2026-08-11 12:45:00
sess_001448,1619,/signup,Google Ads,Desktop,1,150,0,2026-09-10 16:47:00
sess_001449,3264,/product/analytics,Organic Search,Desktop,1,255,0,2026-08-25 07:57:00
sess_001450,1236,/pricing,Organic Search,Desktop,1,195,0,2026-08-27 02:45:00
sess_001451,2518,/pricing,Google Ads,Desktop,8,220,0,2026-08-02 04:10:00
sess_001452,3057,/solutions/enterprise,Direct,Desktop,4,109,0,2026-08-14 21:49:00
sess_001453,3027,/product/analytics,Direct,Mobile,1,327,1,2026-09-13 10:45:00
sess_001454,2334,/product/analytics,Google Ads,Desktop,4,111,0,2026-09-11 12:12:00
sess_001455,1558,/home,GitHub,Mobile,2,225,0,2026-08-24 00:05:00
sess_001456,3321,/pricing,Direct,Desktop,1,372,0,2026-08-01 22:37:00
sess_001457,2314,/home,Google Ads,Desktop,14,196,0,2026-08-01 13:52:00
sess_001458,2736,/solutions/enterprise,Direct,Desktop,1,133,0,2026-08-17 13:39:00
sess_001459,1972,/product/analytics,Organic Search,Desktop,5,140,0,2026-08-12 09:04:00
sess_001460,2642,/home,Referral,Mobile,6,227,0,2026-08-28 16:17:00
sess_001461,1156,/product/analytics,Google Ads,Desktop,3,22,0,2026-08-25 13:27:00
sess_001462,1469,/signup,Google Ads,Desktop,11,187,0,2026-09-04 12:55:00
sess_001463,2530,/home,Direct,Mobile,1,89,0,2026-08-06 18:56:00
sess_001464,1711,/home,GitHub,Mobile,10,31,0,2026-08-20 04:48:00
sess_001465,1715,/product/analytics,Direct,Desktop,1,443,0,2026-09-14 11:57:00
sess_001466,2348,/solutions/enterprise,LinkedIn,Desktop,2,128,1,2026-08-16 23:38:00
sess_001467,2741,/signup,Organic Search,Desktop,6,114,0,2026-08-16 23:39:00
sess_001468,1207,/docs/api,Organic Search,Desktop,3,145,0,2026-09-06 01:16:00
sess_001469,2121,/docs/api,Direct,Desktop,3,180,1,2026-08-24 09:33:00
sess_001470,1745,/pricing,Direct,Mobile,1,43,0,2026-09-09 14:36:00
sess_001471,2735,/signup,Google Ads,Desktop,12,181,0,2026-08-27 04:18:00
sess_001472,2816,/docs/api,Organic Search,Desktop,1,83,0,2026-08-31 22:14:00
sess_001473,2138,/signup,Google Ads,Mobile,6,230,0,2026-08-15 01:38:00
sess_001474,3492,/product/analytics,GitHub,Desktop,9,271,0,2026-08-02 23:51:00
sess_001475,2545,/pricing,Google Ads,Desktop,1,6,0,2026-08-19 18:05:00
sess_001476,1931,/docs/api,LinkedIn,Mobile,4,231,0,2026-08-04 11:25:00
sess_001477,1961,/signup,Google Ads,Desktop,1,83,0,2026-08-08 23:35:00
sess_001478,3151,/docs/api,GitHub,Desktop,4,70,0,2026-08-30 13:00:00
sess_001479,1973,/home,Direct,Desktop,2,88,0,2026-08-22 05:09:00
sess_001480,3425,/home,Google Ads,Desktop,1,159,0,2026-08-06 21:20:00
sess_001481,1445,/docs/api,Direct,Mobile,7,26,0,2026-08-30 01:59:00
sess_001482,3288,/signup,Direct,Desktop,4,220,0,2026-08-16 10:12:00
sess_001483,2193,/signup,Organic Search,Desktop,1,111,0,2026-08-01 15:52:00
sess_001484,3461,/signup,GitHub,Desktop,3,36,0,2026-09-13 07:04:00
sess_001485,2152,/pricing,Organic Search,Mobile,2,133,0,2026-09-03 12:17:00
sess_001486,3479,/product/analytics,Organic Search,Mobile,4,158,0,2026-08-23 06:18:00
sess_001487,3445,/signup,Organic Search,Desktop,3,81,0,2026-09-03 18:37:00
sess_001488,1731,/docs/api,Organic Search,Mobile,1,418,1,2026-09-10 10:06:00
sess_001489,1086,/product/analytics,GitHub,Mobile,1,220,0,2026-08-22 03:25:00
sess_001490,3424,/signup,Referral,Desktop,4,199,0,2026-08-10 02:04:00
sess_001491,3131,/pricing,Google Ads,Tablet,4,14,0,2026-08-20 17:00:00
sess_001492,2438,/solutions/enterprise,Organic Search,Desktop,2,130,1,2026-09-14 10:29:00
sess_001493,1776,/pricing,Organic Search,Mobile,2,347,0,2026-08-15 04:51:00
sess_001494,3314,/solutions/enterprise,Organic Search,Desktop,2,203,0,2026-08-12 22:46:00
sess_001495,2029,/home,Google Ads,Desktop,1,52,0,2026-08-30 01:01:00
sess_001496,2450,/product/analytics,Organic Search,Mobile,3,360,0,2026-08-13 21:41:00
sess_001497,1017,/home,GitHub,Desktop,1,88,0,2026-08-22 05:42:00
sess_001498,2820,/product/analytics,Google Ads,Desktop,2,448,0,2026-09-09 14:44:00
sess_001499,1896,/pricing,Organic Search,Desktop,1,134,1,2026-08-07 02:48:00
sess_001500,3421,/docs/api,LinkedIn,Desktop,3,283,0,2026-08-22 19:28:00
sess_001501,1043,/docs/api,Direct,Desktop,6,175,0,2026-09-05 19:55:00
sess_001502,2184,/solutions/enterprise,Organic Search,Desktop,3,66,0,2026-08-09 16:24:00
sess_001503,1322,/docs/api,Direct,Desktop,3,195,0,2026-08-09 10:47:00
sess_001504,1037,/product/analytics,Google Ads,Desktop,4,6,0,2026-08-18 09:36:00
sess_001505,1236,/docs/api,GitHub,Mobile,1,329,0,2026-09-08 01:19:00
sess_001506,1680,/home,Organic Search,Mobile,1,612,0,2026-09-04 05:59:00
sess_001507,2295,/signup,Direct,Desktop,6,46,0,2026-08-16 01:16:00
sess_001508,3110,/docs/api,LinkedIn,Mobile,6,392,0,2026-08-31 06:23:00
sess_001509,2250,/home,Organic Search,Desktop,3,38,0,2026-08-24 22:54:00
sess_001510,1345,/solutions/enterprise,Organic Search,Mobile,1,126,0,2026-08-29 05:06:00
sess_001511,1739,/solutions/enterprise,Google Ads,Desktop,5,67,0,2026-09-05 17:16:00
sess_001512,2876,/pricing,Google Ads,Desktop,1,43,0,2026-08-30 03:53:00
sess_001513,3019,/pricing,LinkedIn,Desktop,6,258,0,2026-08-11 00:11:00
sess_001514,1978,/pricing,GitHub,Desktop,2,300,0,2026-09-07 20:05:00
sess_001515,2288,/home,Direct,Mobile,1,333,0,2026-08-20 06:48:00
sess_001516,1410,/pricing,Google Ads,Mobile,5,6,0,2026-08-14 11:18:00
sess_001517,1414,/solutions/enterprise,Organic Search,Desktop,3,343,0,2026-08-08 22:36:00
sess_001518,1924,/docs/api,Referral,Desktop,2,14,0,2026-08-03 00:20:00
sess_001519,2800,/home,GitHub,Desktop,2,112,0,2026-08-23 17:43:00
sess_001520,1811,/pricing,Google Ads,Mobile,7,39,0,2026-08-22 00:23:00
sess_001521,3148,/pricing,Direct,Desktop,1,431,0,2026-09-09 06:29:00
sess_001522,3256,/solutions/enterprise,Direct,Mobile,1,159,0,2026-08-15 21:41:00
sess_001523,1240,/docs/api,Organic Search,Desktop,5,118,0,2026-08-24 20:56:00
sess_001524,2357,/product/analytics,Organic Search,Desktop,3,110,0,2026-09-06 18:27:00
sess_001525,2062,/docs/api,Organic Search,Desktop,6,98,0,2026-08-12 09:16:00
sess_001526,1690,/pricing,Organic Search,Desktop,2,120,0,2026-08-05 07:27:00
sess_001527,1757,/pricing,Direct,Desktop,3,155,0,2026-08-26 07:46:00
sess_001528,2669,/docs/api,Organic Search,Desktop,1,310,0,2026-09-01 19:03:00
sess_001529,2061,/docs/api,Direct,Tablet,6,53,0,2026-08-31 07:57:00
sess_001530,1415,/solutions/enterprise,Organic Search,Desktop,1,298,0,2026-09-13 08:40:00
sess_001531,2285,/product/analytics,Direct,Mobile,1,324,0,2026-08-12 05:39:00
sess_001532,1114,/home,LinkedIn,Desktop,2,347,0,2026-09-01 00:17:00
sess_001533,1309,/home,Organic Search,Desktop,4,516,0,2026-08-24 03:33:00
sess_001534,1735,/product/analytics,Organic Search,Desktop,1,569,0,2026-08-25 18:00:00
sess_001535,3032,/solutions/enterprise,LinkedIn,Desktop,1,25,0,2026-08-28 09:21:00
sess_001536,2185,/docs/api,Organic Search,Desktop,2,383,0,2026-08-27 16:24:00
sess_001537,1331,/pricing,Google Ads,Desktop,5,341,0,2026-08-27 01:56:00
sess_001538,1392,/product/analytics,Direct,Desktop,4,90,0,2026-08-22 21:07:00
sess_001539,2924,/solutions/enterprise,Organic Search,Desktop,1,216,0,2026-08-20 13:30:00
sess_001540,3417,/signup,GitHub,Desktop,1,475,0,2026-09-03 21:27:00
sess_001541,1572,/product/analytics,Organic Search,Desktop,7,22,0,2026-08-21 05:53:00
sess_001542,2237,/pricing,LinkedIn,Mobile,3,83,0,2026-09-14 00:22:00
sess_001543,1901,/home,LinkedIn,Desktop,1,661,0,2026-08-13 12:09:00
sess_001544,1689,/docs/api,Organic Search,Desktop,1,148,0,2026-09-05 14:46:00
sess_001545,2055,/solutions/enterprise,LinkedIn,Desktop,1,22,0,2026-08-06 07:44:00
sess_001546,3450,/home,LinkedIn,Desktop,1,589,0,2026-08-03 10:17:00
sess_001547,2593,/pricing,GitHub,Desktop,4,424,0,2026-09-01 18:22:00
sess_001548,2071,/product/analytics,LinkedIn,Desktop,2,300,0,2026-08-24 12:07:00
sess_001549,2644,/solutions/enterprise,Direct,Desktop,10,289,0,2026-08-02 23:28:00
sess_001550,3320,/signup,Google Ads,Desktop,2,124,0,2026-09-06 01:28:00
sess_001551,1315,/solutions/enterprise,Direct,Desktop,1,379,0,2026-08-12 19:13:00
sess_001552,2018,/home,Google Ads,Desktop,1,70,0,2026-08-22 21:13:00
sess_001553,2073,/home,Google Ads,Mobile,2,84,0,2026-09-06 20:54:00
sess_001554,1623,/pricing,LinkedIn,Desktop,8,48,0,2026-08-24 16:36:00
sess_001555,1980,/signup,Organic Search,Mobile,7,97,1,2026-09-09 11:40:00
sess_001556,2703,/home,Direct,Desktop,1,52,0,2026-08-21 22:53:00
sess_001557,2666,/solutions/enterprise,GitHub,Desktop,4,79,0,2026-08-31 11:24:00
sess_001558,1346,/signup,LinkedIn,Mobile,4,216,0,2026-08-25 09:31:00
sess_001559,1783,/docs/api,Google Ads,Mobile,1,106,0,2026-08-02 09:30:00
sess_001560,2051,/pricing,Organic Search,Desktop,1,267,0,2026-08-14 10:44:00
sess_001561,1428,/pricing,Organic Search,Mobile,1,122,0,2026-08-07 17:56:00
sess_001562,2895,/docs/api,Organic Search,Desktop,1,31,0,2026-08-27 18:32:00
sess_001563,2188,/pricing,Direct,Desktop,2,248,0,2026-09-02 18:50:00
sess_001564,2450,/signup,Direct,Desktop,2,17,0,2026-08-11 15:05:00
sess_001565,2352,/pricing,Google Ads,Desktop,1,518,0,2026-08-24 22:35:00
sess_001566,2096,/home,Organic Search,Desktop,10,335,1,2026-08-02 17:05:00
sess_001567,1923,/pricing,Direct,Desktop,2,598,0,2026-09-14 04:08:00
sess_001568,1838,/solutions/enterprise,Direct,Tablet,5,56,1,2026-09-08 09:47:00
sess_001569,3363,/home,GitHub,Tablet,3,123,0,2026-08-12 14:52:00
sess_001570,1831,/product/analytics,Google Ads,Desktop,3,43,0,2026-08-07 01:42:00
sess_001571,1827,/solutions/enterprise,Direct,Desktop,2,103,0,2026-08-31 16:18:00
sess_001572,1098,/product/analytics,LinkedIn,Mobile,7,55,0,2026-08-19 05:38:00
sess_001573,2059,/signup,LinkedIn,Desktop,1,349,0,2026-08-01 00:28:00
sess_001574,2966,/home,Organic Search,Desktop,9,28,0,2026-08-20 16:33:00
sess_001575,1677,/solutions/enterprise,LinkedIn,Desktop,1,50,0,2026-09-01 16:57:00
sess_001576,1192,/home,Organic Search,Desktop,1,60,0,2026-08-21 06:04:00
sess_001577,1661,/signup,Organic Search,Mobile,4,246,1,2026-09-07 22:28:00
sess_001578,1093,/product/analytics,Direct,Mobile,3,184,0,2026-08-31 11:27:00
sess_001579,2016,/docs/api,Referral,Mobile,4,31,0,2026-08-24 06:42:00
sess_001580,3003,/signup,Referral,Mobile,3,172,0,2026-09-10 16:33:00
sess_001581,2836,/signup,GitHub,Mobile,3,342,0,2026-08-06 11:41:00
sess_001582,1326,/signup,Organic Search,Desktop,1,113,0,2026-08-09 01:15:00
sess_001583,1769,/pricing,Google Ads,Desktop,5,175,0,2026-08-09 11:36:00
sess_001584,2977,/signup,Google Ads,Mobile,3,141,0,2026-08-21 12:16:00
sess_001585,3443,/docs/api,Direct,Mobile,1,84,0,2026-08-13 15:04:00
sess_001586,3025,/signup,Organic Search,Desktop,1,5,0,2026-08-23 17:58:00
sess_001587,1869,/docs/api,Google Ads,Mobile,4,42,0,2026-08-15 13:53:00
sess_001588,2121,/home,Organic Search,Desktop,1,534,0,2026-09-13 11:39:00
sess_001589,2962,/home,LinkedIn,Desktop,6,83,0,2026-08-05 15:29:00
sess_001590,2753,/pricing,LinkedIn,Desktop,5,68,0,2026-09-04 07:48:00
sess_001591,2174,/docs/api,Direct,Desktop,2,176,0,2026-09-10 18:26:00
sess_001592,2111,/signup,GitHub,Mobile,7,426,0,2026-08-10 00:45:00
sess_001593,2025,/solutions/enterprise,Organic Search,Mobile,7,69,0,2026-08-14 00:48:00
sess_001594,3109,/home,Direct,Desktop,6,50,0,2026-08-01 07:19:00
sess_001595,2768,/signup,Google Ads,Desktop,2,423,0,2026-08-24 17:40:00
sess_001596,1735,/docs/api,LinkedIn,Desktop,3,272,0,2026-08-09 01:24:00
sess_001597,1631,/product/analytics,Direct,Mobile,2,223,0,2026-08-20 00:53:00
sess_001598,2080,/signup,Organic Search,Desktop,3,151,0,2026-09-11 17:30:00
sess_001599,1559,/home,Organic Search,Desktop,2,104,0,2026-08-28 16:07:00
sess_001600,2230,/pricing,LinkedIn,Desktop,1,187,0,2026-08-04 14:43:00
sess_001601,1911,/docs/api,Organic Search,Mobile,1,49,0,2026-08-27 06:51:00
sess_001602,1620,/home,LinkedIn,Desktop,5,311,0,2026-08-17 11:42:00
sess_001603,3349,/pricing,Organic Search,Mobile,9,101,0,2026-08-30 02:07:00
sess_001604,1056,/pricing,LinkedIn,Desktop,1,257,0,2026-08-12 14:04:00
sess_001605,2986,/product/analytics,Organic Search,Desktop,3,305,1,2026-08-13 07:46:00
sess_001606,3310,/pricing,Direct,Mobile,2,19,0,2026-08-18 13:47:00
sess_001607,2459,/home,Google Ads,Desktop,2,207,0,2026-08-25 12:06:00
sess_001608,2590,/home,Google Ads,Desktop,1,69,0,2026-09-04 20:48:00
sess_001609,1149,/signup,Organic Search,Mobile,4,84,0,2026-09-07 07:13:00
sess_001610,2795,/solutions/enterprise,Direct,Desktop,3,242,0,2026-08-08 07:30:00
sess_001611,1323,/docs/api,Direct,Desktop,2,573,0,2026-08-21 02:53:00
sess_001612,3407,/docs/api,Direct,Tablet,4,298,0,2026-08-28 11:10:00
sess_001613,2403,/product/analytics,LinkedIn,Desktop,3,67,0,2026-08-04 04:20:00
sess_001614,2423,/docs/api,Organic Search,Desktop,2,226,0,2026-09-01 21:29:00
sess_001615,1457,/pricing,Organic Search,Desktop,3,76,0,2026-08-12 20:19:00
sess_001616,1288,/home,Organic Search,Desktop,9,109,0,2026-08-29 16:43:00
sess_001617,3277,/pricing,Organic Search,Desktop,1,28,0,2026-09-03 04:45:00
sess_001618,1235,/docs/api,Organic Search,Mobile,8,328,0,2026-08-21 16:18:00
sess_001619,1255,/signup,GitHub,Desktop,1,192,0,2026-08-06 11:37:00
sess_001620,1280,/signup,Organic Search,Mobile,1,362,0,2026-08-27 04:51:00
sess_001621,2316,/solutions/enterprise,Organic Search,Mobile,11,50,0,2026-08-25 10:18:00
sess_001622,2041,/docs/api,Direct,Desktop,5,29,1,2026-08-28 00:57:00
sess_001623,3423,/product/analytics,GitHub,Mobile,2,309,0,2026-09-10 06:30:00
sess_001624,1398,/home,Referral,Desktop,2,385,0,2026-09-11 11:34:00
sess_001625,1546,/pricing,LinkedIn,Desktop,1,38,0,2026-09-12 09:40:00
sess_001626,1835,/docs/api,Organic Search,Desktop,1,189,0,2026-09-14 08:20:00
sess_001627,2148,/home,Organic Search,Desktop,1,37,0,2026-08-11 11:02:00
sess_001628,1255,/signup,Organic Search,Desktop,1,7,0,2026-08-08 02:11:00
sess_001629,2875,/pricing,Organic Search,Desktop,2,145,0,2026-08-31 12:15:00
sess_001630,2896,/docs/api,Google Ads,Tablet,3,545,0,2026-08-05 20:30:00
sess_001631,2173,/docs/api,Referral,Desktop,5,165,0,2026-09-03 00:58:00
sess_001632,3467,/signup,Organic Search,Desktop,1,105,0,2026-08-18 20:00:00
sess_001633,1417,/docs/api,Direct,Desktop,3,64,0,2026-09-01 12:35:00
sess_001634,2944,/product/analytics,GitHub,Mobile,8,64,1,2026-08-18 17:28:00
sess_001635,3470,/product/analytics,LinkedIn,Desktop,6,59,0,2026-08-24 23:11:00
sess_001636,2995,/pricing,Google Ads,Desktop,3,47,0,2026-08-17 18:55:00
sess_001637,1433,/pricing,GitHub,Desktop,1,17,0,2026-08-21 23:05:00
sess_001638,1060,/home,Direct,Desktop,1,259,1,2026-08-11 18:02:00
sess_001639,3208,/solutions/enterprise,LinkedIn,Mobile,2,73,0,2026-09-03 00:29:00
sess_001640,3438,/home,LinkedIn,Desktop,3,35,0,2026-08-10 04:11:00
sess_001641,2004,/signup,LinkedIn,Mobile,11,171,0,2026-08-14 10:04:00
sess_001642,3180,/solutions/enterprise,Organic Search,Desktop,5,495,0,2026-08-19 23:58:00
sess_001643,2245,/docs/api,Google Ads,Mobile,2,214,0,2026-09-11 07:53:00
sess_001644,1626,/docs/api,Google Ads,Desktop,2,43,0,2026-08-22 09:19:00
sess_001645,1720,/home,Direct,Mobile,1,101,0,2026-08-17 19:11:00
sess_001646,2780,/product/analytics,Direct,Desktop,1,318,0,2026-08-04 01:49:00
sess_001647,2121,/product/analytics,Organic Search,Mobile,2,14,1,2026-08-30 03:26:00
sess_001648,3182,/pricing,Google Ads,Desktop,1,78,0,2026-08-13 20:25:00
sess_001649,1458,/pricing,Organic Search,Desktop,1,93,1,2026-08-29 01:05:00
sess_001650,3013,/home,Direct,Mobile,12,113,0,2026-08-18 13:52:00
sess_001651,1774,/product/analytics,Direct,Desktop,4,152,0,2026-08-30 08:40:00
sess_001652,1090,/docs/api,LinkedIn,Mobile,2,127,0,2026-08-03 21:41:00
sess_001653,1338,/signup,Direct,Desktop,6,36,0,2026-08-15 19:13:00
sess_001654,2057,/docs/api,Organic Search,Desktop,1,102,0,2026-08-07 21:19:00
sess_001655,2729,/product/analytics,Google Ads,Mobile,2,87,0,2026-08-10 01:42:00
sess_001656,3314,/home,Organic Search,Desktop,1,481,0,2026-09-05 21:39:00
sess_001657,1197,/pricing,Organic Search,Mobile,16,249,0,2026-08-19 10:16:00
sess_001658,2975,/home,Organic Search,Mobile,7,366,0,2026-08-25 06:18:00
sess_001659,2517,/product/analytics,Direct,Desktop,3,227,0,2026-09-13 02:38:00
sess_001660,2545,/home,Direct,Mobile,2,15,0,2026-08-29 00:44:00
sess_001661,3491,/product/analytics,Google Ads,Mobile,18,120,0,2026-09-01 05:31:00
sess_001662,2627,/home,Organic Search,Desktop,1,275,1,2026-08-03 12:13:00
sess_001663,1011,/solutions/enterprise,Google Ads,Desktop,2,166,0,2026-08-15 03:49:00
sess_001664,1731,/docs/api,Organic Search,Mobile,4,260,0,2026-08-03 23:02:00
sess_001665,2910,/solutions/enterprise,Direct,Desktop,4,593,0,2026-08-24 22:10:00
sess_001666,1786,/product/analytics,Google Ads,Desktop,3,56,0,2026-08-30 16:29:00
sess_001667,3375,/docs/api,Direct,Desktop,9,742,1,2026-09-01 14:06:00
sess_001668,3283,/solutions/enterprise,Referral,Mobile,1,28,0,2026-09-12 16:37:00
sess_001669,1027,/signup,LinkedIn,Desktop,3,459,0,2026-08-24 00:48:00
sess_001670,3347,/home,Google Ads,Desktop,5,43,0,2026-08-22 01:08:00
sess_001671,2194,/home,Direct,Mobile,1,233,0,2026-08-10 04:57:00
sess_001672,1196,/docs/api,Direct,Mobile,6,280,0,2026-08-07 02:22:00
sess_001673,2751,/product/analytics,Organic Search,Desktop,3,305,0,2026-08-03 02:12:00
sess_001674,1133,/signup,Organic Search,Desktop,2,108,0,2026-09-11 18:25:00
sess_001675,3372,/solutions/enterprise,Direct,Tablet,3,38,0,2026-09-02 18:45:00
sess_001676,3175,/product/analytics,LinkedIn,Desktop,8,291,0,2026-08-24 19:22:00
sess_001677,2422,/home,Referral,Desktop,13,191,0,2026-08-20 19:14:00
sess_001678,3498,/pricing,Google Ads,Desktop,1,58,0,2026-08-12 21:55:00
sess_001679,2622,/pricing,Google Ads,Desktop,7,94,0,2026-09-11 00:02:00
sess_001680,1884,/product/analytics,Organic Search,Mobile,1,68,0,2026-08-05 14:08:00
sess_001681,1499,/home,Direct,Desktop,1,448,0,2026-09-08 02:28:00
sess_001682,2030,/home,Organic Search,Desktop,3,298,0,2026-08-19 05:01:00
sess_001683,2280,/pricing,Direct,Tablet,2,390,0,2026-09-07 23:53:00
sess_001684,1218,/pricing,Organic Search,Desktop,2,14,0,2026-08-19 01:25:00
sess_001685,1944,/signup,Direct,Desktop,1,199,0,2026-08-21 21:24:00
sess_001686,1661,/solutions/enterprise,Direct,Mobile,3,61,0,2026-08-08 22:51:00
sess_001687,2331,/solutions/enterprise,Organic Search,Desktop,1,253,0,2026-09-03 05:33:00
sess_001688,2886,/pricing,Google Ads,Desktop,2,404,0,2026-08-25 21:55:00
sess_001689,1554,/product/analytics,LinkedIn,Mobile,2,266,0,2026-08-17 05:57:00
sess_001690,3342,/signup,Organic Search,Desktop,1,440,0,2026-08-15 03:20:00
sess_001691,1170,/docs/api,Referral,Desktop,3,96,0,2026-08-22 11:31:00
sess_001692,2461,/home,Direct,Desktop,4,181,0,2026-08-03 09:17:00
sess_001693,2883,/home,Organic Search,Desktop,5,120,0,2026-09-04 08:24:00
sess_001694,2402,/home,Direct,Desktop,2,324,0,2026-08-24 08:41:00
sess_001695,3326,/solutions/enterprise,Referral,Mobile,1,154,0,2026-08-11 07:18:00
sess_001696,1602,/pricing,GitHub,Mobile,1,227,0,2026-08-10 03:24:00
sess_001697,1210,/signup,Organic Search,Desktop,3,184,1,2026-08-28 16:45:00
sess_001698,1748,/signup,Google Ads,Desktop,2,361,0,2026-09-14 12:03:00
sess_001699,2227,/solutions/enterprise,LinkedIn,Mobile,2,140,0,2026-08-29 12:09:00
sess_001700,1790,/pricing,Organic Search,Desktop,3,25,0,2026-08-19 05:23:00
sess_001701,1178,/product/analytics,Google Ads,Desktop,3,540,0,2026-08-25 09:22:00
sess_001702,2393,/solutions/enterprise,Direct,Desktop,1,151,0,2026-08-16 13:58:00
sess_001703,2069,/pricing,Direct,Desktop,2,279,0,2026-09-04 13:07:00
sess_001704,2784,/product/analytics,Direct,Desktop,4,209,0,2026-08-06 18:17:00
sess_001705,1749,/solutions/enterprise,Direct,Desktop,2,106,0,2026-09-09 14:11:00
sess_001706,1245,/home,LinkedIn,Mobile,2,548,0,2026-08-13 22:34:00
sess_001707,3141,/product/analytics,LinkedIn,Mobile,3,242,0,2026-09-12 21:26:00
sess_001708,3447,/solutions/enterprise,Organic Search,Mobile,1,52,0,2026-08-16 03:34:00
sess_001709,2393,/pricing,LinkedIn,Desktop,6,990,0,2026-08-13 12:27:00
sess_001710,1415,/home,Organic Search,Mobile,2,1606,0,2026-09-07 17:02:00
sess_001711,2467,/pricing,Referral,Tablet,4,66,0,2026-09-07 00:17:00
sess_001712,2428,/docs/api,Direct,Desktop,1,763,0,2026-08-31 11:51:00
sess_001713,1253,/docs/api,Organic Search,Mobile,3,177,0,2026-08-19 13:10:00
sess_001714,3499,/solutions/enterprise,Direct,Mobile,1,41,0,2026-08-09 10:23:00
sess_001715,1518,/product/analytics,Direct,Tablet,4,694,0,2026-08-10 16:46:00
sess_001716,1746,/signup,Organic Search,Desktop,1,24,0,2026-09-03 11:12:00
sess_001717,3373,/product/analytics,Organic Search,Mobile,2,187,0,2026-09-13 04:30:00
sess_001718,1275,/solutions/enterprise,Referral,Desktop,3,331,0,2026-09-04 16:09:00
sess_001719,1171,/solutions/enterprise,Direct,Desktop,3,323,0,2026-09-06 22:00:00
sess_001720,3347,/signup,Organic Search,Desktop,1,6,0,2026-08-08 12:39:00
sess_001721,2163,/home,Direct,Desktop,2,104,0,2026-08-11 04:30:00
sess_001722,1243,/pricing,Organic Search,Desktop,1,21,0,2026-09-09 17:20:00
sess_001723,2835,/signup,Organic Search,Desktop,6,59,0,2026-08-14 15:11:00
sess_001724,2616,/pricing,Organic Search,Desktop,12,505,0,2026-09-06 00:20:00
sess_001725,2319,/docs/api,Google Ads,Desktop,1,393,0,2026-08-12 16:53:00
sess_001726,1700,/docs/api,Organic Search,Mobile,2,198,0,2026-08-27 07:51:00
sess_001727,1532,/solutions/enterprise,Direct,Desktop,2,416,1,2026-08-04 12:25:00
sess_001728,1651,/product/analytics,Organic Search,Desktop,1,73,0,2026-08-30 14:46:00
sess_001729,1509,/product/analytics,Direct,Desktop,4,321,0,2026-09-08 08:47:00
sess_001730,3299,/home,Direct,Desktop,3,212,0,2026-08-07 15:00:00
sess_001731,2472,/docs/api,Direct,Mobile,3,243,0,2026-08-08 16:00:00
sess_001732,2489,/home,Direct,Desktop,1,21,0,2026-08-28 01:07:00
sess_001733,3270,/pricing,LinkedIn,Desktop,1,82,0,2026-09-10 11:04:00
sess_001734,2111,/solutions/enterprise,Google Ads,Desktop,10,13,0,2026-08-13 23:03:00
sess_001735,3355,/product/analytics,Organic Search,Desktop,8,34,0,2026-09-10 07:21:00
sess_001736,2752,/docs/api,Direct,Desktop,1,62,0,2026-08-26 07:21:00
sess_001737,1525,/docs/api,Google Ads,Desktop,3,163,0,2026-08-01 22:25:00
sess_001738,2501,/signup,Organic Search,Mobile,1,261,0,2026-08-20 08:33:00
sess_001739,1707,/solutions/enterprise,Referral,Desktop,5,25,0,2026-08-29 06:54:00
sess_001740,1167,/solutions/enterprise,Google Ads,Desktop,1,15,0,2026-08-28 06:31:00
sess_001741,3193,/signup,Direct,Mobile,3,392,0,2026-08-14 10:51:00
sess_001742,1707,/docs/api,Direct,Desktop,3,30,0,2026-08-08 22:54:00
sess_001743,2338,/docs/api,Organic Search,Desktop,1,112,0,2026-08-01 19:56:00
sess_001744,1634,/product/analytics,Organic Search,Desktop,3,26,0,2026-09-03 20:02:00
sess_001745,2120,/product/analytics,Direct,Desktop,8,142,0,2026-09-14 01:40:00
sess_001746,3487,/solutions/enterprise,Organic Search,Desktop,1,25,0,2026-08-22 01:28:00
sess_001747,2388,/pricing,Organic Search,Desktop,4,263,0,2026-09-04 10:57:00
sess_001748,2803,/pricing,Referral,Desktop,1,21,0,2026-09-12 13:43:00
sess_001749,2813,/solutions/enterprise,Organic Search,Desktop,1,106,0,2026-08-16 09:53:00
sess_001750,1445,/solutions/enterprise,Google Ads,Desktop,3,103,0,2026-08-30 17:38:00
sess_001751,2433,/home,LinkedIn,Mobile,8,461,0,2026-08-26 17:42:00
sess_001752,2800,/pricing,Direct,Mobile,1,106,1,2026-08-31 11:02:00
sess_001753,1713,/docs/api,LinkedIn,Desktop,15,18,0,2026-08-22 20:20:00
sess_001754,1262,/home,Organic Search,Mobile,1,146,0,2026-08-08 04:48:00
sess_001755,2454,/home,Google Ads,Mobile,8,237,0,2026-08-03 17:10:00
sess_001756,1697,/signup,Google Ads,Desktop,1,79,0,2026-08-13 01:59:00
sess_001757,2614,/solutions/enterprise,Organic Search,Desktop,1,173,0,2026-08-26 20:05:00
sess_001758,2450,/product/analytics,Organic Search,Tablet,11,28,0,2026-09-02 16:02:00
sess_001759,1369,/home,Organic Search,Mobile,1,104,0,2026-08-14 13:38:00
sess_001760,2889,/solutions/enterprise,Google Ads,Desktop,1,37,0,2026-08-15 19:41:00
sess_001761,1955,/home,Google Ads,Mobile,7,62,0,2026-08-07 11:52:00
sess_001762,3227,/signup,Direct,Desktop,7,189,0,2026-08-12 02:10:00
sess_001763,3162,/product/analytics,Direct,Desktop,4,257,0,2026-09-03 18:29:00
sess_001764,2751,/solutions/enterprise,Direct,Mobile,8,72,0,2026-08-12 11:46:00
sess_001765,1705,/product/analytics,Direct,Desktop,1,830,0,2026-08-22 10:20:00
sess_001766,2932,/product/analytics,Direct,Desktop,3,65,0,2026-08-15 16:25:00
sess_001767,1792,/docs/api,Organic Search,Desktop,4,34,0,2026-08-19 14:36:00
sess_001768,1139,/product/analytics,Organic Search,Mobile,11,368,1,2026-08-26 17:22:00
sess_001769,1699,/product/analytics,Google Ads,Mobile,7,193,0,2026-09-01 04:11:00
sess_001770,3272,/product/analytics,Organic Search,Desktop,1,209,0,2026-08-25 23:52:00
sess_001771,1795,/pricing,Direct,Desktop,2,289,0,2026-08-29 03:03:00
sess_001772,2610,/docs/api,Organic Search,Mobile,3,1369,0,2026-08-06 12:54:00
sess_001773,2616,/pricing,Direct,Desktop,6,65,0,2026-08-29 04:18:00
sess_001774,1743,/product/analytics,Organic Search,Desktop,1,147,0,2026-08-09 20:26:00
sess_001775,3078,/pricing,Direct,Tablet,1,224,0,2026-08-04 21:17:00
sess_001776,2272,/solutions/enterprise,Direct,Desktop,1,33,0,2026-08-22 17:24:00
sess_001777,2016,/signup,Google Ads,Desktop,2,70,1,2026-09-11 21:20:00
sess_001778,2220,/signup,Organic Search,Desktop,1,70,0,2026-08-16 07:57:00
sess_001779,2134,/signup,Organic Search,Desktop,1,76,0,2026-09-10 08:01:00
sess_001780,2729,/pricing,Google Ads,Desktop,2,232,0,2026-08-11 00:40:00
sess_001781,1315,/solutions/enterprise,Direct,Desktop,3,166,0,2026-09-08 21:22:00
sess_001782,2894,/home,GitHub,Desktop,4,231,0,2026-09-02 13:56:00
sess_001783,3124,/docs/api,Referral,Desktop,3,134,0,2026-09-01 06:22:00
sess_001784,2555,/signup,GitHub,Desktop,2,565,0,2026-08-22 22:59:00
sess_001785,1522,/pricing,Organic Search,Desktop,1,137,0,2026-08-01 20:23:00
sess_001786,1643,/home,Organic Search,Mobile,1,171,0,2026-08-14 00:26:00
sess_001787,1633,/product/analytics,Google Ads,Tablet,4,68,0,2026-09-14 00:16:00
sess_001788,1883,/solutions/enterprise,Direct,Mobile,2,15,0,2026-09-12 22:45:00
sess_001789,1406,/signup,Organic Search,Tablet,1,309,0,2026-08-07 03:49:00
sess_001790,1720,/pricing,Organic Search,Desktop,1,354,0,2026-08-05 18:31:00
sess_001791,2076,/home,Direct,Desktop,1,347,0,2026-08-31 01:34:00
sess_001792,3398,/signup,GitHub,Desktop,5,296,0,2026-09-08 23:12:00
sess_001793,1653,/home,LinkedIn,Mobile,6,61,0,2026-08-15 04:03:00
sess_001794,2553,/docs/api,LinkedIn,Desktop,2,158,0,2026-08-14 09:52:00
sess_001795,2346,/product/analytics,LinkedIn,Mobile,4,308,0,2026-08-01 06:05:00
sess_001796,2132,/docs/api,Google Ads,Mobile,1,181,0,2026-08-21 18:32:00
sess_001797,1738,/pricing,GitHub,Desktop,7,578,0,2026-09-13 01:09:00
sess_001798,1252,/product/analytics,Organic Search,Mobile,7,208,0,2026-08-30 03:34:00
sess_001799,2638,/pricing,Referral,Desktop,1,153,0,2026-08-25 03:43:00
sess_001800,1978,/solutions/enterprise,Organic Search,Desktop,5,973,0,2026-08-13 14:52:00
sess_001801,1918,/pricing,Organic Search,Tablet,2,142,0,2026-08-18 06:40:00
sess_001802,2367,/signup,Direct,Mobile,4,618,0,2026-08-19 23:53:00
sess_001803,3236,/product/analytics,Organic Search,Desktop,2,7,1,2026-08-27 09:07:00
sess_001804,1656,/pricing,Organic Search,Tablet,1,148,1,2026-08-24 00:58:00
sess_001805,3171,/docs/api,Referral,Mobile,6,66,0,2026-08-21 06:46:00
sess_001806,2589,/home,Organic Search,Desktop,1,95,0,2026-08-23 23:47:00
sess_001807,2800,/pricing,Referral,Tablet,2,21,0,2026-09-14 18:53:00
sess_001808,1159,/product/analytics,LinkedIn,Desktop,12,60,0,2026-08-11 03:38:00
sess_001809,3343,/docs/api,Referral,Desktop,2,156,0,2026-08-26 14:12:00
sess_001810,2380,/signup,GitHub,Mobile,5,234,0,2026-09-10 05:36:00
sess_001811,2271,/product/analytics,LinkedIn,Desktop,1,439,0,2026-09-06 17:17:00
sess_001812,1307,/solutions/enterprise,Direct,Mobile,5,52,0,2026-08-22 10:10:00
sess_001813,2485,/home,Referral,Desktop,2,290,0,2026-08-01 01:43:00
sess_001814,3203,/docs/api,Direct,Desktop,2,9,0,2026-08-06 08:26:00
sess_001815,3475,/home,Organic Search,Desktop,10,408,0,2026-08-20 21:32:00
sess_001816,1949,/pricing,Referral,Desktop,7,167,0,2026-08-25 15:57:00
sess_001817,2327,/home,Organic Search,Desktop,2,341,0,2026-09-04 07:23:00
sess_001818,1021,/pricing,Organic Search,Desktop,9,58,0,2026-08-22 21:01:00
sess_001819,3276,/signup,LinkedIn,Mobile,1,89,0,2026-08-16 10:35:00
sess_001820,2698,/docs/api,Direct,Desktop,1,23,0,2026-08-14 06:35:00
sess_001821,1812,/product/analytics,Direct,Mobile,3,19,1,2026-08-19 12:08:00
sess_001822,1283,/docs/api,LinkedIn,Mobile,5,320,0,2026-09-10 15:56:00
sess_001823,1066,/product/analytics,Organic Search,Desktop,1,68,0,2026-08-31 13:27:00
sess_001824,2621,/signup,LinkedIn,Desktop,1,83,0,2026-09-08 12:58:00
sess_001825,1493,/product/analytics,Direct,Desktop,6,141,0,2026-08-24 19:39:00
sess_001826,2638,/home,Direct,Mobile,13,204,1,2026-09-02 17:55:00
sess_001827,1005,/product/analytics,GitHub,Mobile,4,13,0,2026-08-22 18:51:00
sess_001828,2677,/solutions/enterprise,Google Ads,Desktop,11,158,0,2026-09-12 07:21:00
sess_001829,3005,/solutions/enterprise,Direct,Tablet,6,174,0,2026-09-14 01:36:00
sess_001830,2491,/home,Direct,Desktop,1,346,0,2026-08-09 20:35:00
sess_001831,1854,/home,Google Ads,Desktop,1,35,0,2026-09-04 15:49:00
sess_001832,3124,/docs/api,Direct,Desktop,5,112,0,2026-08-09 02:41:00
sess_001833,1555,/solutions/enterprise,LinkedIn,Desktop,4,120,0,2026-08-27 03:34:00
sess_001834,2068,/signup,Direct,Desktop,5,343,0,2026-09-14 02:04:00
sess_001835,1456,/solutions/enterprise,Direct,Desktop,4,86,0,2026-08-24 09:22:00
sess_001836,2647,/product/analytics,Referral,Desktop,2,20,0,2026-08-28 02:31:00
sess_001837,2797,/docs/api,Organic Search,Tablet,8,170,0,2026-08-28 00:24:00
sess_001838,1347,/docs/api,Direct,Desktop,4,200,0,2026-08-14 20:27:00
sess_001839,2414,/docs/api,GitHub,Desktop,1,162,0,2026-08-21 02:08:00
sess_001840,3258,/pricing,GitHub,Mobile,4,126,0,2026-08-23 08:41:00
sess_001841,3398,/product/analytics,LinkedIn,Mobile,3,48,0,2026-08-16 01:36:00
sess_001842,3396,/home,Direct,Mobile,1,144,0,2026-08-29 04:13:00
sess_001843,2070,/signup,LinkedIn,Desktop,2,11,0,2026-08-19 13:56:00
sess_001844,2515,/docs/api,Organic Search,Mobile,3,155,0,2026-08-06 19:36:00
sess_001845,1416,/product/analytics,Direct,Mobile,2,125,0,2026-08-13 04:37:00
sess_001846,1533,/signup,Direct,Desktop,2,553,0,2026-08-27 14:34:00
sess_001847,1752,/product/analytics,Organic Search,Mobile,3,74,0,2026-09-08 13:53:00
sess_001848,2740,/product/analytics,Google Ads,Desktop,4,8,0,2026-08-06 07:04:00
sess_001849,2020,/solutions/enterprise,Direct,Desktop,4,261,0,2026-08-08 15:07:00
sess_001850,2127,/signup,GitHub,Desktop,5,38,1,2026-08-01 23:34:00
sess_001851,2548,/home,Direct,Mobile,6,146,0,2026-08-27 22:07:00
sess_001852,1487,/docs/api,Direct,Desktop,3,48,0,2026-08-23 22:44:00
sess_001853,2335,/home,Organic Search,Desktop,1,144,0,2026-08-23 06:30:00
sess_001854,1076,/home,LinkedIn,Desktop,2,161,0,2026-08-09 05:14:00
sess_001855,3052,/solutions/enterprise,Direct,Mobile,1,200,0,2026-08-20 17:44:00
sess_001856,3486,/home,GitHub,Desktop,3,89,0,2026-08-20 23:51:00
sess_001857,2867,/home,Direct,Desktop,11,16,0,2026-08-22 06:31:00
sess_001858,2550,/product/analytics,LinkedIn,Desktop,5,168,0,2026-08-09 22:32:00
sess_001859,2601,/product/analytics,LinkedIn,Mobile,2,364,0,2026-08-01 04:10:00
sess_001860,3341,/docs/api,Organic Search,Desktop,4,139,0,2026-08-23 20:02:00
sess_001861,3272,/pricing,GitHub,Desktop,4,56,0,2026-09-10 11:28:00
sess_001862,1097,/docs/api,Direct,Desktop,3,101,0,2026-09-02 06:35:00
sess_001863,2752,/docs/api,LinkedIn,Desktop,7,144,0,2026-08-10 14:03:00
sess_001864,2974,/product/analytics,LinkedIn,Desktop,2,21,0,2026-08-10 16:03:00
sess_001865,2326,/home,Direct,Mobile,4,156,0,2026-08-31 23:36:00
sess_001866,2753,/solutions/enterprise,Organic Search,Desktop,1,25,0,2026-08-28 02:49:00
sess_001867,1751,/signup,Direct,Desktop,1,40,0,2026-09-01 17:20:00
sess_001868,1269,/docs/api,Direct,Desktop,8,94,0,2026-09-03 02:49:00
sess_001869,3039,/pricing,Direct,Mobile,3,294,0,2026-09-01 02:19:00
sess_001870,2678,/docs/api,Direct,Mobile,4,317,0,2026-09-11 01:52:00
sess_001871,2186,/home,LinkedIn,Mobile,6,64,0,2026-08-22 20:21:00
sess_001872,3465,/docs/api,LinkedIn,Desktop,8,143,0,2026-09-10 00:03:00
sess_001873,2736,/home,Direct,Desktop,1,22,0,2026-08-05 15:59:00
sess_001874,2286,/home,Organic Search,Desktop,4,1098,0,2026-08-26 08:15:00
sess_001875,2829,/solutions/enterprise,Google Ads,Tablet,3,196,0,2026-08-21 20:00:00
sess_001876,3041,/solutions/enterprise,LinkedIn,Desktop,3,50,0,2026-08-24 19:27:00
sess_001877,3430,/signup,Google Ads,Desktop,1,418,0,2026-09-01 17:07:00
sess_001878,1214,/signup,Organic Search,Mobile,5,82,0,2026-09-12 01:30:00
sess_001879,1792,/docs/api,GitHub,Desktop,2,62,0,2026-09-06 06:29:00
sess_001880,1116,/signup,Organic Search,Desktop,1,68,0,2026-09-04 13:27:00
sess_001881,1423,/solutions/enterprise,Organic Search,Mobile,4,124,1,2026-08-26 06:00:00
sess_001882,1773,/pricing,Direct,Desktop,1,11,0,2026-08-10 02:33:00
sess_001883,1080,/product/analytics,Referral,Desktop,2,194,0,2026-08-12 21:47:00
sess_001884,2210,/signup,Organic Search,Desktop,2,536,0,2026-09-08 18:39:00
sess_001885,1133,/docs/api,Google Ads,Desktop,5,309,0,2026-08-24 18:13:00
sess_001886,1987,/signup,Organic Search,Desktop,9,304,0,2026-08-04 13:49:00
sess_001887,2160,/solutions/enterprise,Organic Search,Mobile,5,272,0,2026-08-06 15:41:00
sess_001888,1586,/pricing,Organic Search,Desktop,2,84,0,2026-09-10 17:48:00
sess_001889,3011,/product/analytics,LinkedIn,Desktop,1,43,0,2026-08-25 10:25:00
sess_001890,1214,/signup,Organic Search,Mobile,4,72,0,2026-08-01 15:24:00
sess_001891,3362,/pricing,Organic Search,Desktop,7,39,0,2026-08-02 05:15:00
sess_001892,3164,/signup,Organic Search,Desktop,2,347,0,2026-08-30 06:13:00
sess_001893,1317,/docs/api,LinkedIn,Mobile,1,103,0,2026-08-06 12:46:00
sess_001894,1070,/product/analytics,Organic Search,Mobile,1,305,0,2026-08-10 17:52:00
sess_001895,1606,/signup,Direct,Mobile,2,66,0,2026-08-27 01:03:00
sess_001896,2045,/solutions/enterprise,Organic Search,Desktop,2,32,0,2026-09-05 05:04:00
sess_001897,3085,/home,Direct,Desktop,1,373,0,2026-08-27 22:08:00
sess_001898,1653,/signup,LinkedIn,Mobile,2,293,0,2026-08-28 02:36:00
sess_001899,2797,/solutions/enterprise,Organic Search,Desktop,9,151,0,2026-08-06 00:21:00
sess_001900,1237,/signup,LinkedIn,Mobile,1,28,0,2026-09-10 22:38:00
sess_001901,2074,/signup,Organic Search,Desktop,5,78,0,2026-08-12 05:34:00
sess_001902,2410,/home,LinkedIn,Mobile,2,15,0,2026-08-23 20:47:00
sess_001903,2158,/pricing,Google Ads,Mobile,3,416,1,2026-08-30 06:19:00
sess_001904,2849,/signup,Organic Search,Desktop,10,54,0,2026-08-12 15:38:00
sess_001905,3025,/home,Organic Search,Desktop,2,138,0,2026-09-09 09:42:00
sess_001906,2777,/home,Organic Search,Mobile,1,517,0,2026-09-09 00:48:00
sess_001907,1666,/pricing,Direct,Desktop,5,180,0,2026-08-15 19:23:00
sess_001908,2548,/signup,Direct,Desktop,1,180,0,2026-09-05 10:58:00
sess_001909,1516,/signup,Organic Search,Mobile,7,326,0,2026-08-14 01:22:00
sess_001910,1064,/pricing,Direct,Mobile,1,217,0,2026-08-21 17:42:00
sess_001911,1656,/home,Organic Search,Desktop,1,124,0,2026-08-07 22:11:00
sess_001912,3212,/home,Direct,Mobile,10,28,1,2026-09-09 14:32:00
sess_001913,2681,/docs/api,Organic Search,Tablet,6,128,0,2026-09-11 16:56:00
sess_001914,3395,/solutions/enterprise,Referral,Desktop,1,41,0,2026-08-29 06:49:00
sess_001915,2937,/product/analytics,Organic Search,Desktop,5,126,0,2026-08-06 21:55:00
sess_001916,1936,/pricing,Organic Search,Mobile,1,8,0,2026-08-22 11:09:00
sess_001917,2022,/pricing,Direct,Desktop,1,83,0,2026-08-30 14:42:00
sess_001918,3292,/home,Organic Search,Desktop,1,15,1,2026-08-17 17:16:00
sess_001919,3269,/pricing,Google Ads,Desktop,1,33,0,2026-09-07 07:59:00
sess_001920,2040,/solutions/enterprise,Google Ads,Mobile,2,218,0,2026-08-26 19:08:00
sess_001921,1579,/signup,Direct,Desktop,2,678,0,2026-08-25 00:53:00
sess_001922,2884,/docs/api,Google Ads,Desktop,3,154,0,2026-09-02 21:02:00
sess_001923,3478,/signup,LinkedIn,Desktop,4,38,0,2026-08-25 14:00:00
sess_001924,3032,/signup,Organic Search,Desktop,3,90,0,2026-09-01 18:17:00
sess_001925,2847,/docs/api,Google Ads,Desktop,1,53,0,2026-08-19 19:09:00
sess_001926,1504,/home,GitHub,Mobile,1,13,0,2026-08-29 05:59:00
sess_001927,1382,/signup,Organic Search,Mobile,4,444,0,2026-08-10 09:10:00
sess_001928,1331,/signup,Google Ads,Desktop,2,145,0,2026-08-16 01:42:00
sess_001929,1838,/home,GitHub,Desktop,1,34,0,2026-08-15 05:40:00
sess_001930,2247,/product/analytics,LinkedIn,Desktop,4,251,0,2026-08-21 02:16:00
sess_001931,2162,/solutions/enterprise,Organic Search,Desktop,2,38,0,2026-08-04 21:37:00
sess_001932,1769,/pricing,Organic Search,Mobile,1,46,0,2026-08-05 17:48:00
sess_001933,2296,/home,Referral,Mobile,5,170,0,2026-09-03 16:58:00
sess_001934,1124,/product/analytics,Direct,Mobile,5,105,0,2026-08-30 17:19:00
sess_001935,3080,/docs/api,LinkedIn,Desktop,12,410,0,2026-08-25 09:56:00
sess_001936,1300,/pricing,GitHub,Desktop,2,168,1,2026-08-14 15:32:00
sess_001937,1077,/signup,Organic Search,Mobile,1,41,0,2026-08-31 16:04:00
sess_001938,3352,/docs/api,Direct,Mobile,3,120,0,2026-08-03 00:07:00
sess_001939,2129,/docs/api,Direct,Desktop,1,238,0,2026-09-12 20:30:00
sess_001940,1110,/solutions/enterprise,Organic Search,Mobile,9,169,0,2026-09-04 13:00:00
sess_001941,1180,/home,LinkedIn,Mobile,1,74,0,2026-08-22 01:04:00
sess_001942,3412,/home,Google Ads,Mobile,8,92,1,2026-08-21 04:10:00
sess_001943,2671,/home,Organic Search,Desktop,9,202,0,2026-08-13 00:46:00
sess_001944,1164,/docs/api,Google Ads,Tablet,5,136,0,2026-08-07 18:39:00
sess_001945,1483,/product/analytics,Referral,Mobile,1,18,0,2026-08-14 12:51:00
sess_001946,1304,/solutions/enterprise,GitHub,Mobile,3,148,0,2026-08-02 04:32:00
sess_001947,1451,/solutions/enterprise,Direct,Tablet,2,114,0,2026-09-03 17:24:00
sess_001948,2843,/docs/api,Google Ads,Desktop,5,308,0,2026-09-04 09:58:00
sess_001949,1821,/home,Google Ads,Desktop,2,26,0,2026-09-06 21:53:00
sess_001950,2587,/signup,Google Ads,Mobile,2,5,0,2026-08-17 10:57:00
sess_001951,3132,/product/analytics,Direct,Desktop,3,314,1,2026-09-14 08:43:00
sess_001952,1874,/home,Direct,Mobile,1,47,0,2026-08-18 15:50:00
sess_001953,2193,/solutions/enterprise,Organic Search,Desktop,3,10,0,2026-08-17 14:53:00
sess_001954,2690,/product/analytics,Organic Search,Desktop,2,49,0,2026-08-16 00:33:00
sess_001955,3398,/pricing,Direct,Desktop,3,395,0,2026-09-12 02:51:00
sess_001956,1527,/pricing,Organic Search,Mobile,1,38,0,2026-08-19 05:46:00
sess_001957,2740,/docs/api,Direct,Desktop,2,74,0,2026-09-14 05:05:00
sess_001958,3118,/pricing,Referral,Desktop,3,174,0,2026-08-06 23:26:00
sess_001959,1970,/signup,Organic Search,Desktop,3,40,0,2026-08-05 13:35:00
sess_001960,2266,/solutions/enterprise,GitHub,Desktop,1,191,0,2026-08-29 07:49:00
sess_001961,2994,/solutions/enterprise,Organic Search,Mobile,2,225,0,2026-08-03 21:24:00
sess_001962,1633,/pricing,LinkedIn,Mobile,3,52,0,2026-08-31 16:16:00
sess_001963,2759,/docs/api,Organic Search,Desktop,1,23,0,2026-09-10 13:30:00
sess_001964,2312,/docs/api,Organic Search,Desktop,3,97,0,2026-08-03 10:46:00
sess_001965,3076,/product/analytics,Google Ads,Desktop,1,220,0,2026-08-28 20:01:00
sess_001966,1862,/pricing,LinkedIn,Mobile,8,307,0,2026-08-30 16:30:00
sess_001967,3394,/pricing,LinkedIn,Desktop,1,11,0,2026-09-04 06:25:00
sess_001968,2766,/signup,Referral,Mobile,5,143,0,2026-09-04 16:30:00
sess_001969,2543,/solutions/enterprise,Organic Search,Mobile,3,58,0,2026-09-07 17:34:00
sess_001970,2578,/pricing,Direct,Desktop,4,101,0,2026-08-28 05:15:00
sess_001971,3478,/home,Direct,Mobile,7,140,0,2026-08-15 00:02:00
sess_001972,1339,/docs/api,Direct,Desktop,6,244,0,2026-09-10 02:16:00
sess_001973,1039,/signup,LinkedIn,Mobile,1,12,0,2026-09-05 06:24:00
sess_001974,3487,/docs/api,GitHub,Desktop,8,38,0,2026-08-23 18:35:00
sess_001975,1972,/signup,LinkedIn,Desktop,1,177,0,2026-09-14 10:35:00
sess_001976,3413,/signup,Direct,Desktop,2,109,0,2026-08-08 19:07:00
sess_001977,2280,/product/analytics,LinkedIn,Desktop,3,47,0,2026-08-03 15:51:00
sess_001978,1672,/pricing,Organic Search,Desktop,8,17,1,2026-08-02 08:17:00
sess_001979,3235,/docs/api,LinkedIn,Desktop,3,448,1,2026-08-12 02:54:00
sess_001980,1033,/pricing,Direct,Desktop,6,86,0,2026-09-11 13:30:00
sess_001981,2095,/solutions/enterprise,Organic Search,Desktop,8,100,0,2026-08-13 01:28:00
sess_001982,2824,/docs/api,Direct,Mobile,4,14,1,2026-08-25 17:08:00
sess_001983,2254,/pricing,Google Ads,Desktop,2,246,0,2026-09-04 16:40:00
sess_001984,2684,/pricing,Direct,Mobile,2,878,0,2026-09-09 13:01:00
sess_001985,1176,/signup,LinkedIn,Desktop,1,694,0,2026-08-23 13:14:00
sess_001986,2034,/product/analytics,Direct,Desktop,2,72,0,2026-08-31 15:07:00
sess_001987,1634,/docs/api,GitHub,Tablet,1,589,0,2026-09-04 23:37:00
sess_001988,3265,/home,Direct,Tablet,1,99,0,2026-08-13 05:28:00
sess_001989,2156,/signup,Google Ads,Desktop,2,93,0,2026-08-23 13:51:00
sess_001990,2595,/docs/api,Google Ads,Desktop,6,325,0,2026-08-12 15:16:00
sess_001991,2181,/solutions/enterprise,Direct,Desktop,2,287,0,2026-08-14 17:37:00
sess_001992,2495,/pricing,Direct,Desktop,1,120,0,2026-08-14 00:40:00
sess_001993,3191,/docs/api,Organic Search,Desktop,5,111,0,2026-09-14 08:14:00
sess_001994,1209,/pricing,Direct,Desktop,9,627,1,2026-08-14 22:47:00
sess_001995,3137,/product/analytics,Organic Search,Mobile,5,99,0,2026-08-13 05:06:00
sess_001996,2035,/product/analytics,Google Ads,Mobile,1,361,0,2026-08-11 01:02:00
sess_001997,3371,/docs/api,Organic Search,Tablet,2,251,0,2026-08-09 15:11:00
sess_001998,2274,/product/analytics,Organic Search,Desktop,3,25,0,2026-08-06 19:44:00
sess_001999,3289,/signup,GitHub,Desktop,1,36,0,2026-09-07 07:16:00
sess_002000,2108,/pricing,Direct,Desktop,3,11,0,2026-08-01 21:05:00
sess_002001,2199,/solutions/enterprise,Organic Search,Mobile,1,11,0,2026-09-03 11:04:00
sess_002002,1292,/signup,Organic Search,Desktop,3,171,1,2026-09-07 23:32:00
sess_002003,3017,/docs/api,LinkedIn,Mobile,4,19,0,2026-09-08 03:50:00
sess_002004,2068,/solutions/enterprise,Direct,Desktop,5,31,0,2026-08-04 05:52:00
sess_002005,1714,/product/analytics,Direct,Desktop,5,55,0,2026-08-26 21:36:00
sess_002006,1642,/product/analytics,Direct,Desktop,5,150,0,2026-08-08 03:26:00
sess_002007,3437,/pricing,Organic Search,Mobile,1,51,0,2026-08-21 21:59:00
sess_002008,2485,/signup,Direct,Desktop,13,95,0,2026-08-16 05:01:00
sess_002009,3204,/signup,Organic Search,Desktop,5,83,0,2026-09-05 18:15:00
sess_002010,3208,/docs/api,Direct,Mobile,1,95,0,2026-09-04 08:15:00
sess_002011,2552,/signup,Direct,Mobile,4,481,0,2026-09-14 06:03:00
sess_002012,2976,/docs/api,LinkedIn,Desktop,2,634,0,2026-08-02 17:03:00
sess_002013,1778,/home,LinkedIn,Desktop,2,18,0,2026-08-25 20:39:00
sess_002014,1222,/pricing,Direct,Mobile,4,26,0,2026-08-02 06:30:00
sess_002015,3171,/docs/api,Direct,Mobile,1,15,0,2026-08-12 02:12:00
sess_002016,2173,/solutions/enterprise,Direct,Mobile,21,93,0,2026-09-01 01:04:00
sess_002017,1546,/product/analytics,LinkedIn,Mobile,3,347,0,2026-08-19 18:37:00
sess_002018,2550,/solutions/enterprise,Direct,Desktop,3,294,0,2026-08-23 03:03:00
sess_002019,2879,/signup,GitHub,Desktop,2,83,0,2026-09-11 16:57:00
sess_002020,2329,/product/analytics,Direct,Mobile,3,255,0,2026-08-24 03:22:00
sess_002021,1015,/pricing,GitHub,Mobile,4,700,1,2026-08-19 01:58:00
sess_002022,1512,/docs/api,Direct,Desktop,2,43,0,2026-08-25 13:31:00
sess_002023,2057,/product/analytics,Direct,Mobile,2,602,0,2026-09-10 14:05:00
sess_002024,1353,/pricing,Referral,Desktop,1,270,0,2026-08-17 14:03:00
sess_002025,2487,/solutions/enterprise,LinkedIn,Desktop,5,26,0,2026-08-30 22:35:00
sess_002026,2127,/product/analytics,Direct,Desktop,4,289,0,2026-08-12 15:30:00
sess_002027,2312,/signup,LinkedIn,Desktop,5,24,0,2026-09-08 09:42:00
sess_002028,1142,/docs/api,Direct,Mobile,4,10,0,2026-08-28 14:44:00
sess_002029,1976,/signup,Google Ads,Mobile,1,265,0,2026-08-27 16:57:00
sess_002030,1336,/solutions/enterprise,Organic Search,Mobile,1,410,0,2026-09-06 20:42:00
sess_002031,2826,/pricing,Referral,Desktop,2,97,1,2026-09-10 19:21:00
sess_002032,1692,/solutions/enterprise,Direct,Desktop,1,9,0,2026-08-29 19:21:00
sess_002033,2015,/product/analytics,Organic Search,Mobile,3,168,0,2026-09-12 02:43:00
sess_002034,2948,/signup,Google Ads,Desktop,7,52,0,2026-08-12 08:16:00
sess_002035,3423,/signup,GitHub,Desktop,4,146,0,2026-08-06 02:17:00
sess_002036,3105,/home,LinkedIn,Mobile,1,73,0,2026-08-13 19:45:00
sess_002037,3020,/home,LinkedIn,Desktop,2,180,0,2026-08-22 02:57:00
sess_002038,1588,/docs/api,GitHub,Desktop,1,59,0,2026-08-19 14:17:00
sess_002039,2062,/pricing,LinkedIn,Desktop,1,33,0,2026-09-07 13:15:00
sess_002040,2536,/docs/api,Google Ads,Mobile,2,256,0,2026-08-30 05:53:00
sess_002041,1560,/product/analytics,Direct,Mobile,4,144,0,2026-08-05 18:16:00
sess_002042,2356,/pricing,LinkedIn,Mobile,6,73,0,2026-09-11 05:41:00
sess_002043,1343,/home,Referral,Desktop,2,182,1,2026-08-09 22:04:00
sess_002044,3380,/solutions/enterprise,Direct,Desktop,1,65,0,2026-08-06 16:36:00
sess_002045,2379,/solutions/enterprise,LinkedIn,Desktop,1,86,0,2026-08-05 06:49:00
sess_002046,1950,/product/analytics,Organic Search,Desktop,2,89,0,2026-08-05 14:43:00
sess_002047,1845,/product/analytics,LinkedIn,Desktop,3,51,0,2026-08-05 18:48:00
sess_002048,1364,/pricing,Organic Search,Desktop,3,109,0,2026-08-13 07:42:00
sess_002049,2270,/home,Google Ads,Desktop,6,308,0,2026-08-14 19:04:00
sess_002050,1497,/solutions/enterprise,Direct,Mobile,1,642,0,2026-08-25 00:25:00
sess_002051,1835,/pricing,Direct,Mobile,14,49,0,2026-09-09 04:11:00
sess_002052,2086,/signup,Referral,Desktop,8,507,0,2026-08-12 21:10:00
sess_002053,2615,/signup,Organic Search,Mobile,1,63,0,2026-08-02 03:00:00
sess_002054,2263,/signup,Direct,Desktop,1,119,0,2026-09-03 19:01:00
sess_002055,2620,/pricing,Google Ads,Tablet,3,24,0,2026-09-07 23:14:00
sess_002056,2362,/pricing,Organic Search,Desktop,4,173,0,2026-08-04 21:37:00
sess_002057,2121,/docs/api,Organic Search,Desktop,2,133,1,2026-09-08 05:29:00
sess_002058,3005,/pricing,GitHub,Desktop,1,209,0,2026-09-01 07:37:00
sess_002059,2517,/signup,LinkedIn,Desktop,3,170,0,2026-08-23 09:07:00
sess_002060,2794,/pricing,Organic Search,Desktop,3,722,0,2026-08-08 22:22:00
sess_002061,1678,/signup,Organic Search,Mobile,1,269,0,2026-09-06 17:34:00
sess_002062,3314,/signup,Google Ads,Desktop,5,610,0,2026-09-02 05:54:00
sess_002063,2759,/pricing,LinkedIn,Desktop,4,139,0,2026-08-18 09:55:00
sess_002064,2390,/pricing,LinkedIn,Desktop,1,64,0,2026-08-06 20:41:00
sess_002065,2309,/docs/api,Direct,Desktop,2,141,0,2026-08-01 05:30:00
sess_002066,2507,/product/analytics,Google Ads,Desktop,2,118,0,2026-08-02 07:12:00
sess_002067,2763,/signup,Google Ads,Desktop,2,105,0,2026-08-23 13:20:00
sess_002068,2295,/docs/api,Direct,Mobile,2,97,0,2026-08-31 17:25:00
sess_002069,2183,/pricing,GitHub,Mobile,3,305,0,2026-08-04 19:22:00
sess_002070,1867,/product/analytics,Direct,Mobile,1,248,0,2026-08-17 16:25:00
sess_002071,3277,/docs/api,Organic Search,Desktop,2,190,0,2026-08-04 20:19:00
sess_002072,1497,/home,Organic Search,Mobile,1,191,0,2026-08-23 22:07:00
sess_002073,3253,/home,LinkedIn,Mobile,1,89,0,2026-08-04 20:49:00
sess_002074,1198,/pricing,Direct,Desktop,1,108,0,2026-08-21 11:11:00
sess_002075,3369,/pricing,Organic Search,Desktop,1,34,0,2026-09-10 13:54:00
sess_002076,3407,/solutions/enterprise,LinkedIn,Desktop,1,160,0,2026-08-10 20:39:00
sess_002077,2418,/home,Google Ads,Desktop,1,32,0,2026-09-14 16:37:00
sess_002078,1457,/product/analytics,Organic Search,Desktop,5,449,0,2026-08-07 12:46:00
sess_002079,1901,/product/analytics,Direct,Desktop,1,101,0,2026-08-16 21:37:00
sess_002080,2938,/signup,Google Ads,Mobile,3,12,0,2026-08-16 20:06:00
sess_002081,1152,/signup,GitHub,Desktop,2,5,0,2026-08-22 08:49:00
sess_002082,1309,/solutions/enterprise,Organic Search,Desktop,2,208,0,2026-09-06 11:44:00
sess_002083,1451,/home,LinkedIn,Desktop,6,175,0,2026-08-27 19:16:00
sess_002084,3315,/docs/api,Direct,Desktop,2,269,0,2026-08-21 00:43:00
sess_002085,1901,/docs/api,Direct,Desktop,3,254,0,2026-08-04 13:17:00
sess_002086,1201,/product/analytics,Organic Search,Mobile,2,5,0,2026-09-03 04:41:00
sess_002087,2882,/docs/api,LinkedIn,Mobile,1,37,0,2026-08-20 16:24:00
sess_002088,1359,/pricing,Direct,Desktop,4,75,0,2026-08-07 20:52:00
sess_002089,2136,/pricing,Organic Search,Desktop,1,16,0,2026-09-09 10:08:00
sess_002090,2317,/solutions/enterprise,Google Ads,Desktop,1,40,0,2026-08-25 04:33:00
sess_002091,2188,/docs/api,Organic Search,Desktop,4,161,0,2026-09-12 05:07:00
sess_002092,1507,/solutions/enterprise,Organic Search,Desktop,1,114,0,2026-08-27 13:56:00
sess_002093,2176,/home,Organic Search,Desktop,1,359,0,2026-08-04 06:26:00
sess_002094,3475,/docs/api,Organic Search,Mobile,2,50,0,2026-08-07 20:05:00
sess_002095,2083,/product/analytics,Google Ads,Desktop,1,142,0,2026-08-21 19:01:00
sess_002096,1909,/product/analytics,Organic Search,Mobile,4,361,0,2026-09-11 07:27:00
sess_002097,1066,/home,LinkedIn,Desktop,4,16,1,2026-08-31 12:09:00
sess_002098,1627,/pricing,Organic Search,Desktop,1,372,0,2026-09-05 18:08:00
sess_002099,1675,/pricing,Organic Search,Tablet,2,80,0,2026-08-22 21:29:00
sess_002100,3328,/pricing,Organic Search,Desktop,9,358,0,2026-08-18 05:11:00
sess_002101,2031,/docs/api,Referral,Desktop,2,211,0,2026-08-27 18:34:00
sess_002102,2304,/solutions/enterprise,GitHub,Desktop,1,206,1,2026-08-15 04:05:00
sess_002103,2565,/home,Organic Search,Desktop,3,13,0,2026-09-03 13:38:00
sess_002104,2650,/signup,Organic Search,Tablet,2,515,0,2026-09-02 18:25:00
sess_002105,1334,/docs/api,Organic Search,Desktop,1,106,0,2026-08-28 10:22:00
sess_002106,1187,/product/analytics,Organic Search,Desktop,1,25,0,2026-08-04 23:22:00
sess_002107,1812,/solutions/enterprise,Direct,Mobile,4,267,0,2026-08-21 08:24:00
sess_002108,2764,/solutions/enterprise,LinkedIn,Desktop,2,367,0,2026-08-09 20:26:00
sess_002109,1558,/docs/api,Organic Search,Mobile,12,482,1,2026-08-17 21:43:00
sess_002110,1849,/product/analytics,LinkedIn,Mobile,1,132,0,2026-08-14 18:37:00
sess_002111,3089,/solutions/enterprise,Organic Search,Desktop,3,98,0,2026-08-23 22:26:00
sess_002112,3225,/docs/api,LinkedIn,Desktop,1,162,0,2026-08-04 07:34:00
sess_002113,2798,/product/analytics,LinkedIn,Desktop,3,68,0,2026-08-25 18:14:00
sess_002114,1003,/signup,LinkedIn,Desktop,2,94,0,2026-08-03 09:47:00
sess_002115,1309,/docs/api,Google Ads,Tablet,2,144,0,2026-08-20 05:20:00
sess_002116,2708,/signup,GitHub,Desktop,2,318,0,2026-09-07 12:37:00
sess_002117,1798,/product/analytics,Google Ads,Desktop,1,350,0,2026-09-12 14:26:00
sess_002118,2103,/home,Direct,Desktop,5,30,0,2026-08-04 17:49:00
sess_002119,3108,/signup,Organic Search,Mobile,8,30,0,2026-08-26 12:41:00
sess_002120,3425,/pricing,GitHub,Desktop,6,41,0,2026-09-01 14:42:00
sess_002121,2410,/docs/api,LinkedIn,Mobile,5,168,0,2026-08-06 07:16:00
sess_002122,1942,/docs/api,Direct,Mobile,3,45,0,2026-08-20 19:40:00
sess_002123,3050,/docs/api,Organic Search,Desktop,2,175,0,2026-09-08 06:13:00
sess_002124,1476,/docs/api,LinkedIn,Mobile,1,237,1,2026-08-22 15:04:00
sess_002125,1058,/home,Referral,Tablet,5,357,0,2026-08-24 01:16:00
sess_002126,1308,/signup,Organic Search,Desktop,1,368,0,2026-09-14 11:10:00
sess_002127,2423,/pricing,Google Ads,Desktop,1,48,0,2026-08-08 12:20:00
sess_002128,3201,/signup,Organic Search,Desktop,2,72,0,2026-08-03 04:50:00
sess_002129,1677,/pricing,Direct,Desktop,1,41,0,2026-09-05 11:28:00
sess_002130,1368,/solutions/enterprise,Organic Search,Tablet,3,210,0,2026-09-07 23:55:00
sess_002131,1242,/home,Direct,Desktop,4,213,0,2026-08-12 02:07:00
sess_002132,3324,/pricing,Direct,Desktop,7,5,0,2026-09-07 22:42:00
sess_002133,1680,/pricing,Organic Search,Desktop,1,37,0,2026-09-12 01:07:00
sess_002134,3136,/product/analytics,Direct,Desktop,1,78,0,2026-08-26 18:49:00
sess_002135,2282,/signup,Organic Search,Desktop,4,46,0,2026-09-09 23:25:00
sess_002136,3284,/product/analytics,Direct,Desktop,1,149,0,2026-09-08 20:06:00
sess_002137,3359,/home,Referral,Desktop,2,12,1,2026-09-10 18:44:00
sess_002138,1189,/home,Organic Search,Tablet,4,319,0,2026-09-09 10:58:00
sess_002139,1728,/pricing,Direct,Desktop,2,117,0,2026-08-16 17:44:00
sess_002140,2247,/product/analytics,Organic Search,Desktop,1,167,0,2026-09-06 01:00:00
sess_002141,2619,/product/analytics,Organic Search,Tablet,1,161,0,2026-08-28 12:41:00
sess_002142,1014,/pricing,Direct,Desktop,1,112,0,2026-09-12 14:13:00
sess_002143,1765,/pricing,Direct,Desktop,4,155,0,2026-09-01 09:24:00
sess_002144,2053,/solutions/enterprise,LinkedIn,Desktop,1,19,0,2026-08-01 02:06:00
sess_002145,1459,/docs/api,Direct,Mobile,3,92,0,2026-08-30 07:43:00
sess_002146,1831,/signup,Organic Search,Desktop,9,227,0,2026-08-31 01:26:00
sess_002147,2269,/home,Organic Search,Mobile,6,87,0,2026-08-28 18:36:00
sess_002148,3366,/home,Organic Search,Mobile,1,57,1,2026-09-09 00:43:00
sess_002149,3054,/solutions/enterprise,GitHub,Mobile,4,154,0,2026-08-19 04:46:00
sess_002150,1085,/product/analytics,Organic Search,Desktop,4,121,0,2026-09-02 06:17:00
sess_002151,2351,/signup,Organic Search,Tablet,1,142,0,2026-08-13 08:48:00
sess_002152,1214,/docs/api,Organic Search,Mobile,1,577,0,2026-09-07 22:31:00
sess_002153,3309,/product/analytics,LinkedIn,Mobile,6,34,0,2026-08-16 22:46:00
sess_002154,2549,/solutions/enterprise,Direct,Desktop,3,177,0,2026-08-20 19:24:00
sess_002155,3308,/solutions/enterprise,Organic Search,Desktop,4,10,0,2026-09-12 03:32:00
sess_002156,1055,/solutions/enterprise,Google Ads,Desktop,2,192,0,2026-08-28 07:49:00
sess_002157,1509,/home,LinkedIn,Desktop,1,44,0,2026-09-03 02:22:00
sess_002158,2688,/home,Direct,Tablet,1,301,0,2026-09-03 21:28:00
sess_002159,1443,/product/analytics,LinkedIn,Desktop,3,61,0,2026-09-07 01:04:00
sess_002160,2155,/signup,Organic Search,Mobile,1,97,0,2026-08-26 16:46:00
sess_002161,2768,/pricing,Direct,Desktop,2,135,0,2026-09-10 16:31:00
sess_002162,2649,/home,GitHub,Desktop,1,174,0,2026-08-12 14:18:00
sess_002163,3310,/signup,Organic Search,Desktop,16,68,0,2026-09-14 01:38:00
sess_002164,1915,/docs/api,Google Ads,Desktop,3,35,0,2026-09-11 21:02:00
sess_002165,2391,/docs/api,Google Ads,Desktop,1,186,0,2026-08-10 23:24:00
sess_002166,1355,/docs/api,GitHub,Desktop,1,109,0,2026-09-07 17:00:00
sess_002167,1476,/solutions/enterprise,Direct,Desktop,2,15,0,2026-08-22 20:24:00
sess_002168,1667,/product/analytics,Organic Search,Mobile,1,143,0,2026-09-06 12:34:00
sess_002169,3087,/solutions/enterprise,Direct,Mobile,2,118,0,2026-09-14 12:05:00
sess_002170,2346,/docs/api,LinkedIn,Mobile,9,134,0,2026-08-17 07:53:00
sess_002171,1354,/docs/api,Organic Search,Tablet,5,25,0,2026-08-11 10:57:00
sess_002172,1314,/solutions/enterprise,Direct,Mobile,8,120,0,2026-09-13 14:48:00
sess_002173,2811,/docs/api,LinkedIn,Desktop,1,251,0,2026-08-20 10:28:00
sess_002174,1446,/docs/api,Direct,Mobile,2,30,0,2026-09-14 09:59:00
sess_002175,1162,/product/analytics,Organic Search,Desktop,3,180,0,2026-08-08 13:05:00
sess_002176,1313,/docs/api,Direct,Desktop,4,40,0,2026-09-13 04:42:00
sess_002177,2912,/solutions/enterprise,Direct,Desktop,2,71,0,2026-08-05 15:51:00
sess_002178,2594,/solutions/enterprise,LinkedIn,Desktop,2,86,0,2026-08-29 22:51:00
sess_002179,1884,/pricing,Organic Search,Desktop,2,264,0,2026-08-16 18:28:00
sess_002180,2322,/docs/api,Direct,Desktop,5,51,0,2026-09-03 18:42:00
sess_002181,2834,/pricing,GitHub,Mobile,2,60,0,2026-08-06 08:12:00
sess_002182,3263,/signup,Organic Search,Desktop,1,372,0,2026-08-29 17:41:00
sess_002183,2382,/solutions/enterprise,LinkedIn,Desktop,5,249,0,2026-08-31 10:45:00
sess_002184,3176,/pricing,Organic Search,Mobile,1,132,0,2026-08-25 17:14:00
sess_002185,2197,/signup,Direct,Desktop,3,73,0,2026-08-14 18:31:00
sess_002186,2150,/docs/api,GitHub,Mobile,1,287,0,2026-08-05 13:10:00
sess_002187,1926,/home,Direct,Desktop,2,153,0,2026-09-06 14:00:00
sess_002188,2453,/product/analytics,Direct,Desktop,2,77,0,2026-08-31 05:04:00
sess_002189,2809,/signup,Organic Search,Mobile,11,73,0,2026-08-06 00:23:00
sess_002190,1282,/docs/api,Organic Search,Desktop,1,115,0,2026-09-04 01:20:00
sess_002191,3024,/pricing,Organic Search,Mobile,4,539,0,2026-08-03 07:36:00
sess_002192,3221,/pricing,Direct,Desktop,10,190,0,2026-08-10 07:54:00
sess_002193,2250,/signup,Direct,Tablet,1,209,0,2026-08-30 10:01:00
sess_002194,2140,/pricing,Organic Search,Mobile,1,93,0,2026-08-16 04:02:00
sess_002195,1191,/signup,Referral,Mobile,9,680,0,2026-08-14 16:02:00
sess_002196,3170,/solutions/enterprise,Organic Search,Desktop,2,99,0,2026-08-26 13:51:00
sess_002197,1268,/docs/api,Google Ads,Mobile,5,7,0,2026-08-31 21:47:00
sess_002198,1433,/pricing,Organic Search,Mobile,5,295,0,2026-09-10 15:23:00
sess_002199,3175,/home,Google Ads,Tablet,2,134,1,2026-08-08 15:09:00
sess_002200,2543,/docs/api,Direct,Desktop,1,34,0,2026-08-28 18:54:00
sess_002201,2463,/solutions/enterprise,Google Ads,Desktop,4,9,0,2026-08-15 09:54:00
sess_002202,1183,/docs/api,LinkedIn,Mobile,2,877,0,2026-08-04 02:08:00
sess_002203,1135,/signup,Direct,Desktop,2,192,0,2026-08-08 19:02:00
sess_002204,2487,/signup,Direct,Desktop,3,117,0,2026-08-13 05:47:00
sess_002205,1684,/solutions/enterprise,LinkedIn,Desktop,1,78,0,2026-09-06 10:43:00
sess_002206,1353,/solutions/enterprise,Google Ads,Desktop,1,18,0,2026-09-03 17:18:00
sess_002207,2175,/product/analytics,Direct,Desktop,2,191,0,2026-09-06 02:54:00
sess_002208,1020,/product/analytics,Direct,Desktop,2,87,0,2026-08-16 22:22:00
sess_002209,1652,/home,Organic Search,Desktop,4,828,0,2026-08-30 18:10:00
sess_002210,2329,/pricing,GitHub,Desktop,2,25,0,2026-08-06 23:00:00
sess_002211,1434,/docs/api,Organic Search,Mobile,2,55,0,2026-09-07 01:31:00
sess_002212,2027,/pricing,Organic Search,Desktop,3,97,0,2026-08-04 18:08:00
sess_002213,2756,/docs/api,Organic Search,Desktop,3,292,0,2026-09-06 11:27:00
sess_002214,2917,/home,Google Ads,Mobile,2,275,0,2026-08-27 10:07:00
sess_002215,2979,/home,LinkedIn,Mobile,3,55,0,2026-08-19 01:01:00
sess_002216,1929,/docs/api,Organic Search,Desktop,3,85,0,2026-08-26 16:15:00
sess_002217,2096,/solutions/enterprise,Direct,Desktop,1,15,0,2026-08-10 22:39:00
sess_002218,3152,/product/analytics,Organic Search,Mobile,1,90,0,2026-09-11 19:58:00
sess_002219,1131,/docs/api,Direct,Desktop,7,38,0,2026-08-05 05:14:00
sess_002220,3367,/solutions/enterprise,Google Ads,Mobile,3,458,1,2026-08-23 11:16:00
sess_002221,1847,/docs/api,Organic Search,Desktop,2,302,0,2026-08-08 23:29:00
sess_002222,3072,/docs/api,Organic Search,Tablet,3,37,1,2026-09-05 21:27:00
sess_002223,1518,/signup,Organic Search,Desktop,4,126,0,2026-08-06 15:27:00
sess_002224,2917,/docs/api,Direct,Desktop,1,577,0,2026-08-26 06:38:00
sess_002225,2540,/docs/api,Organic Search,Desktop,8,100,0,2026-08-10 16:40:00
sess_002226,1276,/docs/api,LinkedIn,Mobile,4,111,0,2026-08-31 02:48:00
sess_002227,3479,/solutions/enterprise,Google Ads,Desktop,2,80,0,2026-08-08 22:26:00
sess_002228,3138,/home,Organic Search,Tablet,8,127,1,2026-08-26 15:10:00
sess_002229,3108,/signup,Organic Search,Desktop,1,168,0,2026-09-05 23:19:00
sess_002230,1334,/product/analytics,Direct,Mobile,4,21,0,2026-09-08 15:13:00
sess_002231,1622,/product/analytics,Google Ads,Desktop,3,22,0,2026-09-13 13:36:00
sess_002232,3103,/solutions/enterprise,Referral,Desktop,4,268,0,2026-09-11 20:48:00
sess_002233,2216,/solutions/enterprise,Organic Search,Mobile,2,735,0,2026-08-18 02:30:00
sess_002234,1678,/docs/api,GitHub,Desktop,1,126,0,2026-08-31 01:14:00
sess_002235,2049,/home,Organic Search,Mobile,1,360,0,2026-08-09 21:52:00
sess_002236,3062,/signup,Organic Search,Desktop,2,370,0,2026-08-13 18:13:00
sess_002237,2837,/home,Google Ads,Desktop,8,88,1,2026-08-03 19:03:00
sess_002238,3325,/pricing,Direct,Desktop,1,76,0,2026-08-07 14:55:00
sess_002239,1933,/home,Organic Search,Tablet,1,240,0,2026-08-25 20:44:00
sess_002240,2539,/docs/api,Organic Search,Desktop,1,439,0,2026-08-25 22:17:00
sess_002241,3068,/pricing,Organic Search,Desktop,3,350,0,2026-09-11 16:11:00
sess_002242,1045,/solutions/enterprise,Organic Search,Desktop,2,74,0,2026-09-04 01:23:00
sess_002243,3136,/docs/api,LinkedIn,Mobile,1,83,0,2026-09-11 10:25:00
sess_002244,1507,/signup,LinkedIn,Desktop,1,244,0,2026-09-02 22:37:00
sess_002245,3320,/signup,Referral,Desktop,4,73,0,2026-08-31 08:12:00
sess_002246,2119,/signup,Direct,Mobile,2,348,0,2026-08-08 21:46:00
sess_002247,1896,/pricing,Organic Search,Mobile,6,133,0,2026-08-29 02:50:00
sess_002248,2992,/docs/api,Referral,Desktop,2,67,0,2026-08-13 21:39:00
sess_002249,2516,/solutions/enterprise,LinkedIn,Mobile,3,65,1,2026-08-11 04:08:00
sess_002250,1217,/pricing,Direct,Desktop,5,280,0,2026-09-04 23:45:00
sess_002251,2314,/docs/api,Organic Search,Mobile,9,28,0,2026-08-02 22:44:00
sess_002252,3472,/product/analytics,Organic Search,Desktop,6,488,0,2026-08-15 20:42:00
sess_002253,1595,/solutions/enterprise,Referral,Desktop,5,101,0,2026-09-02 21:37:00
sess_002254,1944,/pricing,Direct,Mobile,2,339,0,2026-08-29 13:04:00
sess_002255,3280,/product/analytics,Direct,Mobile,12,287,0,2026-09-08 06:19:00
sess_002256,1161,/product/analytics,Google Ads,Desktop,1,276,0,2026-09-10 05:44:00
sess_002257,2609,/pricing,Referral,Desktop,4,207,0,2026-08-15 18:12:00
sess_002258,3269,/home,Organic Search,Desktop,1,129,0,2026-08-22 05:57:00
sess_002259,2283,/home,Referral,Mobile,3,93,0,2026-09-05 19:33:00
sess_002260,1358,/docs/api,Organic Search,Mobile,4,161,0,2026-08-11 15:35:00
sess_002261,3273,/pricing,Google Ads,Mobile,1,139,0,2026-08-01 22:59:00
sess_002262,3312,/pricing,Referral,Desktop,1,82,0,2026-09-13 04:16:00
sess_002263,1068,/product/analytics,Direct,Desktop,3,127,0,2026-09-10 08:46:00
sess_002264,3025,/product/analytics,Direct,Desktop,3,86,0,2026-09-09 11:50:00
sess_002265,1008,/signup,LinkedIn,Mobile,4,198,0,2026-08-31 21:35:00
sess_002266,1280,/product/analytics,Direct,Desktop,1,329,0,2026-08-30 03:17:00
sess_002267,2575,/solutions/enterprise,Organic Search,Desktop,3,283,0,2026-08-30 23:34:00
sess_002268,2218,/home,Organic Search,Desktop,8,79,0,2026-09-07 05:11:00
sess_002269,1792,/docs/api,GitHub,Desktop,9,133,0,2026-08-23 03:32:00
sess_002270,1306,/docs/api,Direct,Desktop,1,6,0,2026-08-28 12:53:00
sess_002271,1145,/pricing,LinkedIn,Desktop,7,372,0,2026-08-06 12:28:00
sess_002272,1442,/product/analytics,Organic Search,Desktop,3,55,0,2026-08-04 18:04:00
sess_002273,1308,/pricing,Google Ads,Desktop,4,109,0,2026-08-16 04:17:00
sess_002274,1481,/home,Organic Search,Mobile,1,34,0,2026-08-20 09:08:00
sess_002275,2431,/solutions/enterprise,Organic Search,Desktop,4,209,0,2026-08-26 09:06:00
sess_002276,2596,/home,Organic Search,Desktop,1,146,0,2026-09-02 13:08:00
sess_002277,3289,/pricing,Google Ads,Desktop,3,86,1,2026-08-07 20:24:00
sess_002278,2592,/product/analytics,GitHub,Desktop,4,142,0,2026-09-13 20:50:00
sess_002279,2356,/pricing,GitHub,Desktop,4,38,1,2026-09-02 19:55:00
sess_002280,1582,/product/analytics,Direct,Mobile,1,274,0,2026-08-12 12:13:00
sess_002281,3418,/product/analytics,Referral,Desktop,2,60,0,2026-09-01 02:05:00
sess_002282,1053,/signup,Direct,Desktop,4,176,0,2026-08-11 12:50:00
sess_002283,1576,/pricing,Organic Search,Desktop,5,418,0,2026-08-11 00:48:00
sess_002284,2268,/solutions/enterprise,Direct,Desktop,2,12,0,2026-08-26 22:38:00
sess_002285,1199,/signup,Google Ads,Desktop,1,93,0,2026-08-25 15:57:00
sess_002286,3482,/pricing,Google Ads,Desktop,2,31,0,2026-08-02 17:33:00
sess_002287,2396,/home,Direct,Mobile,3,435,0,2026-08-26 08:59:00
sess_002288,2408,/home,Organic Search,Desktop,8,85,0,2026-08-04 03:28:00
sess_002289,2244,/docs/api,Direct,Desktop,4,48,0,2026-09-07 19:18:00
sess_002290,1563,/home,GitHub,Desktop,5,208,1,2026-08-01 11:20:00
sess_002291,2094,/signup,Organic Search,Desktop,1,146,0,2026-08-01 05:05:00
sess_002292,1482,/home,Google Ads,Desktop,6,310,0,2026-08-13 01:37:00
sess_002293,1655,/pricing,Organic Search,Desktop,3,256,0,2026-08-10 14:40:00
sess_002294,2753,/pricing,GitHub,Desktop,3,666,0,2026-09-09 12:04:00
sess_002295,3372,/solutions/enterprise,LinkedIn,Desktop,1,22,0,2026-08-24 17:29:00
sess_002296,1004,/home,Organic Search,Desktop,1,20,1,2026-09-14 22:14:00
sess_002297,2608,/solutions/enterprise,Organic Search,Desktop,3,433,0,2026-08-03 23:41:00
sess_002298,1948,/solutions/enterprise,GitHub,Desktop,7,566,1,2026-08-05 01:52:00
sess_002299,2018,/home,Direct,Desktop,1,98,0,2026-08-27 21:30:00
sess_002300,2263,/pricing,Direct,Desktop,1,114,0,2026-08-19 19:03:00
sess_002301,2810,/product/analytics,Organic Search,Desktop,9,87,0,2026-08-18 14:24:00
sess_002302,2214,/product/analytics,Organic Search,Desktop,1,275,0,2026-08-06 19:44:00
sess_002303,2029,/product/analytics,LinkedIn,Desktop,2,270,0,2026-09-06 05:19:00
sess_002304,2342,/solutions/enterprise,Google Ads,Desktop,3,49,0,2026-09-03 08:51:00
sess_002305,2946,/product/analytics,Google Ads,Mobile,4,92,0,2026-08-27 18:22:00
sess_002306,2520,/signup,Direct,Desktop,1,47,0,2026-08-26 01:37:00
sess_002307,2438,/docs/api,Organic Search,Mobile,3,13,0,2026-08-12 09:15:00
sess_002308,2940,/docs/api,LinkedIn,Desktop,1,15,0,2026-08-18 17:16:00
sess_002309,2037,/signup,LinkedIn,Desktop,1,33,1,2026-08-23 04:08:00
sess_002310,2231,/solutions/enterprise,Organic Search,Desktop,1,10,0,2026-08-29 07:05:00
sess_002311,1001,/pricing,GitHub,Desktop,2,104,0,2026-09-08 22:25:00
sess_002312,1401,/home,LinkedIn,Desktop,1,16,0,2026-08-01 03:34:00
sess_002313,1529,/solutions/enterprise,Organic Search,Mobile,1,343,0,2026-08-23 12:45:00
sess_002314,1761,/product/analytics,Referral,Mobile,2,229,0,2026-08-29 21:53:00
sess_002315,3129,/home,Referral,Desktop,1,280,0,2026-08-24 07:12:00
sess_002316,1792,/signup,GitHub,Desktop,4,177,0,2026-09-11 19:20:00
sess_002317,1898,/pricing,GitHub,Mobile,1,201,0,2026-08-07 04:29:00
sess_002318,2509,/product/analytics,Organic Search,Desktop,4,26,0,2026-08-08 10:18:00
sess_002319,1568,/signup,Referral,Desktop,6,15,0,2026-08-22 13:39:00
sess_002320,2483,/docs/api,Google Ads,Tablet,4,820,0,2026-08-10 11:55:00
sess_002321,2845,/docs/api,LinkedIn,Tablet,5,89,0,2026-08-21 09:42:00
sess_002322,3180,/solutions/enterprise,GitHub,Desktop,3,14,0,2026-08-04 01:36:00
sess_002323,2950,/pricing,Direct,Desktop,2,36,0,2026-08-10 16:23:00
sess_002324,2258,/solutions/enterprise,GitHub,Desktop,2,378,0,2026-08-03 15:58:00
sess_002325,3175,/signup,LinkedIn,Mobile,3,46,0,2026-08-25 08:15:00
sess_002326,1427,/pricing,Direct,Mobile,1,118,0,2026-08-12 09:18:00
sess_002327,1343,/solutions/enterprise,LinkedIn,Desktop,2,203,0,2026-08-27 05:00:00
sess_002328,2148,/home,Google Ads,Desktop,1,612,0,2026-08-18 21:25:00
sess_002329,1795,/solutions/enterprise,Direct,Desktop,5,7,0,2026-08-04 19:13:00
sess_002330,2796,/home,Referral,Desktop,4,125,0,2026-09-03 17:44:00
sess_002331,1716,/pricing,Organic Search,Desktop,2,1000,0,2026-08-23 06:24:00
sess_002332,2038,/home,GitHub,Desktop,2,28,0,2026-08-26 01:44:00
sess_002333,2128,/home,LinkedIn,Desktop,4,28,0,2026-09-07 02:17:00
sess_002334,2549,/solutions/enterprise,GitHub,Desktop,1,21,0,2026-08-29 02:06:00
sess_002335,1218,/home,Direct,Desktop,1,132,0,2026-08-06 06:57:00
sess_002336,2417,/product/analytics,Google Ads,Desktop,4,82,0,2026-08-01 12:05:00
sess_002337,3404,/product/analytics,LinkedIn,Desktop,3,231,0,2026-09-09 16:56:00
sess_002338,1731,/pricing,Google Ads,Mobile,4,157,0,2026-09-01 18:26:00
sess_002339,3347,/product/analytics,Organic Search,Mobile,1,161,0,2026-08-29 08:27:00
sess_002340,2868,/solutions/enterprise,GitHub,Desktop,1,133,0,2026-08-15 06:37:00
sess_002341,1163,/home,GitHub,Mobile,2,875,0,2026-09-04 15:30:00
sess_002342,1895,/home,Direct,Desktop,2,144,0,2026-08-01 03:27:00
sess_002343,2466,/pricing,Direct,Desktop,4,18,0,2026-08-13 00:18:00
sess_002344,1671,/home,Direct,Desktop,1,75,0,2026-08-20 02:16:00
sess_002345,2388,/home,Organic Search,Desktop,9,278,0,2026-08-16 15:58:00
sess_002346,2539,/home,Direct,Tablet,1,183,0,2026-08-01 03:13:00
sess_002347,2661,/pricing,GitHub,Desktop,2,212,0,2026-09-14 04:47:00
sess_002348,2147,/product/analytics,Direct,Tablet,4,463,0,2026-08-18 03:15:00
sess_002349,2233,/signup,LinkedIn,Desktop,4,110,0,2026-09-05 04:39:00
sess_002350,3124,/product/analytics,LinkedIn,Desktop,3,8,0,2026-08-19 15:06:00
sess_002351,2556,/docs/api,Organic Search,Desktop,1,835,0,2026-09-11 05:59:00
sess_002352,1296,/solutions/enterprise,Direct,Mobile,6,114,0,2026-09-01 04:31:00
sess_002353,3164,/docs/api,Google Ads,Mobile,3,23,0,2026-08-27 02:12:00
sess_002354,2506,/pricing,Direct,Desktop,4,148,0,2026-08-31 22:55:00
sess_002355,2923,/pricing,LinkedIn,Desktop,2,165,0,2026-09-08 14:38:00
sess_002356,3244,/signup,Google Ads,Desktop,1,154,1,2026-08-03 19:17:00
sess_002357,2707,/product/analytics,Organic Search,Desktop,4,608,0,2026-09-12 16:07:00
sess_002358,3234,/signup,Organic Search,Desktop,5,74,0,2026-08-16 09:37:00
sess_002359,1677,/signup,Organic Search,Mobile,5,11,0,2026-08-30 16:35:00
sess_002360,1279,/home,Organic Search,Mobile,4,459,0,2026-08-18 14:59:00
sess_002361,2255,/docs/api,Google Ads,Desktop,1,43,0,2026-08-23 03:55:00
sess_002362,2810,/pricing,Direct,Desktop,1,254,0,2026-09-07 02:00:00
sess_002363,2914,/solutions/enterprise,Organic Search,Desktop,2,46,0,2026-09-12 03:37:00
sess_002364,1598,/docs/api,Direct,Desktop,2,322,0,2026-09-02 13:20:00
sess_002365,2614,/solutions/enterprise,Google Ads,Desktop,2,431,0,2026-09-13 15:36:00
sess_002366,1596,/signup,Organic Search,Tablet,5,25,0,2026-08-26 02:22:00
sess_002367,2123,/solutions/enterprise,Organic Search,Mobile,1,33,0,2026-08-20 08:07:00
sess_002368,2932,/product/analytics,Organic Search,Desktop,5,471,0,2026-08-23 03:28:00
sess_002369,1777,/product/analytics,LinkedIn,Desktop,1,270,0,2026-08-25 21:34:00
sess_002370,1813,/solutions/enterprise,Organic Search,Desktop,2,12,0,2026-09-11 00:09:00
sess_002371,2914,/docs/api,Google Ads,Tablet,1,41,0,2026-09-07 21:41:00
sess_002372,2823,/product/analytics,Organic Search,Mobile,3,100,0,2026-09-12 22:36:00
sess_002373,3342,/docs/api,Organic Search,Desktop,3,364,0,2026-08-25 03:54:00
sess_002374,1494,/product/analytics,GitHub,Desktop,2,34,0,2026-08-17 21:03:00
sess_002375,2202,/home,Organic Search,Desktop,1,236,0,2026-09-13 17:29:00
sess_002376,2679,/pricing,Direct,Desktop,3,20,1,2026-08-03 11:26:00
sess_002377,1294,/home,Organic Search,Desktop,4,118,0,2026-09-01 18:25:00
sess_002378,1848,/home,Direct,Desktop,2,240,0,2026-09-07 17:15:00
sess_002379,2711,/pricing,Organic Search,Mobile,8,17,1,2026-08-06 03:46:00
sess_002380,2561,/product/analytics,Google Ads,Desktop,1,46,0,2026-08-26 14:19:00
sess_002381,3098,/product/analytics,LinkedIn,Desktop,13,287,0,2026-09-14 22:12:00
sess_002382,3371,/home,LinkedIn,Mobile,5,37,0,2026-08-21 20:07:00
sess_002383,1621,/product/analytics,Google Ads,Desktop,3,203,0,2026-08-07 10:29:00
sess_002384,3252,/solutions/enterprise,Organic Search,Mobile,1,189,0,2026-08-19 06:16:00
sess_002385,3118,/solutions/enterprise,Direct,Desktop,3,137,0,2026-08-09 23:39:00
sess_002386,1151,/product/analytics,Organic Search,Mobile,5,45,0,2026-09-04 09:00:00
sess_002387,2602,/solutions/enterprise,Organic Search,Desktop,1,102,0,2026-08-13 08:31:00
sess_002388,1194,/pricing,Organic Search,Mobile,1,180,0,2026-08-04 16:26:00
sess_002389,1817,/home,Google Ads,Desktop,2,389,0,2026-09-02 22:24:00
sess_002390,1501,/product/analytics,Direct,Desktop,2,292,0,2026-08-27 13:19:00
sess_002391,3063,/signup,Direct,Desktop,1,173,0,2026-08-20 15:47:00
sess_002392,1222,/home,Referral,Desktop,4,51,0,2026-08-09 20:23:00
sess_002393,3253,/pricing,Direct,Desktop,1,48,0,2026-08-03 20:12:00
sess_002394,3419,/home,Direct,Mobile,3,307,0,2026-08-29 15:32:00
sess_002395,2138,/product/analytics,Referral,Desktop,1,201,0,2026-08-09 15:26:00
sess_002396,3433,/pricing,Organic Search,Mobile,8,84,0,2026-09-05 04:14:00
sess_002397,1570,/signup,Organic Search,Desktop,3,645,0,2026-09-04 03:36:00
sess_002398,1296,/pricing,Direct,Desktop,8,401,0,2026-09-01 20:33:00
sess_002399,1083,/solutions/enterprise,Direct,Desktop,6,205,0,2026-09-08 13:27:00
sess_002400,3177,/product/analytics,Organic Search,Desktop,6,87,0,2026-08-19 05:00:00
sess_002401,1373,/pricing,Organic Search,Desktop,1,71,0,2026-09-03 02:24:00
sess_002402,3252,/pricing,Organic Search,Tablet,4,509,1,2026-08-13 10:47:00
sess_002403,1647,/signup,Google Ads,Desktop,2,110,0,2026-08-11 06:53:00
sess_002404,2282,/signup,Google Ads,Desktop,2,294,0,2026-08-31 23:57:00
sess_002405,1909,/home,Organic Search,Desktop,1,510,1,2026-08-10 16:24:00
sess_002406,3390,/solutions/enterprise,Direct,Desktop,1,126,0,2026-08-05 20:42:00
sess_002407,2056,/home,LinkedIn,Desktop,2,195,0,2026-08-15 12:18:00
sess_002408,1247,/pricing,Organic Search,Desktop,3,21,0,2026-09-12 22:09:00
sess_002409,2690,/pricing,GitHub,Desktop,2,195,0,2026-09-10 20:59:00
sess_002410,2802,/home,Direct,Mobile,4,48,1,2026-08-28 17:48:00
sess_002411,2888,/home,Organic Search,Mobile,6,204,0,2026-09-05 09:24:00
sess_002412,1603,/pricing,Direct,Tablet,1,24,0,2026-08-10 07:04:00
sess_002413,2512,/pricing,GitHub,Desktop,1,128,0,2026-08-11 01:27:00
sess_002414,1857,/solutions/enterprise,Organic Search,Desktop,14,137,0,2026-09-03 00:15:00
sess_002415,2373,/pricing,Organic Search,Mobile,7,123,0,2026-09-12 08:00:00
sess_002416,2097,/signup,Organic Search,Mobile,1,259,0,2026-09-12 20:16:00
sess_002417,2282,/pricing,Organic Search,Desktop,1,257,0,2026-09-12 21:27:00
sess_002418,1024,/product/analytics,Organic Search,Desktop,9,225,0,2026-08-01 04:13:00
sess_002419,2469,/docs/api,Google Ads,Mobile,1,184,1,2026-08-31 09:38:00
sess_002420,2176,/docs/api,Direct,Desktop,1,427,0,2026-08-22 06:05:00
sess_002421,3100,/pricing,LinkedIn,Desktop,1,159,0,2026-08-15 16:13:00
sess_002422,1482,/solutions/enterprise,Organic Search,Desktop,1,82,0,2026-08-27 18:56:00
sess_002423,1235,/product/analytics,Organic Search,Mobile,6,15,0,2026-08-18 03:37:00
sess_002424,2545,/pricing,GitHub,Desktop,3,143,0,2026-08-18 02:08:00
sess_002425,2613,/product/analytics,Organic Search,Desktop,1,51,0,2026-08-07 13:55:00
sess_002426,1348,/home,GitHub,Desktop,10,93,0,2026-08-08 11:49:00
sess_002427,2152,/solutions/enterprise,LinkedIn,Mobile,3,14,0,2026-09-04 22:48:00
sess_002428,1787,/docs/api,Direct,Desktop,2,189,0,2026-08-06 13:02:00
sess_002429,2839,/product/analytics,Organic Search,Desktop,5,396,0,2026-08-27 11:32:00
sess_002430,1232,/signup,LinkedIn,Desktop,3,75,1,2026-08-27 09:48:00
sess_002431,3119,/signup,GitHub,Mobile,7,299,0,2026-08-09 23:18:00
sess_002432,3217,/pricing,Organic Search,Desktop,4,29,0,2026-08-02 18:16:00
sess_002433,2275,/home,Organic Search,Desktop,4,236,0,2026-09-03 07:48:00
sess_002434,1006,/solutions/enterprise,LinkedIn,Desktop,2,19,0,2026-09-14 17:42:00
sess_002435,3026,/signup,LinkedIn,Mobile,13,58,0,2026-08-05 02:32:00
sess_002436,2988,/product/analytics,Direct,Desktop,3,85,0,2026-08-09 16:37:00
sess_002437,2043,/home,Direct,Desktop,2,35,0,2026-09-04 06:32:00
sess_002438,2112,/signup,Direct,Desktop,1,41,0,2026-08-17 05:57:00
sess_002439,1499,/product/analytics,Direct,Desktop,3,221,0,2026-08-24 03:22:00
sess_002440,3387,/product/analytics,Organic Search,Mobile,4,23,0,2026-09-04 23:01:00
sess_002441,2079,/product/analytics,Google Ads,Desktop,2,494,0,2026-08-14 12:50:00
sess_002442,2733,/solutions/enterprise,Direct,Desktop,1,268,1,2026-08-04 13:08:00
sess_002443,2085,/solutions/enterprise,Google Ads,Desktop,5,84,0,2026-08-22 01:00:00
sess_002444,2407,/docs/api,Referral,Desktop,3,183,0,2026-08-24 09:58:00
sess_002445,1803,/product/analytics,Organic Search,Mobile,4,233,0,2026-09-04 16:49:00
sess_002446,2811,/home,Google Ads,Desktop,1,167,0,2026-08-30 00:45:00
sess_002447,1455,/signup,Referral,Desktop,1,178,0,2026-09-04 07:01:00
sess_002448,2562,/pricing,LinkedIn,Desktop,2,450,0,2026-08-31 01:37:00
sess_002449,2374,/product/analytics,Organic Search,Desktop,1,388,0,2026-09-04 18:32:00
sess_002450,3344,/docs/api,GitHub,Mobile,5,446,0,2026-09-05 20:25:00
sess_002451,1084,/signup,Google Ads,Desktop,3,394,0,2026-08-16 08:27:00
sess_002452,2587,/signup,Direct,Desktop,1,213,0,2026-08-29 05:06:00
sess_002453,2337,/solutions/enterprise,Direct,Desktop,1,126,0,2026-08-29 07:57:00
sess_002454,2369,/docs/api,LinkedIn,Mobile,7,125,0,2026-08-27 03:02:00
sess_002455,1762,/docs/api,Organic Search,Desktop,3,270,0,2026-08-10 05:26:00
sess_002456,2944,/product/analytics,GitHub,Mobile,2,468,0,2026-08-27 18:44:00
sess_002457,2143,/product/analytics,Referral,Mobile,4,21,0,2026-08-30 16:14:00
sess_002458,1424,/home,Organic Search,Desktop,5,381,0,2026-09-09 15:23:00
sess_002459,3250,/home,LinkedIn,Desktop,1,346,0,2026-09-01 08:01:00
sess_002460,1957,/docs/api,Direct,Mobile,6,21,0,2026-09-01 21:08:00
sess_002461,1808,/home,Organic Search,Desktop,9,197,1,2026-08-25 21:53:00
sess_002462,3277,/signup,Referral,Desktop,1,647,0,2026-08-25 03:30:00
sess_002463,2312,/home,Organic Search,Mobile,2,348,0,2026-08-16 19:19:00
sess_002464,1739,/pricing,Organic Search,Mobile,1,16,0,2026-08-29 09:09:00
sess_002465,1037,/home,Google Ads,Desktop,2,471,0,2026-08-01 15:26:00
sess_002466,3485,/docs/api,Organic Search,Desktop,1,39,0,2026-08-29 21:45:00
sess_002467,2072,/product/analytics,LinkedIn,Desktop,2,18,0,2026-08-14 17:47:00
sess_002468,1527,/solutions/enterprise,GitHub,Desktop,1,51,0,2026-08-28 17:01:00
sess_002469,3261,/product/analytics,Direct,Desktop,1,123,1,2026-09-08 07:53:00
sess_002470,1596,/docs/api,Organic Search,Mobile,1,308,0,2026-08-29 09:34:00
sess_002471,1811,/solutions/enterprise,Organic Search,Desktop,3,60,0,2026-09-03 21:35:00
sess_002472,2566,/signup,GitHub,Mobile,3,94,0,2026-08-16 00:30:00
sess_002473,2523,/pricing,Direct,Desktop,1,32,0,2026-08-26 16:28:00
sess_002474,1680,/docs/api,Direct,Mobile,4,67,0,2026-08-02 07:26:00
sess_002475,2649,/docs/api,Organic Search,Desktop,1,423,0,2026-08-04 02:23:00
sess_002476,2794,/signup,GitHub,Desktop,2,210,0,2026-09-13 10:22:00
sess_002477,2497,/docs/api,Direct,Desktop,2,206,1,2026-08-08 02:49:00
sess_002478,1137,/product/analytics,Direct,Desktop,7,56,0,2026-09-03 19:15:00
sess_002479,1924,/signup,Direct,Desktop,3,33,0,2026-09-09 05:27:00
sess_002480,3213,/solutions/enterprise,Google Ads,Mobile,5,398,0,2026-09-13 07:21:00
sess_002481,3252,/pricing,Organic Search,Mobile,18,522,0,2026-09-01 09:12:00
sess_002482,3189,/home,GitHub,Desktop,1,14,0,2026-09-09 22:44:00
sess_002483,1742,/solutions/enterprise,Organic Search,Desktop,1,140,0,2026-08-06 11:28:00
sess_002484,2964,/docs/api,Organic Search,Desktop,5,109,0,2026-08-19 02:13:00
sess_002485,3011,/docs/api,Organic Search,Desktop,3,246,0,2026-08-23 00:56:00
sess_002486,3101,/docs/api,Organic Search,Mobile,3,69,0,2026-08-08 04:05:00
sess_002487,3201,/docs/api,Direct,Mobile,2,179,0,2026-08-21 09:51:00
sess_002488,3273,/pricing,Organic Search,Desktop,1,20,0,2026-09-01 10:29:00
sess_002489,3332,/product/analytics,Organic Search,Desktop,4,316,0,2026-09-03 15:16:00
sess_002490,3109,/solutions/enterprise,Referral,Mobile,3,54,0,2026-08-30 06:30:00
sess_002491,2415,/pricing,GitHub,Desktop,2,72,0,2026-08-07 14:52:00
sess_002492,2425,/pricing,Organic Search,Desktop,4,90,0,2026-08-15 06:11:00
sess_002493,1943,/pricing,Organic Search,Mobile,13,46,0,2026-08-13 22:27:00
sess_002494,2772,/pricing,Organic Search,Desktop,4,302,0,2026-09-08 04:19:00
sess_002495,3095,/pricing,GitHub,Desktop,8,17,1,2026-08-12 20:56:00
sess_002496,1385,/pricing,Organic Search,Desktop,2,492,0,2026-08-28 03:57:00
sess_002497,1248,/pricing,Direct,Desktop,7,485,0,2026-09-04 14:33:00
sess_002498,1025,/product/analytics,Organic Search,Desktop,4,321,0,2026-08-04 17:22:00
sess_002499,2283,/product/analytics,Google Ads,Desktop,2,552,0,2026-09-03 13:45:00
sess_002500,3056,/signup,LinkedIn,Desktop,2,262,0,2026-08-29 05:22:00
sess_002501,2289,/pricing,Direct,Desktop,1,153,0,2026-08-11 21:51:00
sess_002502,3288,/docs/api,Organic Search,Mobile,1,235,0,2026-08-24 03:54:00
sess_002503,2348,/home,Google Ads,Mobile,2,5,0,2026-08-17 11:30:00
sess_002504,2957,/pricing,Organic Search,Desktop,14,213,0,2026-09-10 19:14:00
sess_002505,2840,/solutions/enterprise,Organic Search,Desktop,6,12,0,2026-09-08 07:40:00
sess_002506,3224,/solutions/enterprise,Organic Search,Desktop,1,398,0,2026-08-12 15:07:00
sess_002507,1530,/pricing,Direct,Desktop,10,413,0,2026-08-19 09:48:00
sess_002508,2060,/product/analytics,Direct,Mobile,2,26,0,2026-09-08 20:07:00
sess_002509,3272,/signup,Organic Search,Mobile,1,209,1,2026-09-12 22:16:00
sess_002510,2265,/solutions/enterprise,Direct,Desktop,7,203,0,2026-08-31 23:24:00
sess_002511,1389,/product/analytics,Direct,Desktop,8,129,0,2026-08-16 20:07:00
sess_002512,2343,/home,Direct,Tablet,6,9,0,2026-08-10 16:51:00
sess_002513,1918,/docs/api,GitHub,Desktop,3,26,0,2026-09-04 21:29:00
sess_002514,2997,/product/analytics,Organic Search,Mobile,1,198,0,2026-08-29 22:46:00
sess_002515,3080,/solutions/enterprise,Direct,Tablet,1,140,0,2026-09-04 11:31:00
sess_002516,1576,/signup,Organic Search,Desktop,10,13,0,2026-08-16 06:33:00
sess_002517,2995,/home,LinkedIn,Desktop,1,136,0,2026-08-13 03:44:00
sess_002518,1172,/docs/api,LinkedIn,Desktop,2,345,0,2026-09-05 12:06:00
sess_002519,3275,/signup,LinkedIn,Desktop,4,403,0,2026-09-13 09:38:00
sess_002520,1087,/signup,Direct,Desktop,5,219,0,2026-09-10 05:33:00
sess_002521,1232,/product/analytics,Organic Search,Desktop,2,200,0,2026-08-16 06:44:00
sess_002522,2741,/docs/api,Direct,Desktop,2,268,0,2026-08-18 15:43:00
sess_002523,3084,/home,Organic Search,Desktop,2,30,0,2026-09-09 07:25:00
sess_002524,2371,/home,Direct,Desktop,2,42,0,2026-08-24 12:34:00
sess_002525,3330,/pricing,Google Ads,Desktop,4,124,0,2026-08-13 00:32:00
sess_002526,3195,/pricing,Organic Search,Desktop,1,112,0,2026-08-14 12:56:00
sess_002527,1920,/product/analytics,Direct,Mobile,5,41,1,2026-08-25 20:17:00
sess_002528,2093,/solutions/enterprise,Organic Search,Desktop,1,209,0,2026-09-03 01:21:00
sess_002529,2714,/pricing,Organic Search,Mobile,1,248,0,2026-08-19 21:57:00
sess_002530,2133,/product/analytics,Direct,Desktop,1,61,0,2026-08-26 08:48:00
sess_002531,3214,/docs/api,Organic Search,Desktop,1,72,0,2026-08-19 07:35:00
sess_002532,1376,/home,GitHub,Desktop,6,58,0,2026-09-04 13:07:00
sess_002533,1686,/pricing,Google Ads,Desktop,3,63,0,2026-08-06 14:26:00
sess_002534,2073,/product/analytics,Referral,Desktop,1,86,0,2026-09-11 09:24:00
sess_002535,3331,/signup,Referral,Mobile,1,109,0,2026-08-16 02:31:00
sess_002536,2822,/signup,LinkedIn,Mobile,5,124,1,2026-08-17 18:08:00
sess_002537,1200,/home,Google Ads,Desktop,2,124,0,2026-09-07 09:24:00
sess_002538,2275,/docs/api,Direct,Desktop,1,177,0,2026-08-13 21:12:00
sess_002539,2972,/pricing,Organic Search,Desktop,2,80,0,2026-09-03 07:45:00
sess_002540,3094,/pricing,Google Ads,Mobile,2,131,0,2026-08-08 10:15:00
sess_002541,1172,/docs/api,Organic Search,Desktop,2,131,0,2026-08-11 13:53:00
sess_002542,3241,/signup,LinkedIn,Desktop,1,23,0,2026-08-06 15:50:00
sess_002543,2499,/solutions/enterprise,LinkedIn,Desktop,2,183,0,2026-08-26 21:28:00
sess_002544,1534,/product/analytics,Direct,Desktop,4,63,0,2026-09-08 16:52:00
sess_002545,1915,/docs/api,LinkedIn,Desktop,9,13,0,2026-08-21 09:46:00
sess_002546,3464,/signup,Organic Search,Desktop,1,192,1,2026-08-28 07:11:00
sess_002547,2253,/home,Google Ads,Desktop,3,13,0,2026-09-05 07:04:00
sess_002548,1600,/home,GitHub,Desktop,1,109,0,2026-09-11 09:52:00
sess_002549,3095,/solutions/enterprise,Direct,Mobile,1,179,0,2026-08-19 04:47:00
sess_002550,1399,/docs/api,Organic Search,Mobile,3,1186,0,2026-09-02 14:38:00
sess_002551,3045,/signup,LinkedIn,Desktop,5,135,0,2026-09-03 23:34:00
sess_002552,1494,/product/analytics,Organic Search,Mobile,2,73,0,2026-08-20 12:15:00
sess_002553,1422,/docs/api,Direct,Desktop,6,126,0,2026-08-20 03:15:00
sess_002554,1134,/solutions/enterprise,Organic Search,Tablet,4,44,1,2026-09-02 11:02:00
sess_002555,3365,/pricing,LinkedIn,Desktop,1,108,0,2026-08-06 23:42:00
sess_002556,2761,/signup,Google Ads,Mobile,4,376,0,2026-09-06 00:48:00
sess_002557,2360,/docs/api,Google Ads,Desktop,2,31,0,2026-08-18 13:10:00
sess_002558,1103,/solutions/enterprise,Referral,Desktop,5,140,0,2026-09-09 21:42:00
sess_002559,2305,/solutions/enterprise,Organic Search,Desktop,1,179,0,2026-08-06 13:49:00
sess_002560,2887,/pricing,GitHub,Desktop,1,72,1,2026-09-05 11:21:00
sess_002561,2931,/solutions/enterprise,LinkedIn,Mobile,3,244,0,2026-09-05 05:50:00
sess_002562,2911,/product/analytics,LinkedIn,Desktop,3,201,0,2026-08-08 15:23:00
sess_002563,2997,/solutions/enterprise,LinkedIn,Desktop,3,117,0,2026-09-03 07:26:00
sess_002564,2108,/pricing,Direct,Desktop,1,188,0,2026-08-27 17:47:00
sess_002565,2312,/signup,Direct,Mobile,1,335,0,2026-08-05 15:21:00
sess_002566,1322,/docs/api,GitHub,Mobile,7,170,1,2026-08-17 02:55:00
sess_002567,2542,/solutions/enterprise,Organic Search,Desktop,3,156,1,2026-08-29 18:49:00
sess_002568,1665,/solutions/enterprise,Organic Search,Desktop,2,179,0,2026-08-25 11:09:00
sess_002569,1075,/product/analytics,Organic Search,Mobile,5,207,1,2026-08-23 03:13:00
sess_002570,2466,/pricing,LinkedIn,Mobile,1,97,0,2026-09-10 04:44:00
sess_002571,1627,/pricing,GitHub,Mobile,4,331,0,2026-08-30 11:01:00
sess_002572,1695,/signup,Organic Search,Desktop,1,468,0,2026-09-09 05:19:00
sess_002573,2388,/pricing,Organic Search,Mobile,1,180,0,2026-09-09 04:27:00
sess_002574,3113,/pricing,Organic Search,Desktop,3,397,0,2026-08-01 21:06:00
sess_002575,1043,/signup,GitHub,Mobile,1,250,0,2026-08-13 06:18:00
sess_002576,2758,/pricing,Organic Search,Desktop,5,103,0,2026-08-03 05:57:00
sess_002577,2978,/home,Organic Search,Desktop,3,128,0,2026-09-03 14:44:00
sess_002578,2441,/docs/api,Organic Search,Tablet,2,156,0,2026-08-29 15:22:00
sess_002579,2163,/solutions/enterprise,GitHub,Desktop,6,508,0,2026-09-02 08:19:00
sess_002580,2658,/solutions/enterprise,Organic Search,Mobile,3,192,0,2026-09-06 01:27:00
sess_002581,1223,/solutions/enterprise,GitHub,Desktop,2,132,0,2026-08-01 17:37:00
sess_002582,1611,/product/analytics,Direct,Mobile,2,28,0,2026-08-15 01:26:00
sess_002583,1079,/pricing,Direct,Desktop,1,202,0,2026-08-18 14:11:00
sess_002584,1892,/docs/api,Direct,Desktop,1,150,0,2026-08-21 11:57:00
sess_002585,2432,/solutions/enterprise,Direct,Desktop,2,511,0,2026-08-17 11:18:00
sess_002586,2501,/signup,Organic Search,Mobile,1,80,0,2026-09-12 00:04:00
sess_002587,2575,/pricing,Google Ads,Desktop,2,290,0,2026-08-07 20:04:00
sess_002588,2967,/pricing,Direct,Desktop,2,64,0,2026-08-18 02:48:00
sess_002589,2366,/pricing,Referral,Desktop,1,38,0,2026-08-04 18:20:00
sess_002590,2463,/product/analytics,Direct,Desktop,1,7,0,2026-08-20 01:34:00
sess_002591,1827,/docs/api,Google Ads,Desktop,4,411,0,2026-08-25 03:58:00
sess_002592,1107,/signup,LinkedIn,Desktop,1,110,1,2026-08-23 17:40:00
sess_002593,1112,/solutions/enterprise,Direct,Desktop,2,64,0,2026-09-13 09:11:00
sess_002594,2198,/home,Google Ads,Desktop,3,97,0,2026-08-27 22:30:00
sess_002595,2915,/product/analytics,Organic Search,Desktop,11,228,0,2026-08-09 09:01:00
sess_002596,2892,/signup,Organic Search,Desktop,1,94,0,2026-08-19 03:23:00
sess_002597,3177,/product/analytics,LinkedIn,Mobile,4,51,0,2026-08-02 23:15:00
sess_002598,1836,/home,LinkedIn,Mobile,2,21,0,2026-08-20 16:31:00
sess_002599,3149,/product/analytics,LinkedIn,Tablet,1,179,0,2026-08-24 09:32:00
sess_002600,2261,/solutions/enterprise,Direct,Mobile,1,653,0,2026-09-09 08:55:00
sess_002601,3325,/docs/api,Organic Search,Mobile,4,186,0,2026-08-12 12:06:00
sess_002602,1812,/docs/api,Direct,Mobile,6,533,0,2026-08-30 08:11:00
sess_002603,1995,/solutions/enterprise,LinkedIn,Mobile,1,383,0,2026-09-08 10:59:00
sess_002604,2796,/solutions/enterprise,Organic Search,Desktop,1,35,0,2026-08-19 20:37:00
sess_002605,2627,/docs/api,LinkedIn,Desktop,2,385,0,2026-09-12 11:25:00
sess_002606,2582,/signup,Organic Search,Desktop,13,5,0,2026-08-14 10:30:00
sess_002607,2878,/solutions/enterprise,Organic Search,Mobile,3,133,0,2026-08-22 10:55:00
sess_002608,2601,/product/analytics,Organic Search,Desktop,2,138,0,2026-08-04 01:16:00
sess_002609,1252,/docs/api,Organic Search,Desktop,1,238,0,2026-08-10 06:17:00
sess_002610,2857,/home,Google Ads,Mobile,1,258,1,2026-09-09 04:28:00
sess_002611,2793,/home,Direct,Mobile,1,52,0,2026-08-28 23:42:00
sess_002612,1813,/solutions/enterprise,Organic Search,Desktop,15,389,0,2026-09-04 04:58:00
sess_002613,1653,/home,Google Ads,Desktop,12,40,0,2026-08-04 09:31:00
sess_002614,2319,/home,Organic Search,Mobile,1,591,0,2026-08-22 15:18:00
sess_002615,3062,/docs/api,Direct,Mobile,1,762,1,2026-09-13 04:23:00
sess_002616,2855,/product/analytics,Direct,Mobile,1,219,0,2026-09-05 06:00:00
sess_002617,3226,/pricing,Referral,Mobile,2,193,0,2026-08-31 17:08:00
sess_002618,2695,/home,Organic Search,Desktop,7,702,1,2026-08-29 10:41:00
sess_002619,2246,/solutions/enterprise,Organic Search,Desktop,6,54,0,2026-08-02 20:25:00
sess_002620,2238,/pricing,Organic Search,Desktop,4,190,1,2026-09-07 08:27:00
sess_002621,1656,/home,Direct,Desktop,13,98,0,2026-08-31 02:20:00
sess_002622,3429,/product/analytics,Organic Search,Mobile,4,38,0,2026-09-09 10:22:00
sess_002623,1673,/signup,Organic Search,Desktop,1,29,0,2026-08-09 15:48:00
sess_002624,1964,/home,LinkedIn,Desktop,6,221,0,2026-08-25 15:09:00
sess_002625,1046,/solutions/enterprise,Organic Search,Desktop,2,51,0,2026-09-08 19:54:00
sess_002626,1681,/product/analytics,GitHub,Mobile,2,169,0,2026-08-12 11:57:00
sess_002627,1503,/solutions/enterprise,Direct,Desktop,6,53,0,2026-09-06 18:46:00
sess_002628,1108,/solutions/enterprise,Direct,Desktop,3,113,0,2026-08-06 22:52:00
sess_002629,2204,/solutions/enterprise,Direct,Mobile,2,249,0,2026-08-05 11:57:00
sess_002630,3061,/solutions/enterprise,Organic Search,Desktop,8,140,0,2026-08-05 11:46:00
sess_002631,3008,/solutions/enterprise,Direct,Desktop,1,374,0,2026-08-25 03:21:00
sess_002632,1578,/product/analytics,Direct,Mobile,4,139,0,2026-08-14 03:32:00
sess_002633,3277,/docs/api,Organic Search,Desktop,5,43,0,2026-09-08 00:37:00
sess_002634,2468,/product/analytics,Google Ads,Desktop,1,414,0,2026-08-30 07:01:00
sess_002635,1150,/docs/api,Google Ads,Desktop,1,102,0,2026-09-14 00:19:00
sess_002636,3041,/signup,Direct,Mobile,1,368,0,2026-08-21 06:58:00
sess_002637,2412,/product/analytics,Organic Search,Mobile,7,52,0,2026-08-20 03:27:00
sess_002638,2224,/solutions/enterprise,Direct,Desktop,3,186,0,2026-08-01 15:38:00
sess_002639,1210,/product/analytics,Organic Search,Desktop,1,37,0,2026-08-15 09:55:00
sess_002640,1580,/product/analytics,Organic Search,Desktop,7,20,0,2026-08-04 23:44:00
sess_002641,2731,/docs/api,Direct,Desktop,1,1230,0,2026-08-03 21:11:00
sess_002642,1465,/product/analytics,Organic Search,Mobile,4,6,0,2026-08-20 06:35:00
sess_002643,1644,/signup,Organic Search,Desktop,2,166,0,2026-08-02 10:10:00
sess_002644,1230,/product/analytics,Organic Search,Mobile,1,7,0,2026-09-10 09:39:00
sess_002645,2529,/home,GitHub,Mobile,4,149,0,2026-08-03 18:18:00
sess_002646,1253,/solutions/enterprise,Organic Search,Desktop,2,23,0,2026-09-08 10:37:00
sess_002647,2231,/solutions/enterprise,Organic Search,Desktop,2,283,0,2026-08-26 11:52:00
sess_002648,2659,/home,Direct,Desktop,1,67,0,2026-09-05 05:48:00
sess_002649,1066,/signup,Direct,Desktop,5,80,0,2026-09-10 20:46:00
sess_002650,2859,/product/analytics,Organic Search,Desktop,1,57,0,2026-09-13 20:41:00
sess_002651,2373,/pricing,GitHub,Desktop,1,26,0,2026-08-03 00:56:00
sess_002652,3098,/product/analytics,Organic Search,Desktop,2,129,0,2026-08-15 22:52:00
sess_002653,3363,/solutions/enterprise,GitHub,Mobile,1,111,0,2026-08-21 04:53:00
sess_002654,2467,/product/analytics,Organic Search,Desktop,1,144,0,2026-08-31 19:31:00
sess_002655,2593,/pricing,Organic Search,Desktop,3,181,0,2026-09-12 07:26:00
sess_002656,3123,/home,Referral,Desktop,9,21,0,2026-08-24 23:54:00
sess_002657,2790,/solutions/enterprise,Direct,Desktop,5,101,0,2026-09-11 03:03:00
sess_002658,3096,/pricing,GitHub,Desktop,1,166,0,2026-09-03 20:06:00
sess_002659,3196,/pricing,LinkedIn,Mobile,3,75,0,2026-08-03 16:21:00
sess_002660,1746,/pricing,Organic Search,Desktop,5,43,0,2026-08-21 22:45:00
sess_002661,1080,/docs/api,Google Ads,Desktop,1,172,0,2026-09-05 09:44:00
sess_002662,3358,/home,Organic Search,Mobile,1,233,0,2026-09-04 06:43:00
sess_002663,2472,/solutions/enterprise,Direct,Mobile,7,254,0,2026-08-23 19:57:00
sess_002664,3023,/home,Organic Search,Desktop,1,75,0,2026-08-11 12:46:00
sess_002665,1147,/signup,Direct,Desktop,2,23,0,2026-08-02 20:44:00
sess_002666,1383,/docs/api,Google Ads,Mobile,1,449,0,2026-08-05 13:25:00
sess_002667,2384,/signup,LinkedIn,Desktop,1,214,0,2026-09-05 02:23:00
sess_002668,3269,/solutions/enterprise,Direct,Mobile,3,538,0,2026-08-10 17:21:00
sess_002669,2601,/product/analytics,Organic Search,Mobile,2,33,0,2026-09-10 18:48:00
sess_002670,1573,/home,Organic Search,Desktop,4,197,0,2026-08-31 03:18:00
sess_002671,3423,/docs/api,LinkedIn,Desktop,6,44,0,2026-08-27 22:47:00
sess_002672,3168,/product/analytics,GitHub,Tablet,1,367,0,2026-08-04 13:18:00
sess_002673,2726,/signup,Google Ads,Tablet,1,136,0,2026-09-09 06:41:00
sess_002674,1159,/docs/api,Organic Search,Mobile,9,141,0,2026-08-21 16:36:00
sess_002675,3316,/solutions/enterprise,Organic Search,Desktop,2,485,0,2026-08-02 00:13:00
sess_002676,3217,/signup,LinkedIn,Mobile,9,70,0,2026-08-23 07:52:00
sess_002677,3222,/home,LinkedIn,Mobile,2,178,0,2026-08-15 13:01:00
sess_002678,3266,/docs/api,LinkedIn,Desktop,2,33,0,2026-09-12 03:10:00
sess_002679,2467,/signup,GitHub,Desktop,4,86,0,2026-09-06 02:36:00
sess_002680,2468,/solutions/enterprise,Organic Search,Mobile,1,43,0,2026-08-12 22:58:00
sess_002681,1755,/docs/api,Organic Search,Desktop,2,45,0,2026-09-04 09:10:00
sess_002682,3297,/pricing,GitHub,Desktop,2,199,0,2026-09-01 10:36:00
sess_002683,3427,/signup,LinkedIn,Desktop,1,65,0,2026-08-18 07:11:00
sess_002684,2708,/signup,LinkedIn,Desktop,2,57,0,2026-08-29 01:24:00
sess_002685,2843,/signup,Organic Search,Desktop,2,302,0,2026-08-06 01:57:00
sess_002686,2210,/home,LinkedIn,Mobile,1,120,0,2026-08-07 06:44:00
sess_002687,2834,/signup,LinkedIn,Mobile,1,91,0,2026-09-13 10:29:00
sess_002688,2812,/signup,LinkedIn,Desktop,3,308,0,2026-08-17 10:48:00
sess_002689,1161,/pricing,LinkedIn,Mobile,1,125,0,2026-08-21 03:34:00
sess_002690,3094,/docs/api,Direct,Desktop,2,308,0,2026-08-12 07:44:00
sess_002691,1794,/product/analytics,Referral,Mobile,1,74,0,2026-08-15 20:15:00
sess_002692,1516,/solutions/enterprise,Direct,Desktop,1,593,0,2026-09-03 04:56:00
sess_002693,3320,/product/analytics,Organic Search,Tablet,1,468,0,2026-08-07 07:13:00
sess_002694,3104,/product/analytics,Organic Search,Desktop,1,317,0,2026-08-08 19:25:00
sess_002695,3360,/pricing,Referral,Mobile,5,48,0,2026-08-31 04:47:00
sess_002696,1750,/signup,Direct,Desktop,7,239,0,2026-08-21 19:47:00
sess_002697,3391,/solutions/enterprise,Organic Search,Mobile,3,311,0,2026-08-14 16:14:00
sess_002698,1895,/signup,Organic Search,Desktop,5,86,0,2026-08-05 05:55:00
sess_002699,3449,/docs/api,Organic Search,Desktop,1,32,0,2026-09-07 20:52:00
sess_002700,2521,/docs/api,Organic Search,Desktop,2,61,0,2026-08-18 05:13:00
sess_002701,3030,/docs/api,Referral,Desktop,1,163,0,2026-08-29 10:43:00
sess_002702,3345,/docs/api,Organic Search,Mobile,16,57,0,2026-08-26 23:19:00
sess_002703,2108,/signup,Organic Search,Desktop,1,200,0,2026-09-01 05:28:00
sess_002704,1906,/pricing,LinkedIn,Desktop,2,94,1,2026-08-15 11:22:00
sess_002705,1167,/solutions/enterprise,LinkedIn,Desktop,1,51,0,2026-08-05 02:21:00
sess_002706,3043,/docs/api,Referral,Mobile,1,175,0,2026-08-17 03:38:00
sess_002707,3212,/home,LinkedIn,Tablet,4,18,0,2026-08-30 12:27:00
sess_002708,1487,/docs/api,Organic Search,Mobile,1,181,0,2026-09-08 02:25:00
sess_002709,2610,/pricing,Referral,Desktop,1,664,0,2026-08-14 08:43:00
sess_002710,1539,/home,Google Ads,Mobile,9,228,0,2026-08-19 14:00:00
sess_002711,2693,/product/analytics,Organic Search,Desktop,1,76,0,2026-09-13 17:22:00
sess_002712,1429,/pricing,Organic Search,Mobile,6,421,1,2026-08-29 13:25:00
sess_002713,1845,/signup,Referral,Desktop,9,140,0,2026-08-11 17:35:00
sess_002714,2876,/docs/api,Organic Search,Mobile,4,140,1,2026-09-05 23:08:00
sess_002715,1865,/solutions/enterprise,Organic Search,Desktop,1,90,0,2026-09-06 03:04:00
sess_002716,1775,/solutions/enterprise,Direct,Desktop,1,14,0,2026-09-14 05:02:00
sess_002717,1554,/home,LinkedIn,Desktop,1,61,0,2026-09-04 19:02:00
sess_002718,1825,/pricing,Direct,Desktop,3,311,0,2026-08-08 23:19:00
sess_002719,2556,/home,Organic Search,Desktop,1,59,0,2026-08-07 07:29:00
sess_002720,3478,/signup,Organic Search,Mobile,1,100,0,2026-08-10 12:12:00
sess_002721,3354,/home,Organic Search,Mobile,2,185,0,2026-08-18 07:43:00
sess_002722,3460,/signup,Direct,Desktop,3,64,0,2026-09-06 20:53:00
sess_002723,3063,/solutions/enterprise,Organic Search,Desktop,2,305,0,2026-08-09 16:45:00
sess_002724,2347,/pricing,Organic Search,Desktop,2,417,0,2026-09-10 01:22:00
sess_002725,2003,/solutions/enterprise,Organic Search,Mobile,2,16,0,2026-09-12 02:54:00
sess_002726,2368,/pricing,Direct,Desktop,1,158,0,2026-09-05 15:45:00
sess_002727,2604,/solutions/enterprise,LinkedIn,Desktop,9,82,0,2026-09-03 16:11:00
sess_002728,1146,/pricing,GitHub,Desktop,6,150,0,2026-08-29 11:45:00
sess_002729,1678,/product/analytics,Organic Search,Desktop,2,147,0,2026-08-18 09:29:00
sess_002730,1541,/solutions/enterprise,GitHub,Desktop,1,6,0,2026-08-11 02:00:00
sess_002731,2051,/signup,Direct,Desktop,6,193,0,2026-08-04 17:23:00
sess_002732,2774,/product/analytics,Google Ads,Mobile,4,48,0,2026-08-18 19:43:00
sess_002733,1066,/home,GitHub,Mobile,1,152,0,2026-08-02 05:11:00
sess_002734,1569,/solutions/enterprise,Referral,Mobile,4,411,0,2026-09-12 07:11:00
sess_002735,1994,/signup,Organic Search,Desktop,2,43,0,2026-08-24 05:14:00
sess_002736,1508,/home,Organic Search,Mobile,1,61,0,2026-09-03 01:26:00
sess_002737,2458,/solutions/enterprise,Direct,Desktop,4,16,0,2026-08-13 07:16:00
sess_002738,1000,/home,Direct,Mobile,2,126,1,2026-08-02 00:26:00
sess_002739,2615,/docs/api,LinkedIn,Desktop,7,372,0,2026-08-10 05:39:00
sess_002740,2239,/pricing,LinkedIn,Mobile,1,146,0,2026-08-15 15:49:00
sess_002741,1369,/home,Organic Search,Desktop,8,83,0,2026-08-14 21:16:00
sess_002742,2560,/pricing,LinkedIn,Desktop,1,430,0,2026-09-13 23:53:00
sess_002743,1392,/home,Organic Search,Desktop,1,141,0,2026-09-09 00:14:00
sess_002744,2802,/solutions/enterprise,LinkedIn,Desktop,3,659,0,2026-08-19 12:55:00
sess_002745,1198,/pricing,Referral,Mobile,3,254,1,2026-09-08 22:12:00
sess_002746,2076,/signup,Google Ads,Mobile,1,441,0,2026-08-18 05:18:00
sess_002747,1550,/pricing,LinkedIn,Mobile,6,193,0,2026-08-06 03:13:00
sess_002748,1642,/product/analytics,Organic Search,Desktop,5,822,0,2026-08-13 15:09:00
sess_002749,2538,/signup,Organic Search,Desktop,1,139,0,2026-08-24 03:47:00
sess_002750,1514,/signup,Direct,Desktop,2,189,0,2026-08-23 07:12:00
sess_002751,2486,/signup,GitHub,Desktop,5,30,0,2026-08-24 20:12:00
sess_002752,1132,/pricing,Organic Search,Desktop,6,501,0,2026-09-11 15:20:00
sess_002753,2064,/pricing,Google Ads,Desktop,5,78,0,2026-08-31 07:17:00
sess_002754,2392,/pricing,Organic Search,Desktop,1,201,0,2026-09-13 08:38:00
sess_002755,2500,/signup,LinkedIn,Desktop,5,85,0,2026-09-08 01:36:00
sess_002756,2362,/home,Google Ads,Desktop,3,394,0,2026-09-09 07:16:00
sess_002757,3429,/signup,Direct,Desktop,3,26,1,2026-08-06 06:32:00
sess_002758,3455,/signup,Google Ads,Desktop,10,422,0,2026-08-25 10:24:00
sess_002759,3006,/docs/api,LinkedIn,Mobile,3,181,0,2026-08-05 08:32:00
sess_002760,1539,/pricing,Direct,Tablet,6,569,0,2026-08-26 04:10:00
sess_002761,3384,/docs/api,Google Ads,Desktop,4,131,0,2026-08-10 14:25:00
sess_002762,1008,/signup,Organic Search,Tablet,1,127,0,2026-09-07 13:19:00
sess_002763,3046,/pricing,Direct,Desktop,1,84,0,2026-08-20 16:18:00
sess_002764,3484,/solutions/enterprise,Direct,Desktop,3,76,0,2026-09-05 06:53:00
sess_002765,2928,/docs/api,Organic Search,Mobile,2,28,0,2026-08-04 19:33:00
sess_002766,2767,/product/analytics,Direct,Mobile,9,76,0,2026-09-13 04:26:00
sess_002767,2477,/pricing,Organic Search,Desktop,3,174,0,2026-08-08 18:29:00
sess_002768,3318,/solutions/enterprise,Organic Search,Mobile,8,20,0,2026-08-01 01:13:00
sess_002769,1622,/docs/api,Direct,Mobile,1,42,1,2026-09-11 15:37:00
sess_002770,3309,/signup,Organic Search,Tablet,7,358,0,2026-08-07 16:29:00
sess_002771,1372,/solutions/enterprise,Google Ads,Mobile,3,22,1,2026-09-08 11:44:00
sess_002772,1494,/product/analytics,Direct,Tablet,1,54,0,2026-08-19 19:42:00
sess_002773,1913,/product/analytics,Direct,Desktop,2,5,0,2026-08-04 21:22:00
sess_002774,2509,/product/analytics,Referral,Mobile,10,233,0,2026-08-02 14:07:00
sess_002775,1113,/product/analytics,Organic Search,Tablet,9,347,0,2026-09-06 09:00:00
sess_002776,2245,/solutions/enterprise,Organic Search,Desktop,1,385,0,2026-08-22 10:20:00
sess_002777,1722,/signup,GitHub,Mobile,2,419,0,2026-08-20 20:56:00
sess_002778,3395,/docs/api,GitHub,Desktop,7,98,1,2026-08-29 05:59:00
sess_002779,1022,/product/analytics,Organic Search,Tablet,1,152,0,2026-08-16 20:26:00
sess_002780,1471,/solutions/enterprise,GitHub,Desktop,9,208,0,2026-08-11 16:40:00
sess_002781,3074,/signup,Direct,Desktop,2,447,0,2026-08-07 08:42:00
sess_002782,2529,/solutions/enterprise,Organic Search,Desktop,1,291,0,2026-09-12 11:03:00
sess_002783,2868,/docs/api,Direct,Desktop,2,125,0,2026-08-21 03:36:00
sess_002784,1586,/solutions/enterprise,Google Ads,Mobile,5,133,0,2026-09-11 22:46:00
sess_002785,3461,/signup,Direct,Desktop,19,78,0,2026-08-20 16:25:00
sess_002786,1389,/home,Direct,Desktop,1,7,0,2026-09-13 06:04:00
sess_002787,3038,/signup,Organic Search,Desktop,3,33,0,2026-08-19 01:17:00
sess_002788,1030,/docs/api,Google Ads,Mobile,8,77,0,2026-09-04 03:52:00
sess_002789,1778,/signup,Organic Search,Desktop,7,172,0,2026-08-23 08:34:00
sess_002790,1974,/solutions/enterprise,Organic Search,Mobile,2,230,0,2026-08-24 18:29:00
sess_002791,1879,/pricing,GitHub,Desktop,6,403,1,2026-09-04 16:05:00
sess_002792,1791,/pricing,GitHub,Desktop,1,150,0,2026-08-11 08:13:00
sess_002793,2092,/product/analytics,Direct,Desktop,3,95,0,2026-09-04 06:36:00
sess_002794,3141,/docs/api,Organic Search,Mobile,3,216,0,2026-08-07 07:28:00
sess_002795,2019,/signup,Direct,Desktop,5,94,0,2026-08-09 04:11:00
sess_002796,2833,/solutions/enterprise,GitHub,Mobile,1,25,0,2026-09-10 09:00:00
sess_002797,1249,/solutions/enterprise,LinkedIn,Mobile,3,5,0,2026-09-11 00:45:00
sess_002798,2651,/home,Organic Search,Desktop,3,226,0,2026-08-28 16:43:00
sess_002799,1027,/home,GitHub,Desktop,1,417,0,2026-08-14 10:02:00
sess_002800,1456,/product/analytics,Google Ads,Desktop,2,209,0,2026-09-04 10:01:00
sess_002801,2472,/docs/api,Direct,Tablet,1,10,0,2026-08-17 11:37:00
sess_002802,1061,/product/analytics,Google Ads,Desktop,22,49,0,2026-08-04 10:30:00
sess_002803,1949,/home,Organic Search,Mobile,14,531,0,2026-08-17 10:42:00
sess_002804,3075,/home,Direct,Mobile,1,227,0,2026-09-14 15:55:00
sess_002805,3335,/docs/api,Organic Search,Desktop,5,245,0,2026-08-16 13:33:00
sess_002806,2209,/signup,Google Ads,Desktop,5,300,0,2026-08-24 04:17:00
sess_002807,1581,/product/analytics,Referral,Desktop,8,443,0,2026-08-22 12:38:00
sess_002808,2861,/home,GitHub,Mobile,1,109,0,2026-08-19 23:25:00
sess_002809,2915,/solutions/enterprise,Direct,Mobile,4,106,0,2026-09-08 05:29:00
sess_002810,3495,/pricing,Direct,Mobile,1,9,0,2026-08-30 20:51:00
sess_002811,1469,/home,GitHub,Desktop,4,503,0,2026-08-26 15:02:00
sess_002812,2042,/signup,LinkedIn,Desktop,6,30,0,2026-08-31 07:12:00
sess_002813,3055,/product/analytics,Organic Search,Desktop,1,112,0,2026-08-16 06:01:00
sess_002814,2491,/home,Organic Search,Tablet,3,169,0,2026-08-15 19:35:00
sess_002815,3302,/solutions/enterprise,Referral,Tablet,3,917,0,2026-08-26 23:29:00
sess_002816,3367,/pricing,Direct,Mobile,1,96,0,2026-08-04 16:55:00
sess_002817,2751,/pricing,Organic Search,Tablet,1,203,0,2026-09-04 05:11:00
sess_002818,3252,/solutions/enterprise,LinkedIn,Desktop,3,554,1,2026-08-23 22:48:00
sess_002819,2661,/product/analytics,GitHub,Mobile,6,157,0,2026-09-03 08:51:00
sess_002820,1552,/solutions/enterprise,Organic Search,Desktop,4,142,0,2026-08-02 14:38:00
sess_002821,2908,/signup,Organic Search,Mobile,1,158,0,2026-09-03 23:07:00
sess_002822,2202,/solutions/enterprise,GitHub,Desktop,1,311,0,2026-08-01 19:12:00
sess_002823,2542,/docs/api,Organic Search,Mobile,7,12,0,2026-09-13 23:37:00
sess_002824,3227,/signup,GitHub,Desktop,3,261,0,2026-08-15 11:35:00
sess_002825,1071,/docs/api,Organic Search,Tablet,1,39,0,2026-08-31 11:52:00
sess_002826,1730,/docs/api,Organic Search,Desktop,3,267,0,2026-08-26 19:38:00
sess_002827,1746,/pricing,Google Ads,Mobile,1,294,0,2026-09-11 08:13:00
sess_002828,2282,/pricing,Organic Search,Mobile,8,182,0,2026-08-13 03:52:00
sess_002829,1144,/home,Organic Search,Desktop,1,109,0,2026-08-10 05:41:00
sess_002830,2796,/docs/api,Google Ads,Desktop,1,242,0,2026-08-18 14:54:00
sess_002831,2518,/product/analytics,Direct,Desktop,3,8,1,2026-09-01 19:03:00
sess_002832,2394,/product/analytics,Direct,Desktop,5,193,0,2026-08-24 02:31:00
sess_002833,2159,/docs/api,LinkedIn,Desktop,1,52,0,2026-09-01 07:48:00
sess_002834,2963,/pricing,Google Ads,Mobile,2,199,0,2026-09-13 07:58:00
sess_002835,1921,/solutions/enterprise,Google Ads,Desktop,2,31,0,2026-08-26 18:27:00
sess_002836,1083,/signup,Organic Search,Mobile,5,40,0,2026-08-02 16:41:00
sess_002837,1281,/pricing,Direct,Desktop,1,113,0,2026-09-01 17:13:00
sess_002838,3105,/home,LinkedIn,Desktop,1,140,0,2026-08-07 12:26:00
sess_002839,3421,/docs/api,Organic Search,Mobile,2,101,0,2026-08-25 23:45:00
sess_002840,3031,/pricing,LinkedIn,Tablet,10,174,0,2026-08-24 16:26:00
sess_002841,1441,/solutions/enterprise,Organic Search,Desktop,2,14,0,2026-08-13 07:39:00
sess_002842,1607,/home,Organic Search,Desktop,3,43,0,2026-09-01 21:22:00
sess_002843,1735,/pricing,Organic Search,Desktop,5,5,0,2026-09-07 05:31:00
sess_002844,3053,/docs/api,Direct,Mobile,3,155,0,2026-09-08 22:13:00
sess_002845,2537,/solutions/enterprise,Organic Search,Mobile,3,216,0,2026-09-02 21:42:00
sess_002846,2558,/pricing,Google Ads,Mobile,6,123,0,2026-08-01 01:25:00
sess_002847,1604,/signup,Organic Search,Mobile,2,116,0,2026-08-08 10:18:00
sess_002848,1445,/docs/api,Google Ads,Desktop,1,104,0,2026-09-11 02:21:00
sess_002849,3077,/docs/api,Organic Search,Mobile,1,78,0,2026-08-01 20:00:00
sess_002850,2280,/pricing,Direct,Desktop,5,164,0,2026-08-17 02:30:00
sess_002851,1405,/pricing,LinkedIn,Mobile,3,6,1,2026-08-19 18:19:00
sess_002852,3012,/pricing,Organic Search,Desktop,3,167,0,2026-08-11 12:12:00
sess_002853,3290,/solutions/enterprise,Google Ads,Desktop,8,126,0,2026-08-11 02:32:00
sess_002854,3056,/pricing,Referral,Desktop,3,181,0,2026-08-02 20:07:00
sess_002855,2573,/signup,Direct,Mobile,1,351,0,2026-08-04 05:46:00
sess_002856,3069,/signup,Organic Search,Desktop,2,322,0,2026-09-06 11:32:00
sess_002857,1680,/product/analytics,Direct,Desktop,1,301,0,2026-08-09 01:07:00
sess_002858,1257,/signup,GitHub,Mobile,3,100,0,2026-09-01 12:52:00
sess_002859,1128,/pricing,LinkedIn,Desktop,1,93,0,2026-09-11 00:30:00
sess_002860,2033,/home,LinkedIn,Mobile,3,46,0,2026-08-07 18:36:00
sess_002861,1177,/product/analytics,Google Ads,Mobile,7,10,0,2026-08-28 00:34:00
sess_002862,1747,/home,GitHub,Desktop,1,131,0,2026-08-02 07:26:00
sess_002863,1627,/signup,Organic Search,Mobile,1,666,0,2026-08-23 19:36:00
sess_002864,1715,/home,Direct,Desktop,4,256,0,2026-08-04 19:26:00
sess_002865,1187,/docs/api,GitHub,Desktop,4,147,0,2026-08-31 20:52:00
sess_002866,1829,/solutions/enterprise,Google Ads,Desktop,3,68,0,2026-08-22 09:02:00
sess_002867,2155,/product/analytics,Organic Search,Desktop,1,28,1,2026-08-08 07:18:00
sess_002868,2756,/product/analytics,GitHub,Tablet,1,60,1,2026-09-01 19:34:00
sess_002869,2178,/docs/api,Organic Search,Desktop,7,142,0,2026-08-01 07:12:00
sess_002870,3012,/home,Direct,Desktop,5,181,0,2026-08-18 20:05:00
sess_002871,3360,/solutions/enterprise,Organic Search,Mobile,9,87,0,2026-09-08 04:44:00
sess_002872,3369,/solutions/enterprise,GitHub,Desktop,2,24,0,2026-09-14 01:39:00
sess_002873,1042,/docs/api,Organic Search,Desktop,2,59,0,2026-09-12 13:38:00
sess_002874,3030,/pricing,Referral,Desktop,1,58,0,2026-08-11 00:12:00
sess_002875,1523,/solutions/enterprise,Organic Search,Desktop,3,142,0,2026-08-10 16:34:00
sess_002876,1090,/pricing,LinkedIn,Desktop,5,24,0,2026-08-24 21:33:00
sess_002877,1437,/docs/api,Organic Search,Desktop,1,66,0,2026-09-05 20:05:00
sess_002878,2609,/home,Direct,Desktop,1,80,0,2026-08-09 18:56:00
sess_002879,3338,/pricing,Organic Search,Desktop,4,139,0,2026-08-16 19:32:00
sess_002880,1287,/product/analytics,GitHub,Desktop,4,68,0,2026-08-12 01:07:00
sess_002881,1211,/pricing,Direct,Desktop,5,34,0,2026-09-11 12:25:00
sess_002882,1218,/home,LinkedIn,Tablet,4,9,0,2026-09-02 01:59:00
sess_002883,1345,/pricing,GitHub,Mobile,2,39,1,2026-08-22 20:56:00
sess_002884,2034,/docs/api,Organic Search,Mobile,1,318,0,2026-09-04 16:55:00
sess_002885,2052,/pricing,Direct,Desktop,4,82,0,2026-08-19 10:30:00
sess_002886,2659,/signup,Organic Search,Mobile,6,144,0,2026-08-08 17:54:00
sess_002887,1619,/product/analytics,Organic Search,Desktop,1,126,0,2026-08-16 12:23:00
sess_002888,1659,/pricing,LinkedIn,Tablet,3,63,0,2026-08-26 14:56:00
sess_002889,3090,/docs/api,Organic Search,Desktop,2,338,0,2026-08-11 14:11:00
sess_002890,1581,/pricing,Direct,Desktop,3,507,0,2026-08-29 10:05:00
sess_002891,3183,/solutions/enterprise,Organic Search,Desktop,1,47,0,2026-09-04 16:34:00
sess_002892,2196,/home,Organic Search,Desktop,2,301,0,2026-08-06 22:50:00
sess_002893,3414,/product/analytics,Direct,Desktop,2,258,0,2026-09-11 23:26:00
sess_002894,2857,/home,Direct,Mobile,1,332,0,2026-08-10 13:38:00
sess_002895,2626,/product/analytics,Organic Search,Desktop,2,99,0,2026-09-10 20:01:00
sess_002896,3003,/home,Direct,Desktop,1,213,0,2026-08-13 04:06:00
sess_002897,3013,/signup,LinkedIn,Desktop,1,42,0,2026-09-12 12:29:00
sess_002898,1860,/product/analytics,LinkedIn,Desktop,11,625,0,2026-08-15 23:41:00
sess_002899,3241,/pricing,Google Ads,Desktop,3,235,0,2026-09-01 19:53:00
sess_002900,2550,/home,GitHub,Desktop,2,19,0,2026-08-21 03:14:00
sess_002901,2879,/product/analytics,LinkedIn,Desktop,3,383,0,2026-09-09 00:22:00
sess_002902,1168,/pricing,Direct,Mobile,2,580,0,2026-08-08 05:21:00
sess_002903,1900,/product/analytics,Organic Search,Tablet,3,78,0,2026-08-28 18:26:00
sess_002904,1899,/product/analytics,Organic Search,Desktop,1,144,0,2026-08-10 05:15:00
sess_002905,3468,/docs/api,LinkedIn,Desktop,1,872,0,2026-08-06 07:14:00
sess_002906,2036,/docs/api,GitHub,Mobile,13,112,0,2026-08-25 00:38:00
sess_002907,1148,/home,Organic Search,Desktop,1,202,0,2026-08-09 16:25:00
sess_002908,3314,/pricing,Organic Search,Desktop,1,113,0,2026-09-06 18:11:00
sess_002909,1013,/solutions/enterprise,Direct,Mobile,2,19,0,2026-09-09 09:15:00
sess_002910,3028,/signup,Organic Search,Mobile,1,133,0,2026-08-03 01:29:00
sess_002911,2273,/product/analytics,Direct,Desktop,3,320,0,2026-09-03 09:10:00
sess_002912,1419,/home,Organic Search,Mobile,10,12,0,2026-09-11 19:46:00
sess_002913,2420,/docs/api,GitHub,Desktop,1,109,0,2026-09-05 14:49:00
sess_002914,1580,/pricing,Google Ads,Desktop,2,315,0,2026-08-21 12:40:00
sess_002915,2300,/docs/api,Organic Search,Tablet,4,83,0,2026-08-29 12:49:00
sess_002916,3239,/product/analytics,Organic Search,Mobile,1,687,0,2026-08-26 14:35:00
sess_002917,1858,/docs/api,Referral,Desktop,4,91,0,2026-09-07 13:14:00
sess_002918,2472,/signup,Google Ads,Desktop,2,280,0,2026-09-10 19:08:00
sess_002919,1434,/docs/api,GitHub,Mobile,3,55,0,2026-09-04 03:43:00
sess_002920,1196,/signup,Organic Search,Desktop,3,77,0,2026-08-02 10:58:00
sess_002921,1331,/pricing,Organic Search,Mobile,2,234,0,2026-08-18 07:55:00
sess_002922,3072,/signup,LinkedIn,Desktop,2,15,0,2026-08-20 10:45:00
sess_002923,3187,/home,Referral,Desktop,1,22,0,2026-08-06 20:58:00
sess_002924,1605,/product/analytics,Organic Search,Desktop,2,60,0,2026-08-30 17:03:00
sess_002925,2327,/product/analytics,Google Ads,Desktop,4,56,0,2026-09-03 18:35:00
sess_002926,3010,/signup,Direct,Desktop,7,17,0,2026-08-10 13:19:00
sess_002927,2360,/pricing,Organic Search,Desktop,3,647,0,2026-09-08 08:12:00
sess_002928,1842,/signup,Direct,Mobile,5,67,0,2026-08-07 17:18:00
sess_002929,1840,/signup,Direct,Desktop,2,235,1,2026-08-29 11:33:00
sess_002930,1657,/home,Organic Search,Tablet,1,94,0,2026-08-29 19:17:00
sess_002931,2536,/pricing,Direct,Mobile,4,852,0,2026-09-11 02:01:00
sess_002932,1581,/signup,LinkedIn,Mobile,4,32,0,2026-09-08 09:43:00
sess_002933,2668,/pricing,Google Ads,Desktop,1,89,0,2026-09-04 01:11:00
sess_002934,1514,/signup,Organic Search,Desktop,2,106,0,2026-08-01 21:57:00
sess_002935,1601,/docs/api,GitHub,Desktop,8,232,0,2026-08-02 20:55:00
sess_002936,2767,/home,Organic Search,Desktop,12,128,0,2026-08-09 04:32:00
sess_002937,2477,/signup,LinkedIn,Desktop,2,254,0,2026-08-12 06:30:00
sess_002938,2866,/product/analytics,Direct,Mobile,4,336,0,2026-08-30 09:22:00
sess_002939,2319,/signup,GitHub,Desktop,1,66,0,2026-08-02 16:28:00
sess_002940,1101,/solutions/enterprise,Organic Search,Desktop,1,298,0,2026-08-06 05:54:00
sess_002941,2615,/signup,Organic Search,Tablet,4,126,0,2026-09-05 03:20:00
sess_002942,3131,/product/analytics,Organic Search,Desktop,3,19,1,2026-09-13 23:44:00
sess_002943,3361,/pricing,Organic Search,Desktop,4,68,0,2026-08-20 18:28:00
sess_002944,3274,/solutions/enterprise,Organic Search,Desktop,4,297,0,2026-08-12 19:25:00
sess_002945,3303,/pricing,Organic Search,Desktop,2,93,0,2026-09-01 21:44:00
sess_002946,1236,/solutions/enterprise,Direct,Desktop,8,22,0,2026-08-23 06:56:00
sess_002947,1489,/signup,Organic Search,Desktop,2,188,0,2026-08-25 14:23:00
sess_002948,2309,/signup,Organic Search,Mobile,7,346,0,2026-08-07 13:19:00
sess_002949,2703,/docs/api,Organic Search,Desktop,1,30,0,2026-08-11 06:29:00
sess_002950,1536,/pricing,GitHub,Desktop,6,145,0,2026-08-12 08:48:00
sess_002951,1009,/solutions/enterprise,Direct,Tablet,2,46,0,2026-09-06 01:52:00
sess_002952,1364,/product/analytics,Organic Search,Desktop,4,79,0,2026-08-11 04:13:00
sess_002953,2336,/docs/api,Direct,Desktop,1,101,0,2026-08-18 23:48:00
sess_002954,1674,/pricing,Organic Search,Desktop,1,5,0,2026-08-15 21:14:00
sess_002955,3330,/home,Direct,Mobile,1,84,0,2026-09-13 14:52:00
sess_002956,3299,/signup,Organic Search,Mobile,2,71,0,2026-08-29 06:21:00
sess_002957,2597,/signup,Organic Search,Desktop,2,203,0,2026-09-13 19:16:00
sess_002958,1412,/docs/api,GitHub,Desktop,2,386,1,2026-08-06 11:28:00
sess_002959,1354,/solutions/enterprise,Organic Search,Desktop,2,25,0,2026-09-13 21:37:00
sess_002960,3196,/signup,Direct,Desktop,2,123,1,2026-08-12 23:57:00
sess_002961,1168,/home,LinkedIn,Mobile,6,63,0,2026-08-23 06:42:00
sess_002962,3462,/home,GitHub,Desktop,3,793,0,2026-08-16 21:18:00
sess_002963,1146,/signup,GitHub,Mobile,2,277,0,2026-08-17 22:42:00
sess_002964,2515,/signup,Organic Search,Desktop,2,27,0,2026-08-17 02:30:00
sess_002965,1293,/home,GitHub,Mobile,6,87,0,2026-09-05 13:05:00
sess_002966,1927,/solutions/enterprise,Organic Search,Desktop,2,26,0,2026-09-14 17:50:00
sess_002967,2027,/docs/api,GitHub,Desktop,2,283,0,2026-08-16 09:38:00
sess_002968,3125,/home,Organic Search,Tablet,2,125,0,2026-08-24 15:41:00
sess_002969,1576,/signup,Organic Search,Desktop,1,192,1,2026-08-02 02:40:00
sess_002970,1103,/home,Organic Search,Mobile,2,158,0,2026-08-21 21:04:00
sess_002971,2071,/signup,Organic Search,Mobile,4,41,0,2026-08-18 18:08:00
sess_002972,3463,/solutions/enterprise,GitHub,Mobile,2,7,0,2026-08-28 01:20:00
sess_002973,3311,/pricing,Organic Search,Mobile,1,372,0,2026-08-27 18:43:00
sess_002974,1711,/pricing,Organic Search,Tablet,4,22,0,2026-08-18 12:16:00
sess_002975,3224,/signup,Organic Search,Desktop,5,287,0,2026-08-16 12:35:00
sess_002976,2733,/docs/api,Organic Search,Desktop,1,43,0,2026-08-05 15:17:00
sess_002977,1308,/signup,Organic Search,Desktop,3,349,0,2026-08-10 04:18:00
sess_002978,3163,/signup,Direct,Desktop,7,167,0,2026-08-20 04:50:00
sess_002979,3492,/home,Referral,Mobile,1,96,0,2026-08-16 04:59:00
sess_002980,1445,/product/analytics,Direct,Desktop,7,198,0,2026-08-08 15:06:00
sess_002981,2482,/pricing,Google Ads,Desktop,1,62,1,2026-08-11 05:56:00
sess_002982,2842,/home,Direct,Desktop,17,102,0,2026-09-03 23:53:00
sess_002983,1412,/docs/api,Organic Search,Desktop,3,317,0,2026-09-03 07:08:00
sess_002984,2555,/product/analytics,Direct,Desktop,4,6,0,2026-08-23 14:03:00
sess_002985,2314,/pricing,GitHub,Mobile,1,52,0,2026-08-27 20:17:00
sess_002986,2113,/pricing,Direct,Mobile,1,248,0,2026-08-22 05:49:00
sess_002987,1370,/signup,Direct,Desktop,10,233,0,2026-08-26 02:59:00
sess_002988,2619,/signup,LinkedIn,Desktop,13,37,1,2026-09-11 00:32:00
sess_002989,2254,/home,GitHub,Desktop,1,738,0,2026-09-12 06:17:00
sess_002990,2386,/home,Direct,Desktop,2,208,0,2026-09-04 08:27:00
sess_002991,2576,/product/analytics,Direct,Desktop,1,88,0,2026-08-21 15:36:00
sess_002992,2195,/solutions/enterprise,Organic Search,Desktop,9,82,0,2026-08-22 23:30:00
sess_002993,1299,/signup,Organic Search,Desktop,7,138,0,2026-09-10 16:23:00
sess_002994,2911,/docs/api,LinkedIn,Desktop,1,11,0,2026-08-15 09:23:00
sess_002995,2649,/home,LinkedIn,Desktop,2,230,0,2026-09-14 20:53:00
sess_002996,2514,/home,Organic Search,Desktop,10,17,0,2026-08-15 13:13:00
sess_002997,2001,/pricing,LinkedIn,Desktop,1,195,0,2026-09-11 01:46:00
sess_002998,2759,/product/analytics,Organic Search,Desktop,6,296,0,2026-08-16 18:27:00
sess_002999,1150,/signup,Organic Search,Desktop,1,429,0,2026-08-25 07:15:00
sess_003000,1037,/solutions/enterprise,Organic Search,Mobile,1,33,0,2026-09-06 03:54:00
sess_003001,3216,/solutions/enterprise,Direct,Tablet,1,251,0,2026-08-27 12:45:00
sess_003002,2054,/docs/api,Organic Search,Desktop,4,741,0,2026-09-14 13:50:00
sess_003003,1399,/docs/api,Google Ads,Tablet,1,17,0,2026-09-03 23:10:00
sess_003004,1898,/home,Google Ads,Desktop,1,10,0,2026-09-11 07:01:00
sess_003005,1882,/product/analytics,Organic Search,Desktop,5,47,0,2026-08-01 09:11:00
sess_003006,1655,/pricing,Organic Search,Mobile,3,46,0,2026-08-11 16:08:00
sess_003007,2603,/docs/api,Organic Search,Desktop,6,74,0,2026-08-14 22:41:00
sess_003008,3116,/solutions/enterprise,Direct,Desktop,3,467,0,2026-08-30 11:17:00
sess_003009,2243,/home,Organic Search,Desktop,1,211,0,2026-08-26 16:48:00
sess_003010,1809,/signup,Direct,Mobile,1,6,0,2026-09-05 07:18:00
sess_003011,1191,/home,Organic Search,Mobile,5,128,0,2026-09-14 15:53:00
sess_003012,3173,/pricing,Organic Search,Desktop,7,380,0,2026-08-20 17:02:00
sess_003013,2554,/signup,Direct,Mobile,5,142,0,2026-08-20 23:11:00
sess_003014,1594,/product/analytics,Referral,Desktop,2,43,0,2026-09-10 22:10:00
sess_003015,2341,/solutions/enterprise,Google Ads,Mobile,4,559,0,2026-08-28 14:16:00
sess_003016,1258,/signup,Google Ads,Mobile,1,71,0,2026-08-02 20:05:00
sess_003017,2438,/signup,Direct,Mobile,4,82,1,2026-08-19 05:35:00
sess_003018,2810,/signup,Direct,Mobile,1,84,0,2026-08-03 23:08:00
sess_003019,2654,/home,Google Ads,Desktop,8,95,0,2026-09-12 19:08:00
sess_003020,1720,/signup,Organic Search,Desktop,2,227,0,2026-08-25 17:15:00
sess_003021,1320,/home,Direct,Mobile,2,72,0,2026-08-28 20:56:00
sess_003022,1820,/docs/api,Organic Search,Desktop,1,117,0,2026-09-09 19:49:00
sess_003023,2804,/solutions/enterprise,Google Ads,Desktop,3,60,1,2026-08-03 18:11:00
sess_003024,2594,/pricing,Direct,Desktop,1,132,0,2026-08-27 00:37:00
sess_003025,1011,/home,GitHub,Desktop,1,534,0,2026-08-15 03:05:00
sess_003026,3135,/signup,Direct,Desktop,4,66,0,2026-09-02 12:39:00
sess_003027,3145,/solutions/enterprise,Organic Search,Mobile,9,310,0,2026-08-08 23:05:00
sess_003028,1407,/product/analytics,Referral,Desktop,4,49,0,2026-09-06 18:47:00
sess_003029,2961,/solutions/enterprise,Direct,Mobile,1,33,0,2026-08-05 09:06:00
sess_003030,2416,/product/analytics,Organic Search,Desktop,2,22,1,2026-09-04 21:02:00
sess_003031,2711,/product/analytics,Organic Search,Mobile,1,707,1,2026-09-11 15:48:00
sess_003032,1067,/pricing,Organic Search,Desktop,4,157,0,2026-09-04 05:08:00
sess_003033,2687,/home,Organic Search,Mobile,1,134,0,2026-08-14 16:50:00
sess_003034,2382,/product/analytics,Direct,Desktop,3,6,0,2026-08-02 14:50:00
sess_003035,1344,/pricing,Referral,Desktop,6,124,0,2026-08-29 12:58:00
sess_003036,1700,/solutions/enterprise,Organic Search,Desktop,3,200,1,2026-09-10 01:09:00
sess_003037,3167,/home,GitHub,Desktop,3,99,0,2026-09-09 05:46:00
sess_003038,3313,/home,Google Ads,Desktop,10,29,0,2026-09-04 12:24:00
sess_003039,1581,/pricing,Google Ads,Desktop,2,61,0,2026-08-21 09:14:00
sess_003040,3291,/pricing,LinkedIn,Desktop,5,230,0,2026-08-28 00:59:00
sess_003041,2493,/docs/api,Direct,Desktop,4,121,0,2026-08-24 03:42:00
sess_003042,2238,/signup,Organic Search,Mobile,1,122,0,2026-08-16 12:18:00
sess_003043,1473,/solutions/enterprise,Direct,Desktop,13,12,0,2026-09-14 10:16:00
sess_003044,3365,/docs/api,Direct,Desktop,4,140,0,2026-08-13 09:16:00
sess_003045,2279,/docs/api,Organic Search,Desktop,1,104,0,2026-09-06 11:03:00
sess_003046,1843,/home,Google Ads,Desktop,4,386,0,2026-09-12 04:52:00
sess_003047,1816,/docs/api,Direct,Desktop,1,91,0,2026-08-10 00:44:00
sess_003048,2871,/solutions/enterprise,LinkedIn,Desktop,1,174,0,2026-08-06 23:59:00
sess_003049,2195,/pricing,Direct,Desktop,2,499,0,2026-08-26 02:54:00
sess_003050,1845,/home,Direct,Desktop,2,155,0,2026-08-12 16:40:00
sess_003051,1374,/signup,LinkedIn,Mobile,4,10,0,2026-08-03 08:06:00
sess_003052,1574,/home,Organic Search,Desktop,4,24,0,2026-09-02 16:34:00
sess_003053,1279,/docs/api,Google Ads,Mobile,3,618,0,2026-08-08 21:45:00
sess_003054,1767,/solutions/enterprise,Direct,Mobile,3,149,0,2026-08-24 20:28:00
sess_003055,1593,/pricing,LinkedIn,Mobile,2,42,0,2026-08-20 18:36:00
sess_003056,1603,/solutions/enterprise,Organic Search,Desktop,1,155,0,2026-09-05 21:05:00
sess_003057,3471,/product/analytics,LinkedIn,Mobile,2,573,0,2026-09-02 02:50:00
sess_003058,2516,/solutions/enterprise,Organic Search,Tablet,1,13,0,2026-09-12 15:59:00
sess_003059,2483,/product/analytics,GitHub,Desktop,6,139,0,2026-09-02 08:20:00
sess_003060,1427,/home,Google Ads,Mobile,3,31,0,2026-08-07 21:22:00
sess_003061,2526,/solutions/enterprise,LinkedIn,Mobile,11,111,0,2026-08-07 23:55:00
sess_003062,3156,/solutions/enterprise,Organic Search,Desktop,1,196,0,2026-08-23 00:15:00
sess_003063,2490,/solutions/enterprise,Google Ads,Desktop,4,115,0,2026-09-10 19:53:00
sess_003064,2475,/docs/api,Google Ads,Desktop,1,597,0,2026-08-30 17:12:00
sess_003065,3177,/home,Direct,Desktop,3,163,0,2026-08-17 00:46:00
sess_003066,1044,/solutions/enterprise,Organic Search,Desktop,2,601,0,2026-09-04 18:50:00
sess_003067,2495,/pricing,Organic Search,Desktop,4,72,0,2026-08-29 12:41:00
sess_003068,2274,/home,Direct,Desktop,4,8,0,2026-08-21 08:54:00
sess_003069,3248,/solutions/enterprise,Google Ads,Desktop,3,35,1,2026-08-23 05:51:00
sess_003070,2542,/signup,LinkedIn,Desktop,2,18,0,2026-09-02 01:13:00
sess_003071,1028,/pricing,Direct,Mobile,1,246,0,2026-08-11 05:13:00
sess_003072,2506,/signup,Organic Search,Desktop,2,42,1,2026-09-11 11:49:00
sess_003073,2687,/docs/api,Organic Search,Desktop,2,259,1,2026-09-01 01:28:00
sess_003074,3370,/pricing,Organic Search,Desktop,3,143,0,2026-08-13 03:24:00
sess_003075,3304,/home,Organic Search,Mobile,1,48,0,2026-08-14 08:14:00
sess_003076,1608,/home,Organic Search,Desktop,1,176,0,2026-08-16 13:47:00
sess_003077,3419,/product/analytics,LinkedIn,Tablet,6,7,0,2026-08-24 19:56:00
sess_003078,2453,/product/analytics,Direct,Desktop,5,78,0,2026-09-07 21:22:00
sess_003079,2322,/product/analytics,Referral,Desktop,2,281,0,2026-08-16 17:37:00
sess_003080,1905,/docs/api,Google Ads,Desktop,1,253,0,2026-08-31 14:52:00
sess_003081,1999,/home,Organic Search,Desktop,2,286,0,2026-08-17 22:24:00
sess_003082,3492,/docs/api,LinkedIn,Desktop,2,164,0,2026-08-05 13:28:00
sess_003083,3015,/home,Organic Search,Desktop,6,158,1,2026-09-14 12:15:00
sess_003084,3085,/signup,Referral,Desktop,3,99,0,2026-08-29 18:37:00
sess_003085,2683,/product/analytics,LinkedIn,Desktop,9,539,0,2026-08-11 08:53:00
sess_003086,3399,/product/analytics,Organic Search,Mobile,2,542,0,2026-09-13 17:39:00
sess_003087,3433,/pricing,Direct,Mobile,4,6,0,2026-08-27 06:12:00
sess_003088,1495,/signup,GitHub,Desktop,2,594,0,2026-08-31 07:09:00
sess_003089,1499,/signup,Google Ads,Mobile,2,372,0,2026-08-19 19:35:00
sess_003090,2162,/signup,Organic Search,Desktop,1,172,0,2026-08-18 18:53:00
sess_003091,1589,/product/analytics,Direct,Desktop,5,75,0,2026-09-01 17:52:00
sess_003092,2489,/product/analytics,Google Ads,Desktop,7,103,0,2026-08-06 01:49:00
sess_003093,2801,/solutions/enterprise,GitHub,Desktop,4,344,0,2026-08-24 06:31:00
sess_003094,3326,/home,GitHub,Desktop,1,33,0,2026-08-17 16:38:00
sess_003095,1343,/product/analytics,GitHub,Desktop,5,179,0,2026-08-15 23:04:00
sess_003096,2067,/solutions/enterprise,Direct,Desktop,3,52,0,2026-08-01 13:49:00
sess_003097,2896,/solutions/enterprise,Google Ads,Desktop,4,90,0,2026-09-01 20:35:00
sess_003098,3487,/solutions/enterprise,Organic Search,Desktop,1,5,0,2026-09-01 11:38:00
sess_003099,1923,/signup,Google Ads,Mobile,3,632,0,2026-08-22 13:40:00
sess_003100,2199,/signup,Organic Search,Desktop,3,25,0,2026-09-09 20:23:00
sess_003101,2022,/signup,LinkedIn,Mobile,4,264,0,2026-08-23 18:42:00
sess_003102,1575,/product/analytics,Direct,Desktop,5,153,0,2026-08-23 08:57:00
sess_003103,3350,/docs/api,GitHub,Tablet,2,321,0,2026-09-09 21:18:00
sess_003104,1494,/docs/api,Organic Search,Tablet,1,135,0,2026-08-26 08:58:00
sess_003105,1816,/signup,GitHub,Mobile,8,753,0,2026-08-15 04:48:00
sess_003106,2857,/home,Direct,Mobile,5,173,0,2026-08-16 09:52:00
sess_003107,1556,/docs/api,Direct,Mobile,3,177,0,2026-08-23 12:46:00
sess_003108,1057,/product/analytics,Google Ads,Desktop,2,461,0,2026-09-01 07:06:00
sess_003109,1874,/home,LinkedIn,Mobile,12,58,0,2026-08-08 15:22:00
sess_003110,2088,/home,Referral,Desktop,1,86,0,2026-08-01 04:09:00
sess_003111,2405,/signup,Direct,Mobile,8,201,0,2026-09-08 19:27:00
sess_003112,3371,/home,Direct,Mobile,2,32,0,2026-08-06 05:57:00
sess_003113,3287,/pricing,Referral,Mobile,1,303,0,2026-08-01 14:25:00
sess_003114,1623,/product/analytics,GitHub,Tablet,2,166,0,2026-08-06 22:52:00
sess_003115,2282,/signup,Organic Search,Desktop,4,258,0,2026-08-03 16:40:00
sess_003116,1265,/product/analytics,Organic Search,Mobile,2,838,0,2026-08-03 14:23:00
sess_003117,3313,/docs/api,LinkedIn,Desktop,2,682,0,2026-08-15 22:44:00
sess_003118,2600,/docs/api,GitHub,Desktop,5,111,0,2026-09-13 06:20:00
sess_003119,3361,/product/analytics,Direct,Desktop,3,64,0,2026-08-22 04:58:00
sess_003120,3378,/pricing,LinkedIn,Desktop,4,186,0,2026-09-14 15:52:00
sess_003121,2825,/solutions/enterprise,Organic Search,Mobile,1,228,0,2026-08-27 11:35:00
sess_003122,1905,/pricing,Direct,Desktop,1,67,0,2026-08-15 22:15:00
sess_003123,3341,/pricing,Organic Search,Desktop,2,64,0,2026-08-20 02:44:00
sess_003124,3497,/docs/api,Organic Search,Mobile,1,48,0,2026-08-12 08:26:00
sess_003125,1028,/pricing,Organic Search,Desktop,1,437,0,2026-08-16 22:19:00
sess_003126,2713,/docs/api,Organic Search,Desktop,6,24,0,2026-08-11 06:54:00
sess_003127,2344,/docs/api,Referral,Desktop,1,55,0,2026-08-15 15:45:00
sess_003128,2387,/signup,Organic Search,Desktop,1,181,0,2026-09-07 07:06:00
sess_003129,3301,/home,Direct,Desktop,4,118,0,2026-08-29 14:50:00
sess_003130,1096,/signup,Organic Search,Mobile,2,28,0,2026-08-22 13:32:00
sess_003131,1749,/pricing,Google Ads,Desktop,5,66,0,2026-08-11 04:58:00
sess_003132,2687,/pricing,LinkedIn,Desktop,8,99,0,2026-09-11 02:45:00
sess_003133,1680,/pricing,Organic Search,Desktop,1,578,0,2026-08-03 01:30:00
sess_003134,2045,/signup,Organic Search,Desktop,1,95,0,2026-08-28 14:53:00
sess_003135,1521,/product/analytics,Organic Search,Desktop,2,27,0,2026-08-03 14:44:00
sess_003136,2177,/solutions/enterprise,LinkedIn,Desktop,10,650,0,2026-08-26 23:43:00
sess_003137,2421,/solutions/enterprise,Organic Search,Mobile,3,107,0,2026-08-02 00:50:00
sess_003138,3067,/product/analytics,Organic Search,Desktop,2,32,0,2026-08-05 14:05:00
sess_003139,3039,/signup,Direct,Tablet,3,174,0,2026-08-18 02:33:00
sess_003140,1290,/signup,Organic Search,Desktop,1,302,0,2026-08-21 17:12:00
sess_003141,1213,/pricing,LinkedIn,Mobile,4,228,0,2026-08-06 04:38:00
sess_003142,1656,/docs/api,Organic Search,Desktop,4,72,0,2026-08-14 00:12:00
sess_003143,2871,/product/analytics,Referral,Desktop,4,54,0,2026-08-25 23:55:00
sess_003144,1241,/docs/api,Direct,Desktop,2,391,0,2026-09-07 02:03:00
sess_003145,2302,/product/analytics,Organic Search,Desktop,5,43,1,2026-09-14 05:01:00
sess_003146,1734,/pricing,Organic Search,Mobile,7,259,0,2026-09-03 08:24:00
sess_003147,3190,/signup,Direct,Desktop,9,9,0,2026-08-16 20:09:00
sess_003148,2932,/signup,Google Ads,Desktop,3,102,0,2026-08-02 22:50:00
sess_003149,1981,/pricing,Direct,Mobile,2,760,1,2026-09-03 15:25:00
sess_003150,1135,/product/analytics,Organic Search,Desktop,2,185,0,2026-08-17 11:47:00
sess_003151,1461,/pricing,Direct,Desktop,3,71,0,2026-08-23 21:22:00
sess_003152,1116,/home,Organic Search,Desktop,3,221,0,2026-09-03 17:05:00
sess_003153,2606,/product/analytics,Direct,Tablet,5,83,0,2026-08-12 07:16:00
sess_003154,2104,/pricing,Direct,Desktop,1,507,0,2026-08-31 13:04:00
sess_003155,2014,/docs/api,LinkedIn,Mobile,3,53,0,2026-08-16 10:45:00
sess_003156,2112,/solutions/enterprise,Google Ads,Desktop,2,74,0,2026-09-10 11:13:00
sess_003157,1884,/solutions/enterprise,GitHub,Desktop,6,215,0,2026-09-07 08:43:00
sess_003158,2728,/pricing,LinkedIn,Desktop,2,290,0,2026-08-03 08:43:00
sess_003159,2562,/docs/api,Direct,Desktop,2,159,0,2026-08-02 05:12:00
sess_003160,3027,/docs/api,Direct,Desktop,1,66,0,2026-08-31 18:28:00
sess_003161,3022,/solutions/enterprise,LinkedIn,Mobile,1,158,0,2026-09-05 02:57:00
sess_003162,2855,/signup,Organic Search,Mobile,3,49,0,2026-08-20 22:27:00
sess_003163,2018,/signup,LinkedIn,Desktop,2,15,1,2026-08-14 04:53:00
sess_003164,1584,/home,LinkedIn,Desktop,1,458,0,2026-08-07 00:19:00
sess_003165,2501,/home,LinkedIn,Desktop,2,123,0,2026-09-07 11:00:00
sess_003166,3370,/product/analytics,Organic Search,Tablet,1,122,0,2026-09-07 12:14:00
sess_003167,2502,/product/analytics,LinkedIn,Desktop,6,250,0,2026-09-14 04:35:00
sess_003168,2716,/docs/api,Organic Search,Desktop,8,152,0,2026-08-20 12:47:00
sess_003169,2074,/solutions/enterprise,Organic Search,Mobile,1,114,0,2026-09-07 20:14:00
sess_003170,2695,/signup,Google Ads,Desktop,1,289,0,2026-08-13 09:55:00
sess_003171,1102,/pricing,Direct,Desktop,8,120,0,2026-08-09 06:10:00
sess_003172,2673,/product/analytics,Direct,Mobile,2,443,0,2026-08-01 02:06:00
sess_003173,2879,/home,Organic Search,Desktop,1,70,0,2026-09-06 23:20:00
sess_003174,2259,/docs/api,Organic Search,Desktop,8,11,0,2026-08-04 23:25:00
sess_003175,1338,/product/analytics,Google Ads,Desktop,7,34,0,2026-08-04 17:38:00
sess_003176,3118,/docs/api,Google Ads,Desktop,1,312,0,2026-08-14 07:15:00
sess_003177,1821,/signup,Google Ads,Desktop,1,474,0,2026-08-09 21:27:00
sess_003178,1991,/pricing,Google Ads,Desktop,5,19,0,2026-08-26 18:39:00
sess_003179,2958,/product/analytics,Direct,Desktop,1,435,0,2026-08-06 15:48:00
sess_003180,2820,/solutions/enterprise,Google Ads,Mobile,4,522,1,2026-08-07 06:07:00
sess_003181,2963,/pricing,Organic Search,Mobile,1,257,0,2026-08-09 19:34:00
sess_003182,2732,/home,Organic Search,Mobile,6,262,0,2026-08-29 04:05:00
sess_003183,2808,/docs/api,LinkedIn,Desktop,2,5,1,2026-08-24 19:44:00
sess_003184,2577,/pricing,Organic Search,Desktop,2,50,0,2026-08-12 09:05:00
sess_003185,3343,/pricing,Direct,Mobile,5,48,0,2026-08-14 22:01:00
sess_003186,2450,/pricing,Organic Search,Desktop,2,161,0,2026-09-07 04:20:00
sess_003187,1997,/docs/api,Direct,Desktop,1,197,0,2026-08-08 15:21:00
sess_003188,3107,/signup,GitHub,Mobile,2,422,0,2026-08-25 22:53:00
sess_003189,3059,/signup,LinkedIn,Desktop,2,125,0,2026-09-11 06:42:00
sess_003190,1597,/solutions/enterprise,Organic Search,Desktop,2,130,0,2026-08-03 06:03:00
sess_003191,2652,/docs/api,LinkedIn,Desktop,1,15,0,2026-08-17 11:03:00
sess_003192,2727,/docs/api,Google Ads,Desktop,1,1078,0,2026-08-21 00:31:00
sess_003193,3377,/home,Organic Search,Mobile,5,529,0,2026-09-11 08:55:00
sess_003194,3403,/docs/api,LinkedIn,Desktop,3,18,0,2026-08-07 23:13:00
sess_003195,1475,/docs/api,Direct,Desktop,1,151,0,2026-09-10 15:59:00
sess_003196,2878,/solutions/enterprise,LinkedIn,Mobile,6,81,0,2026-08-10 08:29:00
sess_003197,1531,/signup,GitHub,Desktop,1,105,0,2026-08-09 15:33:00
sess_003198,1534,/docs/api,Organic Search,Mobile,4,194,0,2026-08-17 10:30:00
sess_003199,3490,/docs/api,LinkedIn,Desktop,1,102,0,2026-08-24 21:49:00
sess_003200,2378,/docs/api,Organic Search,Desktop,10,128,0,2026-08-15 19:25:00
sess_003201,3418,/signup,Google Ads,Desktop,7,62,0,2026-08-06 11:02:00
sess_003202,1045,/docs/api,GitHub,Mobile,1,20,0,2026-08-30 01:38:00
sess_003203,1021,/signup,Organic Search,Desktop,1,258,0,2026-08-10 12:40:00
sess_003204,2057,/home,Organic Search,Desktop,1,90,0,2026-08-13 19:56:00
sess_003205,2059,/home,Referral,Desktop,5,396,0,2026-08-31 17:01:00
sess_003206,3148,/signup,GitHub,Desktop,1,527,0,2026-08-30 23:02:00
sess_003207,1485,/docs/api,GitHub,Desktop,5,21,0,2026-08-26 11:28:00
sess_003208,1356,/signup,GitHub,Desktop,5,212,0,2026-08-19 11:20:00
sess_003209,2649,/docs/api,Direct,Desktop,2,313,0,2026-08-04 15:54:00
sess_003210,1390,/home,Referral,Mobile,4,192,0,2026-09-05 08:37:00
sess_003211,3089,/home,GitHub,Desktop,5,76,1,2026-08-28 21:25:00
sess_003212,2488,/signup,Organic Search,Desktop,5,65,0,2026-08-08 03:02:00
sess_003213,1071,/docs/api,Google Ads,Desktop,1,116,0,2026-08-03 05:51:00
sess_003214,2133,/docs/api,LinkedIn,Mobile,2,58,0,2026-08-21 06:25:00
sess_003215,2642,/solutions/enterprise,Organic Search,Mobile,1,411,0,2026-09-02 03:22:00
sess_003216,1764,/home,LinkedIn,Desktop,3,14,0,2026-08-25 15:29:00
sess_003217,3119,/home,Direct,Desktop,2,26,0,2026-09-13 07:47:00
sess_003218,2760,/signup,Google Ads,Mobile,7,172,0,2026-08-14 15:24:00
sess_003219,1045,/home,Google Ads,Desktop,1,198,0,2026-09-11 05:47:00
sess_003220,2412,/product/analytics,GitHub,Mobile,3,244,0,2026-09-04 22:06:00
sess_003221,2615,/pricing,Organic Search,Desktop,4,63,0,2026-08-20 11:09:00
sess_003222,3159,/home,LinkedIn,Mobile,2,67,0,2026-09-14 15:29:00
sess_003223,1033,/product/analytics,Direct,Desktop,1,101,0,2026-08-25 00:06:00
sess_003224,2593,/signup,Google Ads,Desktop,3,53,1,2026-08-29 15:05:00
sess_003225,3017,/signup,LinkedIn,Desktop,13,90,0,2026-08-29 18:32:00
sess_003226,3264,/pricing,Direct,Desktop,1,219,0,2026-08-09 23:29:00
sess_003227,2918,/pricing,Organic Search,Desktop,1,129,0,2026-09-09 15:12:00
sess_003228,2463,/home,LinkedIn,Mobile,2,616,0,2026-09-11 04:13:00
sess_003229,1403,/pricing,Direct,Desktop,3,160,1,2026-08-01 18:24:00
sess_003230,1268,/product/analytics,Organic Search,Desktop,3,76,0,2026-08-27 10:04:00
sess_003231,3173,/home,Referral,Desktop,1,41,0,2026-08-28 04:01:00
sess_003232,3281,/docs/api,LinkedIn,Desktop,1,49,0,2026-08-17 12:29:00
sess_003233,1200,/docs/api,Direct,Mobile,9,7,0,2026-08-18 06:51:00
sess_003234,2877,/signup,Google Ads,Desktop,1,110,0,2026-08-12 08:34:00
sess_003235,1222,/docs/api,Organic Search,Mobile,2,584,0,2026-08-19 12:00:00
sess_003236,2068,/product/analytics,LinkedIn,Desktop,3,275,0,2026-08-01 03:03:00
sess_003237,2694,/product/analytics,Google Ads,Desktop,2,69,0,2026-08-22 16:14:00
sess_003238,2477,/signup,Organic Search,Desktop,1,293,0,2026-08-25 14:13:00
sess_003239,2704,/pricing,Organic Search,Desktop,1,488,0,2026-08-15 21:06:00
sess_003240,1557,/signup,Organic Search,Desktop,1,206,0,2026-09-01 05:12:00
sess_003241,3305,/product/analytics,Referral,Mobile,2,134,0,2026-09-03 17:55:00
sess_003242,1902,/signup,Direct,Desktop,1,31,0,2026-09-13 05:03:00
sess_003243,2163,/home,Direct,Desktop,6,19,0,2026-08-29 13:12:00
sess_003244,3367,/solutions/enterprise,Organic Search,Desktop,4,49,0,2026-08-24 15:42:00
sess_003245,3090,/docs/api,Direct,Mobile,1,200,0,2026-08-02 03:16:00
sess_003246,2074,/signup,Google Ads,Desktop,5,35,0,2026-08-05 07:42:00
sess_003247,1850,/pricing,GitHub,Desktop,5,142,0,2026-09-06 13:44:00
sess_003248,2390,/pricing,Organic Search,Desktop,8,108,0,2026-09-11 01:50:00
sess_003249,3276,/docs/api,Organic Search,Desktop,3,183,0,2026-08-07 12:39:00
sess_003250,2433,/docs/api,Organic Search,Desktop,6,14,0,2026-08-28 10:25:00
sess_003251,2248,/home,Direct,Mobile,4,711,0,2026-08-02 02:12:00
sess_003252,2849,/pricing,Direct,Desktop,1,215,0,2026-08-27 18:07:00
sess_003253,2007,/signup,LinkedIn,Desktop,5,235,0,2026-08-22 09:04:00
sess_003254,1405,/docs/api,GitHub,Mobile,3,7,0,2026-09-06 11:12:00
sess_003255,2226,/signup,Direct,Desktop,3,19,0,2026-08-02 12:18:00
sess_003256,2326,/product/analytics,Direct,Desktop,7,214,0,2026-08-07 14:40:00
sess_003257,2054,/pricing,Direct,Desktop,1,25,0,2026-09-14 00:21:00
sess_003258,1878,/product/analytics,GitHub,Mobile,1,411,0,2026-08-07 04:05:00
sess_003259,3401,/docs/api,LinkedIn,Mobile,3,179,0,2026-09-14 04:36:00
sess_003260,2436,/home,Google Ads,Mobile,2,18,0,2026-08-08 04:29:00
sess_003261,2064,/pricing,LinkedIn,Desktop,2,176,0,2026-08-23 19:52:00
sess_003262,1208,/pricing,GitHub,Desktop,2,297,1,2026-08-03 03:38:00
sess_003263,1273,/signup,Google Ads,Mobile,5,295,0,2026-08-02 16:35:00
sess_003264,1095,/docs/api,Organic Search,Mobile,1,97,0,2026-09-14 04:02:00
sess_003265,1009,/product/analytics,Google Ads,Desktop,3,115,0,2026-08-16 02:10:00
sess_003266,1776,/signup,Direct,Desktop,2,244,0,2026-08-25 06:24:00
sess_003267,2395,/solutions/enterprise,Google Ads,Desktop,3,378,0,2026-09-03 05:55:00
sess_003268,1666,/signup,GitHub,Desktop,1,289,0,2026-09-05 20:38:00
sess_003269,2817,/docs/api,LinkedIn,Desktop,4,168,0,2026-08-27 16:23:00
sess_003270,2620,/signup,LinkedIn,Desktop,1,237,0,2026-08-01 18:53:00
sess_003271,2052,/product/analytics,Organic Search,Desktop,3,195,1,2026-08-19 22:52:00
sess_003272,3376,/signup,Organic Search,Mobile,1,159,0,2026-08-09 04:37:00
sess_003273,3499,/product/analytics,Direct,Desktop,2,458,0,2026-08-08 22:14:00
sess_003274,3227,/signup,Organic Search,Tablet,4,192,0,2026-08-16 19:00:00
sess_003275,3262,/solutions/enterprise,Google Ads,Desktop,12,91,0,2026-08-05 20:29:00
sess_003276,2641,/pricing,Direct,Desktop,2,664,0,2026-08-14 03:51:00
sess_003277,1361,/home,LinkedIn,Desktop,4,543,0,2026-09-11 02:33:00
sess_003278,3383,/solutions/enterprise,Google Ads,Desktop,1,277,1,2026-08-14 13:35:00
sess_003279,3176,/docs/api,Direct,Mobile,3,10,0,2026-08-15 13:22:00
sess_003280,1409,/product/analytics,Google Ads,Desktop,1,239,0,2026-09-06 07:51:00
sess_003281,2338,/signup,LinkedIn,Desktop,6,10,0,2026-08-02 19:38:00
sess_003282,3267,/solutions/enterprise,Direct,Desktop,2,18,0,2026-08-31 15:21:00
sess_003283,1999,/product/analytics,Google Ads,Desktop,2,83,0,2026-08-17 21:26:00
sess_003284,2720,/pricing,LinkedIn,Mobile,3,73,0,2026-08-23 05:44:00
sess_003285,1496,/signup,Organic Search,Desktop,7,154,0,2026-08-16 06:52:00
sess_003286,3235,/product/analytics,Google Ads,Desktop,5,55,0,2026-08-22 09:41:00
sess_003287,2387,/home,LinkedIn,Mobile,1,44,0,2026-08-17 19:56:00
sess_003288,3471,/signup,Organic Search,Desktop,5,202,0,2026-08-11 02:33:00
sess_003289,1612,/docs/api,Google Ads,Mobile,2,110,0,2026-08-30 07:59:00
sess_003290,2178,/pricing,Direct,Desktop,2,14,0,2026-08-17 02:33:00
sess_003291,2198,/product/analytics,Direct,Desktop,4,110,0,2026-09-02 02:37:00
sess_003292,1871,/home,Organic Search,Desktop,2,260,0,2026-08-06 19:45:00
sess_003293,1780,/home,LinkedIn,Desktop,1,17,0,2026-08-24 00:27:00
sess_003294,3357,/docs/api,Direct,Desktop,1,450,0,2026-09-12 19:54:00
sess_003295,1261,/pricing,Direct,Mobile,7,121,0,2026-08-16 16:20:00
sess_003296,2950,/docs/api,Organic Search,Desktop,3,134,0,2026-08-22 19:52:00
sess_003297,1598,/docs/api,LinkedIn,Desktop,6,69,0,2026-08-01 11:18:00
sess_003298,3025,/home,LinkedIn,Desktop,2,192,0,2026-09-04 13:31:00
sess_003299,3233,/solutions/enterprise,Organic Search,Mobile,4,8,0,2026-08-31 11:54:00
sess_003300,2061,/product/analytics,Organic Search,Desktop,5,246,0,2026-08-10 22:06:00
sess_003301,1751,/pricing,GitHub,Mobile,1,23,0,2026-09-06 00:11:00
sess_003302,2013,/solutions/enterprise,Direct,Mobile,1,110,0,2026-08-07 20:15:00
sess_003303,2567,/docs/api,Direct,Desktop,3,33,0,2026-08-03 11:14:00
sess_003304,2641,/pricing,GitHub,Desktop,3,38,0,2026-08-16 18:25:00
sess_003305,1907,/docs/api,Google Ads,Mobile,1,117,0,2026-08-19 12:39:00
sess_003306,2951,/signup,Organic Search,Desktop,2,17,0,2026-08-18 08:39:00
sess_003307,1652,/pricing,Google Ads,Desktop,3,34,0,2026-08-08 00:14:00
sess_003308,1346,/pricing,Organic Search,Mobile,1,146,0,2026-08-20 19:59:00
sess_003309,2092,/product/analytics,Organic Search,Desktop,1,219,0,2026-08-21 00:48:00
sess_003310,1489,/home,Organic Search,Desktop,5,85,0,2026-08-31 18:39:00
sess_003311,2513,/product/analytics,Direct,Desktop,8,366,0,2026-09-08 19:29:00
sess_003312,1575,/product/analytics,LinkedIn,Mobile,2,36,0,2026-08-09 01:56:00
sess_003313,2177,/solutions/enterprise,Google Ads,Desktop,1,153,0,2026-08-19 18:52:00
sess_003314,1501,/product/analytics,Organic Search,Desktop,2,21,0,2026-08-12 12:36:00
sess_003315,1235,/pricing,Organic Search,Mobile,1,37,0,2026-09-06 14:07:00
sess_003316,2243,/docs/api,LinkedIn,Desktop,2,435,0,2026-09-12 04:22:00
sess_003317,3241,/solutions/enterprise,Direct,Desktop,1,892,0,2026-08-25 19:16:00
sess_003318,3306,/pricing,Organic Search,Mobile,6,1081,0,2026-08-14 01:35:00
sess_003319,1494,/signup,GitHub,Desktop,1,295,0,2026-08-12 11:55:00
sess_003320,1483,/docs/api,Google Ads,Desktop,2,45,0,2026-08-05 09:12:00
sess_003321,2172,/docs/api,Direct,Mobile,4,65,0,2026-08-02 03:12:00
sess_003322,1429,/solutions/enterprise,Direct,Desktop,3,21,0,2026-08-05 18:38:00
sess_003323,2388,/product/analytics,Direct,Tablet,1,15,0,2026-08-29 16:20:00
sess_003324,2190,/solutions/enterprise,Direct,Desktop,2,242,0,2026-08-21 18:10:00
sess_003325,1845,/solutions/enterprise,Direct,Desktop,2,144,0,2026-08-27 06:33:00
sess_003326,1549,/signup,Direct,Tablet,1,199,0,2026-09-04 01:00:00
sess_003327,3075,/solutions/enterprise,LinkedIn,Desktop,2,161,0,2026-08-28 16:42:00
sess_003328,1812,/signup,Direct,Desktop,1,7,1,2026-09-07 01:57:00
sess_003329,2637,/docs/api,LinkedIn,Mobile,1,74,0,2026-09-12 22:40:00
sess_003330,1061,/product/analytics,Organic Search,Desktop,1,216,0,2026-09-03 14:09:00
sess_003331,1167,/signup,Organic Search,Desktop,2,360,0,2026-08-07 19:36:00
sess_003332,1230,/signup,Organic Search,Desktop,4,35,0,2026-09-01 21:28:00
sess_003333,2058,/home,LinkedIn,Desktop,12,27,0,2026-08-16 14:51:00
sess_003334,1721,/docs/api,Referral,Desktop,3,579,1,2026-08-18 13:05:00
sess_003335,1212,/solutions/enterprise,Direct,Desktop,1,620,0,2026-08-19 06:43:00
sess_003336,3328,/signup,Organic Search,Desktop,1,254,0,2026-08-27 23:57:00
sess_003337,2502,/docs/api,Organic Search,Desktop,4,15,1,2026-09-07 02:06:00
sess_003338,3318,/pricing,Direct,Desktop,1,184,1,2026-08-17 06:36:00
sess_003339,2902,/product/analytics,Referral,Mobile,1,29,0,2026-09-01 06:01:00
sess_003340,2784,/home,Referral,Desktop,4,341,0,2026-08-02 10:58:00
sess_003341,1658,/product/analytics,Organic Search,Desktop,2,70,0,2026-08-02 05:43:00
sess_003342,3226,/pricing,Google Ads,Mobile,2,121,0,2026-08-15 01:36:00
sess_003343,2164,/home,Organic Search,Mobile,11,42,0,2026-08-14 09:44:00
sess_003344,1350,/docs/api,Google Ads,Mobile,2,237,0,2026-08-23 18:27:00
sess_003345,2741,/home,Google Ads,Mobile,3,130,0,2026-08-11 01:51:00
sess_003346,2048,/solutions/enterprise,Organic Search,Mobile,19,225,0,2026-08-30 02:53:00
sess_003347,1767,/pricing,Organic Search,Mobile,4,74,0,2026-08-31 11:39:00
sess_003348,1722,/signup,Organic Search,Desktop,3,90,0,2026-08-23 19:19:00
sess_003349,3198,/solutions/enterprise,Direct,Desktop,2,413,0,2026-09-03 09:11:00
sess_003350,1722,/pricing,Organic Search,Desktop,11,57,0,2026-08-02 22:29:00
sess_003351,2104,/docs/api,LinkedIn,Desktop,1,424,0,2026-08-08 02:03:00
sess_003352,1826,/docs/api,Direct,Desktop,1,19,0,2026-09-05 18:49:00
sess_003353,1911,/solutions/enterprise,Direct,Mobile,8,36,0,2026-08-26 07:52:00
sess_003354,2502,/pricing,Direct,Desktop,2,200,0,2026-09-04 19:51:00
sess_003355,1306,/pricing,Referral,Mobile,3,931,0,2026-08-13 13:01:00
sess_003356,3420,/docs/api,Organic Search,Desktop,3,493,0,2026-09-04 04:13:00
sess_003357,2161,/product/analytics,LinkedIn,Desktop,1,132,0,2026-09-08 12:34:00
sess_003358,1455,/solutions/enterprise,LinkedIn,Desktop,2,140,0,2026-08-16 10:21:00
sess_003359,1438,/solutions/enterprise,LinkedIn,Desktop,1,158,1,2026-09-14 21:18:00
sess_003360,3425,/pricing,Organic Search,Mobile,7,287,0,2026-09-08 04:21:00
sess_003361,1957,/signup,Organic Search,Tablet,3,149,0,2026-09-12 00:33:00
sess_003362,2836,/home,LinkedIn,Desktop,7,27,0,2026-09-04 05:18:00
sess_003363,1280,/signup,GitHub,Desktop,1,332,0,2026-08-03 13:04:00
sess_003364,2209,/docs/api,Referral,Desktop,3,394,0,2026-09-03 16:52:00
sess_003365,3111,/signup,Direct,Desktop,1,455,1,2026-08-28 09:00:00
sess_003366,2687,/docs/api,Direct,Mobile,1,103,0,2026-08-12 04:22:00
sess_003367,1818,/signup,Organic Search,Tablet,2,50,0,2026-08-02 07:23:00
sess_003368,1663,/product/analytics,Google Ads,Desktop,3,27,0,2026-08-05 02:45:00
sess_003369,1543,/home,Organic Search,Desktop,3,138,0,2026-09-07 18:54:00
sess_003370,2697,/home,Direct,Desktop,1,63,1,2026-08-03 12:19:00
sess_003371,2075,/home,Organic Search,Mobile,1,105,0,2026-09-11 18:11:00
sess_003372,3302,/product/analytics,GitHub,Mobile,5,23,0,2026-08-15 05:28:00
sess_003373,3085,/docs/api,Organic Search,Mobile,3,44,0,2026-08-02 22:35:00
sess_003374,1884,/home,LinkedIn,Desktop,2,108,0,2026-08-08 14:58:00
sess_003375,3247,/docs/api,Direct,Desktop,1,40,0,2026-09-02 05:14:00
sess_003376,1263,/docs/api,Organic Search,Mobile,1,50,0,2026-08-13 06:04:00
sess_003377,1745,/product/analytics,Organic Search,Mobile,2,8,0,2026-08-16 12:05:00
sess_003378,1970,/docs/api,Google Ads,Mobile,2,18,0,2026-09-09 22:08:00
sess_003379,3218,/pricing,Direct,Mobile,2,27,0,2026-09-14 12:01:00
sess_003380,1498,/docs/api,LinkedIn,Desktop,3,197,0,2026-08-16 15:20:00
sess_003381,1460,/pricing,Referral,Desktop,5,34,0,2026-08-10 05:35:00
sess_003382,3458,/home,Direct,Desktop,4,387,0,2026-08-27 17:23:00
sess_003383,1578,/signup,Google Ads,Desktop,6,282,0,2026-08-26 14:17:00
sess_003384,2601,/pricing,LinkedIn,Desktop,3,310,0,2026-08-30 12:28:00
sess_003385,2167,/home,Direct,Mobile,1,83,0,2026-08-13 18:18:00
sess_003386,3488,/signup,Organic Search,Mobile,1,15,0,2026-08-29 21:06:00
sess_003387,3109,/pricing,GitHub,Desktop,2,19,0,2026-08-21 19:54:00
sess_003388,3010,/pricing,Organic Search,Desktop,1,215,0,2026-09-12 15:28:00
sess_003389,2768,/home,Direct,Tablet,3,466,0,2026-08-18 09:31:00
sess_003390,1724,/product/analytics,Google Ads,Desktop,3,39,0,2026-08-02 14:31:00
sess_003391,2472,/docs/api,Direct,Desktop,2,364,0,2026-08-22 20:26:00
sess_003392,2169,/pricing,Organic Search,Desktop,3,195,0,2026-08-06 23:15:00
sess_003393,3298,/solutions/enterprise,GitHub,Desktop,7,208,1,2026-08-09 14:50:00
sess_003394,2445,/product/analytics,Organic Search,Desktop,2,220,0,2026-08-10 09:21:00
sess_003395,1657,/signup,Organic Search,Desktop,2,16,0,2026-08-03 23:34:00
sess_003396,1781,/docs/api,Organic Search,Desktop,2,171,0,2026-08-31 19:08:00
sess_003397,2605,/product/analytics,Direct,Desktop,1,123,0,2026-09-04 12:27:00
sess_003398,1778,/product/analytics,Referral,Desktop,1,331,0,2026-09-08 00:32:00
sess_003399,1280,/home,GitHub,Desktop,2,105,1,2026-08-18 21:38:00
sess_003400,1450,/solutions/enterprise,LinkedIn,Desktop,8,133,0,2026-08-09 03:05:00
sess_003401,2273,/docs/api,LinkedIn,Mobile,6,161,0,2026-08-29 01:14:00
sess_003402,2468,/product/analytics,LinkedIn,Desktop,4,164,0,2026-09-01 04:47:00
sess_003403,2703,/home,LinkedIn,Desktop,4,96,0,2026-08-24 13:08:00
sess_003404,2032,/docs/api,Google Ads,Desktop,6,37,0,2026-08-14 07:50:00
sess_003405,1413,/home,Organic Search,Mobile,7,57,0,2026-09-10 19:41:00
sess_003406,1489,/docs/api,Organic Search,Desktop,4,100,0,2026-08-19 09:06:00
sess_003407,2428,/product/analytics,Organic Search,Desktop,2,179,0,2026-08-26 05:32:00
sess_003408,1853,/pricing,Organic Search,Desktop,1,114,0,2026-08-17 14:11:00
sess_003409,3187,/signup,Referral,Tablet,1,287,0,2026-08-24 04:20:00
sess_003410,1553,/signup,LinkedIn,Mobile,3,159,0,2026-08-29 02:17:00
sess_003411,1123,/solutions/enterprise,Organic Search,Mobile,2,80,0,2026-08-26 09:33:00
sess_003412,1692,/signup,Organic Search,Desktop,1,128,0,2026-08-04 02:57:00
sess_003413,2325,/pricing,Referral,Mobile,1,85,0,2026-09-02 23:23:00
sess_003414,3394,/pricing,Google Ads,Mobile,2,10,0,2026-08-23 22:48:00
sess_003415,2998,/product/analytics,Direct,Desktop,5,64,1,2026-08-11 23:59:00
sess_003416,2083,/home,Organic Search,Desktop,2,112,0,2026-08-27 17:42:00
sess_003417,2870,/solutions/enterprise,Organic Search,Desktop,3,58,0,2026-08-12 11:45:00
sess_003418,3302,/pricing,LinkedIn,Desktop,1,233,0,2026-08-12 09:47:00
sess_003419,1057,/home,Google Ads,Desktop,10,361,0,2026-09-08 13:41:00
sess_003420,3154,/solutions/enterprise,Organic Search,Desktop,10,68,0,2026-08-20 20:22:00
sess_003421,1604,/product/analytics,Organic Search,Desktop,3,9,0,2026-08-16 06:22:00
sess_003422,2843,/signup,Direct,Mobile,4,380,1,2026-08-19 19:39:00
sess_003423,2628,/solutions/enterprise,LinkedIn,Mobile,5,160,0,2026-08-24 21:13:00
sess_003424,1933,/signup,GitHub,Desktop,10,6,0,2026-08-17 06:03:00
sess_003425,2281,/docs/api,GitHub,Mobile,3,129,0,2026-08-17 11:47:00
sess_003426,3420,/signup,LinkedIn,Mobile,4,23,0,2026-08-31 16:42:00
sess_003427,1290,/product/analytics,Google Ads,Desktop,1,206,0,2026-08-13 17:23:00
sess_003428,1731,/pricing,Direct,Mobile,1,142,0,2026-08-04 18:47:00
sess_003429,3201,/docs/api,Organic Search,Desktop,4,444,0,2026-09-11 01:37:00
sess_003430,3399,/home,Organic Search,Mobile,8,95,0,2026-08-11 00:49:00
sess_003431,2166,/pricing,Organic Search,Mobile,3,468,0,2026-09-05 21:37:00
sess_003432,3410,/docs/api,Referral,Desktop,3,330,0,2026-09-09 05:14:00
sess_003433,3288,/signup,GitHub,Desktop,3,256,0,2026-09-05 09:37:00
sess_003434,1409,/signup,Organic Search,Desktop,6,108,0,2026-08-01 13:42:00
sess_003435,3193,/product/analytics,Direct,Desktop,5,101,0,2026-08-17 11:15:00
sess_003436,3039,/docs/api,Direct,Mobile,5,95,1,2026-08-01 07:48:00
sess_003437,1799,/docs/api,LinkedIn,Mobile,1,14,0,2026-08-30 19:51:00
sess_003438,2764,/signup,Organic Search,Desktop,4,172,0,2026-08-02 13:42:00
sess_003439,2342,/signup,Organic Search,Mobile,5,292,1,2026-09-05 23:38:00
sess_003440,1860,/pricing,Google Ads,Desktop,1,250,0,2026-08-31 10:47:00
sess_003441,3234,/signup,GitHub,Desktop,2,162,0,2026-08-28 01:40:00
sess_003442,1386,/docs/api,Organic Search,Desktop,1,84,0,2026-09-07 18:15:00
sess_003443,1764,/solutions/enterprise,Organic Search,Desktop,2,218,0,2026-08-18 06:56:00
sess_003444,2037,/signup,Direct,Mobile,3,140,0,2026-09-02 14:53:00
sess_003445,1178,/pricing,LinkedIn,Tablet,1,334,0,2026-08-06 09:24:00
sess_003446,2636,/solutions/enterprise,Organic Search,Desktop,1,62,1,2026-08-13 00:43:00
sess_003447,2962,/docs/api,Direct,Desktop,3,24,0,2026-08-02 15:06:00
sess_003448,3160,/signup,Google Ads,Desktop,5,5,0,2026-08-03 04:25:00
sess_003449,2475,/solutions/enterprise,Organic Search,Mobile,1,249,0,2026-08-10 13:21:00
sess_003450,2518,/product/analytics,Organic Search,Mobile,7,169,0,2026-08-28 05:08:00
sess_003451,1829,/signup,GitHub,Desktop,4,16,0,2026-09-12 23:24:00
sess_003452,2399,/product/analytics,Google Ads,Mobile,4,334,0,2026-08-18 03:56:00
sess_003453,3147,/docs/api,LinkedIn,Desktop,1,121,0,2026-09-09 04:27:00
sess_003454,3365,/solutions/enterprise,Organic Search,Desktop,8,116,0,2026-08-30 01:21:00
sess_003455,1790,/docs/api,GitHub,Desktop,2,212,0,2026-08-07 17:57:00
sess_003456,2569,/product/analytics,Organic Search,Desktop,3,186,0,2026-08-12 08:56:00
sess_003457,1714,/solutions/enterprise,Organic Search,Mobile,3,54,0,2026-08-13 02:35:00
sess_003458,2302,/product/analytics,Direct,Mobile,3,191,0,2026-08-15 07:57:00
sess_003459,2458,/solutions/enterprise,GitHub,Desktop,5,356,0,2026-08-08 21:05:00
sess_003460,2129,/signup,Referral,Mobile,1,94,0,2026-08-04 15:05:00
sess_003461,1679,/pricing,LinkedIn,Desktop,2,66,0,2026-09-02 10:41:00
sess_003462,1886,/docs/api,Referral,Mobile,3,16,0,2026-08-30 00:25:00
sess_003463,2223,/signup,Direct,Desktop,1,172,0,2026-09-02 03:30:00
sess_003464,2416,/signup,Organic Search,Desktop,3,258,0,2026-09-13 08:57:00
sess_003465,2399,/solutions/enterprise,Organic Search,Desktop,2,622,0,2026-09-11 06:12:00
sess_003466,3061,/signup,Organic Search,Desktop,1,175,1,2026-08-13 07:53:00
sess_003467,2775,/signup,Google Ads,Desktop,1,111,0,2026-08-04 16:13:00
sess_003468,1825,/solutions/enterprise,Organic Search,Desktop,1,497,0,2026-08-19 15:20:00
sess_003469,1062,/pricing,Organic Search,Desktop,4,40,0,2026-09-13 06:10:00
sess_003470,2825,/home,LinkedIn,Desktop,1,226,0,2026-08-05 15:20:00
sess_003471,2472,/pricing,Organic Search,Mobile,5,76,0,2026-09-01 15:04:00
sess_003472,2671,/solutions/enterprise,Direct,Mobile,7,360,0,2026-08-19 16:56:00
sess_003473,1415,/signup,Organic Search,Mobile,1,251,0,2026-08-05 17:23:00
sess_003474,3427,/signup,LinkedIn,Desktop,1,78,0,2026-08-11 15:53:00
sess_003475,3282,/home,GitHub,Desktop,1,273,0,2026-08-11 11:49:00
sess_003476,1868,/signup,GitHub,Mobile,3,402,0,2026-09-01 02:57:00
sess_003477,3260,/product/analytics,Organic Search,Mobile,10,57,0,2026-08-17 02:56:00
sess_003478,1956,/docs/api,Direct,Desktop,1,157,0,2026-08-15 21:37:00
sess_003479,2180,/home,Organic Search,Desktop,1,102,0,2026-08-09 10:59:00
sess_003480,3420,/product/analytics,Organic Search,Desktop,3,473,0,2026-08-04 10:46:00
sess_003481,3276,/signup,LinkedIn,Mobile,6,650,0,2026-09-07 02:09:00
sess_003482,1420,/solutions/enterprise,Direct,Desktop,6,24,0,2026-08-01 23:37:00
sess_003483,1428,/home,Organic Search,Desktop,2,148,0,2026-08-18 06:24:00
sess_003484,1125,/pricing,Direct,Desktop,5,141,0,2026-08-14 22:42:00
sess_003485,1041,/signup,Organic Search,Mobile,3,370,0,2026-08-27 06:14:00
sess_003486,2127,/docs/api,Organic Search,Desktop,4,276,0,2026-08-26 12:34:00
sess_003487,2185,/signup,Organic Search,Desktop,4,65,0,2026-09-03 13:21:00
sess_003488,3421,/pricing,Google Ads,Desktop,1,137,0,2026-08-11 16:46:00
sess_003489,2266,/pricing,Direct,Tablet,2,90,0,2026-08-14 06:40:00
sess_003490,3121,/docs/api,Organic Search,Desktop,5,83,0,2026-08-27 23:30:00
sess_003491,2998,/pricing,Organic Search,Mobile,5,241,0,2026-08-18 02:05:00
sess_003492,1079,/solutions/enterprise,Google Ads,Desktop,1,169,1,2026-08-10 13:58:00
sess_003493,3409,/pricing,LinkedIn,Tablet,2,44,0,2026-08-23 21:38:00
sess_003494,2705,/solutions/enterprise,Organic Search,Desktop,6,179,0,2026-09-12 23:48:00
sess_003495,1793,/pricing,Direct,Desktop,5,117,0,2026-08-08 07:54:00
sess_003496,3355,/signup,Google Ads,Desktop,3,80,0,2026-08-20 00:21:00
sess_003497,2970,/solutions/enterprise,Organic Search,Desktop,1,17,1,2026-08-24 19:23:00
sess_003498,2340,/home,Direct,Desktop,2,480,0,2026-09-06 05:33:00
sess_003499,1417,/solutions/enterprise,Organic Search,Desktop,3,361,0,2026-08-16 20:14:00
sess_003500,3152,/signup,GitHub,Mobile,5,70,0,2026-08-04 00:52:00
sess_003501,1458,/docs/api,Direct,Desktop,3,151,1,2026-08-21 19:28:00
sess_003502,3050,/pricing,Organic Search,Mobile,2,365,1,2026-08-05 23:25:00
sess_003503,1486,/signup,LinkedIn,Mobile,3,136,0,2026-08-08 18:28:00
sess_003504,1704,/home,Direct,Desktop,1,32,0,2026-08-26 21:38:00
sess_003505,3303,/pricing,Direct,Desktop,4,120,0,2026-08-12 15:51:00
sess_003506,1232,/signup,GitHub,Tablet,6,72,0,2026-08-13 23:00:00
sess_003507,2316,/solutions/enterprise,Direct,Desktop,1,115,0,2026-08-12 07:35:00
sess_003508,2401,/pricing,Referral,Desktop,2,344,0,2026-08-06 03:20:00
sess_003509,2617,/signup,Google Ads,Mobile,6,99,0,2026-08-05 16:33:00
sess_003510,3181,/product/analytics,GitHub,Desktop,3,294,0,2026-08-24 22:38:00
sess_003511,2611,/home,Organic Search,Tablet,2,52,1,2026-08-11 03:27:00
sess_003512,2097,/signup,Organic Search,Desktop,1,167,0,2026-08-01 13:45:00
sess_003513,2146,/product/analytics,Direct,Mobile,4,104,0,2026-08-08 20:32:00
sess_003514,3201,/pricing,Organic Search,Desktop,4,655,0,2026-08-27 14:33:00
sess_003515,3458,/solutions/enterprise,Organic Search,Desktop,3,5,0,2026-08-18 08:11:00
sess_003516,2557,/home,Organic Search,Mobile,1,86,0,2026-08-26 08:40:00
sess_003517,1608,/signup,Organic Search,Tablet,3,307,0,2026-09-03 08:57:00
sess_003518,2642,/home,Direct,Desktop,1,94,0,2026-08-19 04:11:00
sess_003519,1079,/solutions/enterprise,GitHub,Mobile,5,49,0,2026-08-12 05:11:00
sess_003520,2728,/home,LinkedIn,Mobile,6,350,0,2026-09-10 08:44:00
sess_003521,3280,/signup,Direct,Desktop,3,166,0,2026-08-21 19:45:00
sess_003522,3285,/solutions/enterprise,Google Ads,Desktop,6,151,0,2026-08-08 10:04:00
sess_003523,3112,/signup,Direct,Desktop,2,97,0,2026-08-21 13:14:00
sess_003524,1778,/product/analytics,Direct,Mobile,1,35,0,2026-08-11 02:45:00
sess_003525,3025,/pricing,Organic Search,Desktop,2,159,0,2026-08-18 20:04:00
sess_003526,2602,/home,GitHub,Desktop,3,131,0,2026-08-29 19:00:00
sess_003527,3270,/home,LinkedIn,Desktop,5,97,0,2026-09-11 02:42:00
sess_003528,1760,/home,Direct,Mobile,3,19,0,2026-08-14 16:16:00
sess_003529,1825,/product/analytics,Direct,Mobile,6,194,0,2026-09-09 15:41:00
sess_003530,1561,/solutions/enterprise,Google Ads,Mobile,8,184,0,2026-08-04 23:38:00
sess_003531,1199,/signup,Organic Search,Desktop,3,152,0,2026-08-23 21:57:00
sess_003532,2486,/solutions/enterprise,Direct,Mobile,4,30,0,2026-08-01 04:05:00
sess_003533,2013,/product/analytics,Organic Search,Mobile,2,69,0,2026-08-06 18:12:00
sess_003534,1029,/pricing,Organic Search,Mobile,7,119,0,2026-08-02 23:36:00
sess_003535,2118,/signup,Direct,Mobile,1,243,0,2026-08-28 17:13:00
sess_003536,1360,/product/analytics,Direct,Mobile,4,50,0,2026-08-06 09:47:00
sess_003537,1402,/signup,LinkedIn,Desktop,2,295,0,2026-09-06 05:12:00
sess_003538,2584,/home,Referral,Desktop,1,74,0,2026-09-10 23:57:00
sess_003539,2249,/pricing,Google Ads,Tablet,4,202,0,2026-08-30 04:28:00
sess_003540,1588,/docs/api,Direct,Desktop,2,502,0,2026-08-15 06:33:00
sess_003541,1112,/pricing,Direct,Desktop,3,230,0,2026-09-04 07:28:00
sess_003542,3297,/signup,Direct,Desktop,4,17,0,2026-08-13 03:50:00
sess_003543,2468,/product/analytics,Organic Search,Mobile,1,90,0,2026-08-07 11:07:00
sess_003544,1461,/signup,Referral,Desktop,1,160,0,2026-08-29 06:13:00
sess_003545,1070,/home,Referral,Mobile,2,206,0,2026-08-18 22:36:00
sess_003546,2273,/signup,GitHub,Desktop,4,81,0,2026-09-11 17:54:00
sess_003547,2217,/pricing,LinkedIn,Desktop,12,105,1,2026-08-16 08:29:00
sess_003548,2314,/solutions/enterprise,Direct,Desktop,2,89,1,2026-09-07 00:51:00
sess_003549,1434,/pricing,LinkedIn,Desktop,3,220,0,2026-09-07 15:15:00
sess_003550,2581,/docs/api,Organic Search,Desktop,2,445,0,2026-08-18 10:27:00
sess_003551,3237,/signup,Google Ads,Desktop,6,276,0,2026-09-02 00:22:00
sess_003552,2787,/signup,Organic Search,Desktop,8,59,0,2026-08-21 12:14:00
sess_003553,2469,/signup,Google Ads,Mobile,1,144,0,2026-09-06 23:26:00
sess_003554,2055,/pricing,Google Ads,Tablet,3,122,0,2026-09-02 10:07:00
sess_003555,1400,/pricing,Organic Search,Mobile,7,7,0,2026-09-04 02:54:00
sess_003556,2522,/signup,Direct,Mobile,2,506,0,2026-08-11 13:39:00
sess_003557,1596,/pricing,GitHub,Mobile,2,117,0,2026-08-24 08:25:00
sess_003558,1818,/home,Referral,Desktop,7,521,0,2026-09-01 23:09:00
sess_003559,3041,/product/analytics,Google Ads,Mobile,1,201,0,2026-08-11 11:49:00
sess_003560,2042,/home,GitHub,Mobile,1,226,0,2026-08-17 11:12:00
sess_003561,2376,/pricing,GitHub,Tablet,6,105,0,2026-09-02 17:11:00
sess_003562,2208,/solutions/enterprise,Referral,Desktop,3,356,0,2026-09-09 07:58:00
sess_003563,1511,/solutions/enterprise,Direct,Desktop,1,41,0,2026-09-13 19:39:00
sess_003564,2248,/solutions/enterprise,Organic Search,Desktop,3,580,0,2026-08-04 15:31:00
sess_003565,1982,/pricing,LinkedIn,Desktop,6,177,0,2026-08-29 08:44:00
sess_003566,3439,/pricing,Organic Search,Mobile,1,77,0,2026-08-03 12:18:00
sess_003567,2774,/docs/api,Direct,Mobile,1,247,0,2026-08-02 11:40:00
sess_003568,1569,/docs/api,Direct,Desktop,3,251,0,2026-09-06 05:44:00
sess_003569,2050,/product/analytics,Google Ads,Mobile,1,273,1,2026-08-10 04:17:00
sess_003570,1551,/pricing,Direct,Tablet,7,67,0,2026-08-14 00:23:00
sess_003571,3403,/pricing,LinkedIn,Mobile,3,9,0,2026-08-05 00:10:00
sess_003572,3156,/solutions/enterprise,GitHub,Desktop,3,401,0,2026-08-19 16:37:00
sess_003573,3066,/docs/api,Direct,Desktop,1,292,0,2026-08-02 22:20:00
sess_003574,1124,/signup,Direct,Mobile,2,97,0,2026-09-02 07:08:00
sess_003575,3383,/signup,Google Ads,Desktop,1,37,0,2026-08-15 15:17:00
sess_003576,1535,/home,Organic Search,Desktop,5,118,0,2026-08-09 20:09:00
sess_003577,1765,/docs/api,Organic Search,Desktop,2,70,0,2026-08-14 05:41:00
sess_003578,2175,/signup,LinkedIn,Mobile,2,43,0,2026-08-16 09:37:00
sess_003579,1157,/product/analytics,Direct,Mobile,3,124,0,2026-08-15 15:41:00
sess_003580,1684,/home,Direct,Desktop,4,323,0,2026-08-28 14:34:00
sess_003581,1610,/solutions/enterprise,GitHub,Desktop,5,161,0,2026-09-07 18:03:00
sess_003582,2265,/docs/api,Direct,Desktop,1,125,0,2026-09-02 23:18:00
sess_003583,2200,/signup,Referral,Desktop,1,927,0,2026-09-01 01:43:00
sess_003584,2186,/pricing,Organic Search,Mobile,1,262,0,2026-08-22 19:03:00
sess_003585,3195,/signup,Organic Search,Desktop,6,30,0,2026-09-13 01:45:00
sess_003586,2315,/product/analytics,LinkedIn,Desktop,2,102,0,2026-08-01 07:42:00
sess_003587,3417,/product/analytics,Organic Search,Mobile,1,117,0,2026-08-13 07:26:00
sess_003588,1108,/home,Direct,Desktop,2,174,0,2026-08-24 04:28:00
sess_003589,1344,/home,Google Ads,Tablet,1,211,0,2026-08-24 19:18:00
sess_003590,2393,/product/analytics,Google Ads,Desktop,6,75,0,2026-08-26 12:54:00
sess_003591,1021,/docs/api,Organic Search,Desktop,1,87,0,2026-09-04 18:28:00
sess_003592,2216,/pricing,Direct,Mobile,2,24,0,2026-08-20 08:35:00
sess_003593,2790,/solutions/enterprise,Direct,Desktop,8,21,0,2026-09-07 14:59:00
sess_003594,1738,/pricing,LinkedIn,Desktop,1,260,0,2026-09-13 21:37:00
sess_003595,3198,/docs/api,Organic Search,Desktop,1,473,0,2026-08-08 16:15:00
sess_003596,2687,/home,Direct,Desktop,3,44,0,2026-09-08 06:43:00
sess_003597,3134,/solutions/enterprise,Organic Search,Desktop,11,466,0,2026-08-06 12:06:00
sess_003598,2061,/pricing,Direct,Desktop,7,80,0,2026-09-03 16:44:00
sess_003599,1638,/pricing,Organic Search,Mobile,3,387,0,2026-09-01 06:57:00
sess_003600,1390,/solutions/enterprise,Organic Search,Mobile,5,9,0,2026-08-16 08:46:00
sess_003601,2126,/product/analytics,Organic Search,Desktop,2,22,0,2026-09-06 13:14:00
sess_003602,1712,/solutions/enterprise,Google Ads,Desktop,2,107,0,2026-08-12 21:58:00
sess_003603,1220,/pricing,Organic Search,Desktop,2,344,1,2026-09-12 00:40:00
sess_003604,2192,/solutions/enterprise,LinkedIn,Desktop,2,112,0,2026-08-01 20:41:00
sess_003605,2583,/signup,Direct,Mobile,4,334,0,2026-09-07 15:57:00
sess_003606,1377,/pricing,Google Ads,Mobile,5,79,0,2026-08-19 16:18:00
sess_003607,2512,/signup,Organic Search,Desktop,3,30,0,2026-08-01 15:35:00
sess_003608,3029,/docs/api,Referral,Desktop,6,472,0,2026-08-22 08:20:00
sess_003609,1405,/signup,Organic Search,Desktop,3,19,0,2026-08-07 14:49:00
sess_003610,2214,/product/analytics,Direct,Mobile,5,226,0,2026-09-01 13:45:00
sess_003611,3003,/solutions/enterprise,LinkedIn,Mobile,4,391,0,2026-08-14 19:53:00
sess_003612,1183,/docs/api,Direct,Desktop,5,28,0,2026-08-04 09:39:00
sess_003613,2051,/docs/api,Google Ads,Tablet,1,136,0,2026-09-04 08:11:00
sess_003614,3216,/product/analytics,Organic Search,Desktop,6,14,1,2026-09-05 13:16:00
sess_003615,1106,/home,Direct,Desktop,7,115,0,2026-08-31 13:51:00
sess_003616,1311,/solutions/enterprise,Direct,Desktop,6,283,0,2026-08-09 09:35:00
sess_003617,1137,/signup,Direct,Mobile,4,70,1,2026-08-16 15:54:00
sess_003618,2064,/product/analytics,Organic Search,Mobile,5,52,0,2026-08-17 02:15:00
sess_003619,2835,/signup,Organic Search,Desktop,1,57,0,2026-08-27 21:45:00
sess_003620,2052,/product/analytics,LinkedIn,Tablet,1,286,0,2026-08-21 21:20:00
sess_003621,1049,/pricing,Organic Search,Desktop,1,659,0,2026-08-14 05:50:00
sess_003622,1496,/product/analytics,Google Ads,Mobile,2,51,0,2026-09-11 01:58:00
sess_003623,2043,/product/analytics,Direct,Tablet,1,17,0,2026-08-12 10:16:00
sess_003624,1702,/solutions/enterprise,LinkedIn,Desktop,6,29,0,2026-09-10 13:18:00
sess_003625,1007,/product/analytics,Organic Search,Desktop,10,183,0,2026-08-30 10:14:00
sess_003626,2752,/signup,Organic Search,Mobile,5,207,0,2026-09-14 19:20:00
sess_003627,1704,/product/analytics,Organic Search,Desktop,2,112,0,2026-08-26 17:42:00
sess_003628,2123,/home,Google Ads,Desktop,1,19,0,2026-08-22 15:55:00
sess_003629,2323,/docs/api,Direct,Desktop,6,478,0,2026-08-02 16:28:00
sess_003630,1783,/solutions/enterprise,Organic Search,Desktop,6,483,0,2026-09-14 10:09:00
sess_003631,2092,/home,Google Ads,Mobile,1,95,0,2026-08-28 07:48:00
sess_003632,1433,/signup,Organic Search,Desktop,1,314,0,2026-08-29 08:19:00
sess_003633,3033,/solutions/enterprise,Organic Search,Mobile,7,416,0,2026-08-28 02:55:00
sess_003634,3162,/docs/api,Google Ads,Mobile,5,132,0,2026-08-27 02:17:00
sess_003635,1704,/product/analytics,Organic Search,Desktop,8,170,0,2026-08-29 00:23:00
sess_003636,2863,/product/analytics,Organic Search,Desktop,2,242,0,2026-08-28 23:05:00
sess_003637,3432,/signup,Direct,Mobile,4,404,0,2026-08-13 22:05:00
sess_003638,1664,/pricing,GitHub,Desktop,6,21,0,2026-08-15 03:40:00
sess_003639,1284,/docs/api,Organic Search,Desktop,2,14,0,2026-09-12 11:04:00
sess_003640,1500,/product/analytics,Organic Search,Mobile,2,207,0,2026-09-09 23:36:00
sess_003641,3300,/solutions/enterprise,Referral,Mobile,3,13,0,2026-09-11 02:05:00
sess_003642,1273,/signup,Direct,Desktop,1,24,0,2026-08-24 18:26:00
sess_003643,2396,/solutions/enterprise,Organic Search,Desktop,5,103,0,2026-08-15 00:18:00
sess_003644,2464,/pricing,Organic Search,Desktop,9,41,0,2026-08-14 20:36:00
sess_003645,2115,/product/analytics,Direct,Mobile,2,417,0,2026-08-12 03:10:00
sess_003646,3201,/solutions/enterprise,Organic Search,Desktop,3,77,0,2026-08-24 20:13:00
sess_003647,3314,/signup,LinkedIn,Mobile,3,160,0,2026-08-03 08:01:00
sess_003648,1532,/docs/api,Direct,Desktop,2,6,0,2026-08-02 05:15:00
sess_003649,1196,/signup,LinkedIn,Desktop,1,134,0,2026-09-09 02:27:00
sess_003650,1158,/pricing,Organic Search,Desktop,3,303,0,2026-08-08 07:14:00
sess_003651,1382,/product/analytics,Direct,Desktop,1,626,0,2026-08-29 09:46:00
sess_003652,3457,/signup,GitHub,Desktop,3,209,0,2026-08-21 21:47:00
sess_003653,2071,/product/analytics,Organic Search,Tablet,3,45,0,2026-09-06 23:33:00
sess_003654,2918,/pricing,Organic Search,Desktop,3,86,0,2026-09-12 01:20:00
sess_003655,1994,/home,Referral,Desktop,3,35,0,2026-09-12 00:36:00
sess_003656,1339,/signup,Organic Search,Tablet,7,79,0,2026-08-29 20:42:00
sess_003657,1395,/solutions/enterprise,GitHub,Desktop,1,153,0,2026-09-09 17:14:00
sess_003658,1524,/solutions/enterprise,Google Ads,Desktop,5,125,0,2026-09-02 19:47:00
sess_003659,1346,/pricing,Direct,Mobile,9,377,0,2026-08-17 17:04:00
sess_003660,2551,/product/analytics,LinkedIn,Mobile,4,46,0,2026-08-31 16:15:00
sess_003661,2973,/home,Organic Search,Desktop,1,107,0,2026-09-06 13:55:00
sess_003662,1835,/docs/api,Google Ads,Desktop,6,184,0,2026-08-21 15:42:00
sess_003663,3444,/product/analytics,Google Ads,Tablet,5,719,0,2026-08-01 00:22:00
sess_003664,1748,/solutions/enterprise,Organic Search,Desktop,6,48,1,2026-09-03 05:19:00
sess_003665,2682,/pricing,Direct,Desktop,2,327,0,2026-08-14 15:30:00
sess_003666,2616,/home,GitHub,Desktop,5,178,0,2026-08-31 21:17:00
sess_003667,1198,/solutions/enterprise,Referral,Desktop,1,30,0,2026-08-29 10:19:00
sess_003668,1916,/solutions/enterprise,Referral,Desktop,3,280,0,2026-09-09 04:04:00
sess_003669,3285,/signup,LinkedIn,Desktop,3,39,0,2026-09-11 11:35:00
sess_003670,1180,/product/analytics,Organic Search,Tablet,7,221,0,2026-08-30 18:54:00
sess_003671,2677,/pricing,Direct,Desktop,6,54,0,2026-08-20 20:58:00
sess_003672,2375,/home,LinkedIn,Mobile,4,118,0,2026-08-24 03:46:00
sess_003673,2544,/product/analytics,Organic Search,Mobile,1,280,0,2026-08-31 04:34:00
sess_003674,2290,/docs/api,Google Ads,Mobile,5,186,0,2026-09-07 21:30:00
sess_003675,2430,/solutions/enterprise,Google Ads,Desktop,3,247,0,2026-08-17 23:35:00
sess_003676,2693,/product/analytics,Google Ads,Desktop,5,297,1,2026-08-16 04:34:00
sess_003677,1942,/signup,Organic Search,Desktop,8,11,0,2026-08-29 03:45:00
sess_003678,2142,/solutions/enterprise,LinkedIn,Desktop,2,122,0,2026-09-13 08:33:00
sess_003679,1260,/product/analytics,Organic Search,Mobile,4,768,0,2026-09-01 09:47:00
sess_003680,2565,/pricing,Organic Search,Mobile,11,290,0,2026-09-07 20:23:00
sess_003681,3371,/signup,Google Ads,Mobile,1,86,0,2026-08-09 20:53:00
sess_003682,1602,/home,Google Ads,Desktop,6,65,0,2026-09-09 11:37:00
sess_003683,1172,/pricing,Organic Search,Desktop,1,224,0,2026-08-21 09:38:00
sess_003684,1357,/solutions/enterprise,Referral,Mobile,1,31,0,2026-08-16 01:03:00
sess_003685,3042,/solutions/enterprise,Organic Search,Mobile,6,390,0,2026-08-15 06:02:00
sess_003686,1655,/product/analytics,LinkedIn,Desktop,10,20,0,2026-09-04 22:07:00
sess_003687,1983,/signup,GitHub,Mobile,1,152,1,2026-09-04 15:38:00
sess_003688,1680,/product/analytics,Direct,Desktop,6,342,0,2026-08-10 13:29:00
sess_003689,2215,/product/analytics,Direct,Mobile,4,234,0,2026-08-17 16:09:00
sess_003690,1532,/solutions/enterprise,Organic Search,Desktop,4,124,0,2026-09-12 12:45:00
sess_003691,2130,/home,Organic Search,Desktop,2,51,0,2026-08-23 05:04:00
sess_003692,3489,/docs/api,Organic Search,Desktop,2,170,0,2026-08-07 16:10:00
sess_003693,3127,/docs/api,Direct,Mobile,2,615,0,2026-09-14 04:05:00
sess_003694,1744,/docs/api,Direct,Mobile,2,23,0,2026-09-13 16:45:00
sess_003695,1942,/docs/api,Google Ads,Desktop,8,10,1,2026-08-15 13:18:00
sess_003696,2674,/pricing,Organic Search,Desktop,5,102,0,2026-08-31 16:08:00
sess_003697,1711,/home,Google Ads,Desktop,2,166,0,2026-08-06 08:47:00
sess_003698,2669,/docs/api,LinkedIn,Desktop,4,84,0,2026-08-03 01:09:00
sess_003699,2252,/home,LinkedIn,Desktop,3,232,0,2026-08-26 18:24:00
sess_003700,2226,/signup,Organic Search,Desktop,6,138,0,2026-08-09 05:09:00
sess_003701,2705,/home,Organic Search,Mobile,1,81,0,2026-08-08 16:29:00
sess_003702,2802,/docs/api,Google Ads,Mobile,4,289,0,2026-08-06 01:34:00
sess_003703,1695,/signup,Organic Search,Mobile,1,23,0,2026-09-04 13:44:00
sess_003704,1205,/pricing,Organic Search,Desktop,1,12,0,2026-08-28 16:21:00
sess_003705,2634,/product/analytics,Referral,Desktop,4,15,1,2026-08-29 01:38:00
sess_003706,1901,/product/analytics,Referral,Desktop,7,307,1,2026-08-28 23:29:00
sess_003707,1767,/pricing,Organic Search,Desktop,3,293,0,2026-09-01 10:50:00
sess_003708,3208,/solutions/enterprise,LinkedIn,Mobile,2,324,0,2026-09-14 11:35:00
sess_003709,2162,/docs/api,Direct,Desktop,5,65,0,2026-09-07 05:05:00
sess_003710,2946,/signup,Direct,Desktop,1,126,0,2026-08-07 02:30:00
sess_003711,1925,/solutions/enterprise,Organic Search,Mobile,4,74,0,2026-09-08 16:29:00
sess_003712,1504,/home,Direct,Mobile,1,164,0,2026-08-03 05:22:00
sess_003713,1685,/product/analytics,Direct,Mobile,1,340,1,2026-08-07 07:27:00
sess_003714,1667,/solutions/enterprise,Direct,Desktop,4,8,0,2026-08-06 12:14:00
sess_003715,3408,/home,Google Ads,Desktop,2,156,0,2026-08-17 09:32:00
sess_003716,1671,/home,Organic Search,Desktop,1,45,0,2026-08-06 14:38:00
sess_003717,2035,/pricing,Direct,Desktop,2,372,0,2026-08-17 20:52:00
sess_003718,3292,/home,Google Ads,Desktop,6,571,0,2026-09-01 15:06:00
sess_003719,1251,/solutions/enterprise,Referral,Desktop,2,321,0,2026-08-13 06:26:00
sess_003720,1374,/home,LinkedIn,Desktop,3,11,0,2026-08-23 07:42:00
sess_003721,2109,/docs/api,Direct,Desktop,1,69,0,2026-08-18 17:38:00
sess_003722,2679,/signup,Google Ads,Desktop,2,51,0,2026-08-06 10:36:00
sess_003723,2790,/pricing,Organic Search,Desktop,1,320,0,2026-08-13 06:54:00
sess_003724,3001,/docs/api,LinkedIn,Desktop,6,8,0,2026-08-27 10:46:00
sess_003725,1582,/solutions/enterprise,Organic Search,Mobile,1,465,0,2026-08-20 10:14:00
sess_003726,1691,/signup,LinkedIn,Desktop,8,164,0,2026-08-15 14:46:00
sess_003727,1099,/home,Google Ads,Desktop,2,250,0,2026-08-07 08:42:00
sess_003728,1897,/solutions/enterprise,Organic Search,Tablet,6,114,0,2026-08-28 00:15:00
sess_003729,2259,/home,Google Ads,Desktop,2,226,0,2026-09-11 07:23:00
sess_003730,2179,/home,Organic Search,Desktop,1,78,0,2026-08-07 07:23:00
sess_003731,3237,/home,Organic Search,Desktop,2,199,0,2026-09-05 17:07:00
sess_003732,2692,/pricing,Google Ads,Desktop,1,106,0,2026-09-09 18:18:00
sess_003733,1377,/solutions/enterprise,Organic Search,Mobile,2,488,0,2026-08-08 21:33:00
sess_003734,1536,/pricing,LinkedIn,Mobile,2,484,0,2026-08-17 23:03:00
sess_003735,1470,/home,Organic Search,Mobile,2,157,1,2026-09-11 10:32:00
sess_003736,1713,/signup,Organic Search,Mobile,2,272,0,2026-08-27 23:44:00
sess_003737,2064,/pricing,LinkedIn,Mobile,1,249,0,2026-09-03 08:54:00
sess_003738,2668,/pricing,Organic Search,Desktop,1,225,0,2026-08-29 08:23:00
sess_003739,1758,/product/analytics,Direct,Desktop,3,662,0,2026-08-04 22:41:00
sess_003740,1480,/pricing,GitHub,Desktop,4,383,0,2026-08-31 05:57:00
sess_003741,3287,/solutions/enterprise,Google Ads,Desktop,1,251,0,2026-08-31 10:35:00
sess_003742,2469,/docs/api,Google Ads,Mobile,1,19,0,2026-08-31 15:16:00
sess_003743,1360,/solutions/enterprise,Organic Search,Desktop,2,83,0,2026-08-05 17:55:00
sess_003744,2668,/solutions/enterprise,LinkedIn,Desktop,12,80,0,2026-09-07 22:11:00
sess_003745,1067,/docs/api,Google Ads,Desktop,3,134,0,2026-09-02 16:09:00
sess_003746,1420,/pricing,GitHub,Tablet,5,354,0,2026-08-18 21:57:00
sess_003747,1125,/docs/api,Organic Search,Mobile,8,205,0,2026-08-20 06:03:00
sess_003748,2055,/docs/api,Google Ads,Tablet,3,270,0,2026-08-18 17:52:00
sess_003749,1781,/solutions/enterprise,Organic Search,Tablet,3,12,0,2026-08-24 14:04:00
sess_003750,1474,/signup,Organic Search,Mobile,5,14,0,2026-09-09 06:24:00
sess_003751,3393,/solutions/enterprise,Direct,Desktop,2,479,0,2026-08-29 20:51:00
sess_003752,2147,/signup,Google Ads,Desktop,11,47,0,2026-09-10 06:07:00
sess_003753,3333,/product/analytics,Organic Search,Desktop,2,289,0,2026-09-08 09:54:00
sess_003754,3252,/home,Organic Search,Mobile,8,148,1,2026-08-21 10:39:00
sess_003755,1479,/pricing,Direct,Mobile,4,82,0,2026-08-05 00:04:00
sess_003756,1244,/docs/api,Organic Search,Desktop,1,264,0,2026-09-02 21:00:00
sess_003757,1682,/solutions/enterprise,Direct,Desktop,1,607,0,2026-08-19 01:45:00
sess_003758,3228,/signup,GitHub,Desktop,2,58,0,2026-08-08 13:13:00
sess_003759,3427,/solutions/enterprise,LinkedIn,Desktop,2,83,0,2026-09-12 17:32:00
sess_003760,2225,/pricing,Direct,Desktop,1,67,0,2026-08-30 18:12:00
sess_003761,2200,/product/analytics,Organic Search,Desktop,6,191,0,2026-08-10 05:35:00
sess_003762,1503,/solutions/enterprise,GitHub,Desktop,1,236,0,2026-08-14 21:17:00
sess_003763,3301,/docs/api,GitHub,Mobile,5,122,0,2026-09-06 20:16:00
sess_003764,2658,/pricing,LinkedIn,Desktop,2,48,0,2026-08-31 23:39:00
sess_003765,2113,/docs/api,Direct,Desktop,3,74,0,2026-09-04 02:22:00
sess_003766,3467,/home,Google Ads,Desktop,3,252,0,2026-09-02 12:52:00
sess_003767,2779,/solutions/enterprise,LinkedIn,Mobile,9,392,0,2026-08-02 06:29:00
sess_003768,1638,/signup,Direct,Desktop,2,132,1,2026-09-07 18:50:00
sess_003769,3330,/pricing,LinkedIn,Desktop,2,56,0,2026-08-09 01:23:00
sess_003770,1440,/solutions/enterprise,Organic Search,Desktop,3,202,0,2026-08-17 13:16:00
sess_003771,2691,/home,GitHub,Desktop,2,188,0,2026-09-05 09:17:00
sess_003772,1109,/pricing,Referral,Desktop,3,436,0,2026-08-05 01:29:00
sess_003773,1502,/docs/api,Direct,Desktop,3,65,0,2026-08-01 08:01:00
sess_003774,2835,/docs/api,GitHub,Mobile,5,311,0,2026-09-08 19:21:00
sess_003775,3474,/home,Google Ads,Desktop,13,204,0,2026-09-12 13:14:00
sess_003776,1566,/solutions/enterprise,GitHub,Mobile,11,334,0,2026-08-21 10:32:00
sess_003777,2018,/pricing,GitHub,Desktop,1,24,0,2026-08-26 01:12:00
sess_003778,2111,/docs/api,Organic Search,Tablet,2,321,0,2026-09-06 10:16:00
sess_003779,2984,/docs/api,Organic Search,Mobile,2,121,0,2026-08-25 20:40:00
sess_003780,1104,/solutions/enterprise,Organic Search,Mobile,1,273,0,2026-08-25 17:13:00
sess_003781,1922,/home,Organic Search,Tablet,4,55,0,2026-08-13 19:50:00
sess_003782,1521,/home,Direct,Desktop,10,81,0,2026-08-17 09:31:00
sess_003783,1893,/home,Direct,Desktop,1,101,0,2026-08-25 14:23:00
sess_003784,3116,/docs/api,Organic Search,Mobile,1,148,0,2026-09-04 06:57:00
sess_003785,3440,/docs/api,Organic Search,Desktop,6,133,0,2026-08-03 01:26:00
sess_003786,2858,/docs/api,Organic Search,Desktop,2,53,0,2026-09-03 20:16:00
sess_003787,1513,/signup,Organic Search,Mobile,2,426,0,2026-08-14 03:11:00
sess_003788,3385,/signup,Organic Search,Mobile,4,525,0,2026-08-28 07:17:00
sess_003789,1540,/docs/api,GitHub,Mobile,1,53,0,2026-08-05 22:45:00
sess_003790,3308,/docs/api,GitHub,Mobile,3,94,0,2026-09-03 16:20:00
sess_003791,2399,/docs/api,Organic Search,Desktop,1,298,0,2026-08-02 15:50:00
sess_003792,3244,/product/analytics,LinkedIn,Mobile,2,279,0,2026-08-28 12:34:00
sess_003793,2985,/signup,Google Ads,Desktop,1,659,0,2026-08-31 03:34:00
sess_003794,1550,/pricing,Direct,Mobile,4,534,0,2026-08-02 23:17:00
sess_003795,2174,/home,Google Ads,Mobile,1,379,0,2026-08-05 22:21:00
sess_003796,1734,/pricing,Referral,Tablet,4,163,0,2026-08-05 01:33:00
sess_003797,3299,/signup,Organic Search,Desktop,3,79,0,2026-08-09 00:18:00
sess_003798,2807,/solutions/enterprise,Organic Search,Desktop,4,138,0,2026-08-15 22:45:00
sess_003799,2429,/home,LinkedIn,Desktop,6,270,0,2026-09-04 13:50:00
sess_003800,2754,/signup,Direct,Desktop,3,24,0,2026-08-11 05:20:00
sess_003801,1924,/home,Organic Search,Desktop,4,223,0,2026-09-13 03:13:00
sess_003802,2163,/docs/api,GitHub,Tablet,5,412,0,2026-08-25 02:03:00
sess_003803,3060,/docs/api,Google Ads,Mobile,4,47,0,2026-09-04 03:37:00
sess_003804,1633,/solutions/enterprise,Organic Search,Desktop,2,305,0,2026-08-29 02:11:00
sess_003805,2149,/pricing,Google Ads,Desktop,10,403,0,2026-09-11 00:15:00
sess_003806,1903,/pricing,Google Ads,Mobile,1,17,0,2026-09-05 05:32:00
sess_003807,1151,/pricing,Organic Search,Desktop,2,575,0,2026-08-10 10:19:00
sess_003808,3267,/solutions/enterprise,Organic Search,Mobile,5,130,1,2026-08-11 00:27:00
sess_003809,2828,/product/analytics,Google Ads,Mobile,2,115,0,2026-08-10 10:44:00
sess_003810,3394,/pricing,Organic Search,Tablet,3,171,0,2026-08-01 06:26:00
sess_003811,1675,/home,Direct,Mobile,1,48,0,2026-08-23 12:11:00
sess_003812,2038,/home,Organic Search,Desktop,6,201,0,2026-08-27 19:40:00
sess_003813,2338,/docs/api,GitHub,Desktop,8,302,0,2026-08-30 02:59:00
sess_003814,2773,/signup,Organic Search,Desktop,12,75,0,2026-08-04 15:29:00
sess_003815,2796,/docs/api,Organic Search,Desktop,1,58,0,2026-08-07 08:23:00
sess_003816,2499,/pricing,LinkedIn,Desktop,1,448,0,2026-09-07 07:32:00
sess_003817,3449,/pricing,Organic Search,Mobile,2,118,0,2026-08-18 00:32:00
sess_003818,2749,/docs/api,Organic Search,Desktop,1,183,0,2026-08-09 09:17:00
sess_003819,2877,/signup,Organic Search,Desktop,3,352,0,2026-08-18 03:26:00
sess_003820,2941,/home,Direct,Mobile,6,232,0,2026-08-12 04:19:00
sess_003821,1084,/signup,Organic Search,Desktop,1,74,0,2026-08-23 08:11:00
sess_003822,3262,/solutions/enterprise,Direct,Mobile,1,8,0,2026-08-17 12:25:00
sess_003823,2215,/solutions/enterprise,Google Ads,Desktop,15,118,0,2026-08-05 04:33:00
sess_003824,2691,/solutions/enterprise,Organic Search,Desktop,2,56,0,2026-08-22 19:52:00
sess_003825,2243,/pricing,Google Ads,Desktop,1,102,0,2026-08-22 08:36:00
sess_003826,1338,/solutions/enterprise,Google Ads,Desktop,3,115,0,2026-08-29 20:05:00
sess_003827,3060,/product/analytics,Google Ads,Tablet,4,366,0,2026-08-20 18:00:00
sess_003828,1492,/signup,Organic Search,Desktop,5,267,0,2026-08-27 05:18:00
sess_003829,1556,/pricing,Direct,Mobile,3,44,0,2026-08-21 16:40:00
sess_003830,2134,/signup,LinkedIn,Mobile,4,73,0,2026-08-22 13:38:00
sess_003831,3141,/product/analytics,Organic Search,Desktop,2,162,0,2026-08-10 09:01:00
sess_003832,3394,/pricing,LinkedIn,Tablet,3,155,0,2026-09-07 10:32:00
sess_003833,3175,/pricing,Organic Search,Desktop,9,147,0,2026-09-02 11:31:00
sess_003834,1117,/solutions/enterprise,Organic Search,Mobile,13,552,0,2026-08-19 07:12:00
sess_003835,3302,/pricing,Google Ads,Mobile,3,217,0,2026-08-02 13:18:00
sess_003836,1404,/product/analytics,LinkedIn,Desktop,3,23,0,2026-08-17 06:38:00
sess_003837,1045,/signup,LinkedIn,Desktop,2,512,0,2026-08-05 02:53:00
sess_003838,3302,/home,Organic Search,Desktop,2,116,1,2026-08-19 12:39:00
sess_003839,2988,/product/analytics,LinkedIn,Desktop,8,161,0,2026-08-10 07:45:00
sess_003840,1496,/docs/api,Organic Search,Mobile,4,313,0,2026-08-03 03:37:00
sess_003841,2911,/signup,Referral,Desktop,2,48,0,2026-08-03 22:05:00
sess_003842,1121,/pricing,Organic Search,Desktop,4,134,0,2026-08-08 18:39:00
sess_003843,1897,/product/analytics,Google Ads,Mobile,1,358,0,2026-08-06 14:43:00
sess_003844,1710,/solutions/enterprise,GitHub,Desktop,9,245,0,2026-08-14 02:42:00
sess_003845,2024,/docs/api,Organic Search,Desktop,3,82,0,2026-09-12 18:32:00
sess_003846,1591,/home,Organic Search,Desktop,2,165,0,2026-08-07 05:40:00
sess_003847,2691,/product/analytics,GitHub,Mobile,1,6,0,2026-09-06 00:33:00
sess_003848,1700,/product/analytics,Google Ads,Mobile,4,13,0,2026-08-13 01:55:00
sess_003849,2433,/product/analytics,Organic Search,Desktop,10,26,0,2026-09-05 04:36:00
sess_003850,2021,/docs/api,Google Ads,Desktop,3,218,1,2026-08-09 05:57:00
sess_003851,3024,/solutions/enterprise,Google Ads,Desktop,2,179,0,2026-09-14 09:59:00
sess_003852,3141,/docs/api,Direct,Desktop,2,451,0,2026-08-20 10:48:00
sess_003853,3174,/solutions/enterprise,GitHub,Desktop,3,226,0,2026-08-26 06:16:00
sess_003854,2399,/solutions/enterprise,Direct,Desktop,4,103,0,2026-08-03 23:28:00
sess_003855,1020,/home,Direct,Mobile,1,368,0,2026-08-21 13:16:00
sess_003856,1911,/pricing,Organic Search,Desktop,8,12,0,2026-08-05 19:43:00
sess_003857,2060,/signup,Referral,Mobile,2,6,0,2026-09-10 08:31:00
sess_003858,2109,/pricing,Organic Search,Desktop,3,56,0,2026-08-13 08:14:00
sess_003859,2318,/product/analytics,Organic Search,Mobile,7,29,0,2026-08-21 12:48:00
sess_003860,1680,/pricing,LinkedIn,Mobile,3,61,0,2026-09-07 19:14:00
sess_003861,3325,/signup,Organic Search,Desktop,4,70,0,2026-08-14 11:03:00
sess_003862,1560,/product/analytics,Direct,Mobile,3,114,0,2026-09-07 03:59:00
sess_003863,1656,/docs/api,Organic Search,Mobile,1,174,0,2026-08-07 01:35:00
sess_003864,1409,/pricing,Organic Search,Desktop,10,83,0,2026-09-07 20:30:00
sess_003865,2445,/home,LinkedIn,Desktop,2,620,0,2026-08-12 08:14:00
sess_003866,1636,/home,LinkedIn,Desktop,1,145,0,2026-08-06 05:56:00
sess_003867,2129,/home,LinkedIn,Desktop,18,381,0,2026-09-07 16:41:00
sess_003868,1752,/docs/api,LinkedIn,Desktop,3,296,0,2026-09-14 18:29:00
sess_003869,2858,/product/analytics,Direct,Mobile,3,13,0,2026-08-20 19:22:00
sess_003870,2651,/docs/api,Direct,Desktop,7,119,0,2026-08-01 05:27:00
sess_003871,2608,/docs/api,Organic Search,Desktop,3,300,0,2026-08-04 23:10:00
sess_003872,2426,/docs/api,Organic Search,Desktop,2,431,0,2026-08-05 02:27:00
sess_003873,1013,/solutions/enterprise,Google Ads,Mobile,1,185,0,2026-08-26 20:08:00
sess_003874,1487,/docs/api,LinkedIn,Mobile,5,488,0,2026-08-31 03:23:00
sess_003875,1113,/pricing,Organic Search,Desktop,2,200,0,2026-08-28 02:01:00
sess_003876,2787,/product/analytics,Organic Search,Desktop,3,47,0,2026-08-02 17:39:00
sess_003877,2089,/home,Google Ads,Mobile,2,152,0,2026-08-09 03:10:00
sess_003878,2478,/signup,Referral,Desktop,4,258,0,2026-08-31 20:41:00
sess_003879,1888,/solutions/enterprise,Google Ads,Mobile,4,202,0,2026-09-01 14:19:00
sess_003880,1765,/product/analytics,Direct,Mobile,2,20,0,2026-08-13 16:09:00
sess_003881,1393,/product/analytics,Google Ads,Mobile,2,53,0,2026-09-03 22:39:00
sess_003882,1636,/docs/api,LinkedIn,Tablet,1,214,0,2026-08-04 05:48:00
sess_003883,3122,/home,LinkedIn,Desktop,2,140,0,2026-08-28 07:10:00
sess_003884,2599,/product/analytics,Google Ads,Desktop,4,10,0,2026-09-11 05:56:00
sess_003885,1103,/pricing,Direct,Desktop,3,246,0,2026-08-15 16:31:00
sess_003886,2580,/home,Google Ads,Desktop,1,19,0,2026-08-30 05:19:00
sess_003887,1485,/pricing,Organic Search,Desktop,2,41,0,2026-09-01 22:13:00
sess_003888,2737,/solutions/enterprise,Organic Search,Desktop,9,427,0,2026-09-06 02:29:00
sess_003889,1273,/product/analytics,Google Ads,Desktop,1,73,0,2026-09-09 11:23:00
sess_003890,2006,/solutions/enterprise,Direct,Mobile,1,11,1,2026-08-14 09:03:00
sess_003891,2092,/pricing,Direct,Desktop,4,8,0,2026-09-08 23:38:00
sess_003892,1010,/solutions/enterprise,Direct,Mobile,9,498,0,2026-08-03 08:55:00
sess_003893,1794,/pricing,Referral,Desktop,1,88,0,2026-08-27 02:50:00
sess_003894,1443,/docs/api,GitHub,Desktop,2,179,0,2026-08-28 10:52:00
sess_003895,3467,/docs/api,Direct,Tablet,1,101,0,2026-08-20 12:56:00
sess_003896,2646,/solutions/enterprise,Direct,Desktop,1,48,0,2026-09-13 12:31:00
sess_003897,2435,/signup,LinkedIn,Mobile,3,383,0,2026-09-01 15:43:00
sess_003898,2345,/signup,Google Ads,Desktop,2,543,1,2026-09-02 16:00:00
sess_003899,2542,/pricing,GitHub,Desktop,2,798,1,2026-08-14 00:18:00
sess_003900,1095,/product/analytics,Organic Search,Desktop,1,12,0,2026-08-23 13:10:00
sess_003901,2989,/home,LinkedIn,Desktop,3,14,0,2026-09-11 05:15:00
sess_003902,3390,/solutions/enterprise,Organic Search,Mobile,3,356,0,2026-09-02 09:03:00
sess_003903,2623,/product/analytics,LinkedIn,Mobile,4,39,0,2026-08-19 05:06:00
sess_003904,3355,/pricing,Organic Search,Desktop,5,153,0,2026-09-03 20:45:00
sess_003905,3011,/pricing,Google Ads,Desktop,4,161,0,2026-08-20 03:32:00
sess_003906,1535,/solutions/enterprise,LinkedIn,Desktop,9,200,0,2026-08-16 19:15:00
sess_003907,1053,/product/analytics,Google Ads,Mobile,1,11,0,2026-09-07 20:20:00
sess_003908,2591,/signup,GitHub,Mobile,9,71,0,2026-08-24 00:34:00
sess_003909,3325,/solutions/enterprise,GitHub,Mobile,1,134,0,2026-09-09 08:50:00
sess_003910,2257,/docs/api,Organic Search,Desktop,6,39,1,2026-08-20 19:56:00
sess_003911,1197,/pricing,Direct,Desktop,5,523,1,2026-08-20 21:15:00
sess_003912,2454,/docs/api,Direct,Desktop,4,322,0,2026-09-09 08:27:00
sess_003913,1259,/solutions/enterprise,Google Ads,Tablet,4,32,0,2026-09-08 23:21:00
sess_003914,3209,/pricing,Organic Search,Mobile,4,205,0,2026-08-29 02:52:00
sess_003915,1178,/signup,GitHub,Tablet,3,100,0,2026-08-12 09:27:00
sess_003916,3278,/signup,Direct,Desktop,1,72,1,2026-08-03 18:58:00
sess_003917,2818,/solutions/enterprise,LinkedIn,Mobile,3,66,0,2026-08-23 01:16:00
sess_003918,2935,/signup,Referral,Mobile,2,200,0,2026-08-22 23:19:00
sess_003919,1568,/home,GitHub,Desktop,1,425,0,2026-09-08 18:12:00
sess_003920,1452,/product/analytics,Direct,Mobile,2,330,0,2026-08-27 17:20:00
sess_003921,1058,/pricing,Direct,Mobile,6,82,0,2026-09-04 06:09:00
sess_003922,2184,/signup,Google Ads,Mobile,3,226,0,2026-09-07 07:07:00
sess_003923,1684,/pricing,LinkedIn,Desktop,10,139,0,2026-09-12 22:14:00
sess_003924,1866,/docs/api,LinkedIn,Tablet,2,109,0,2026-09-12 10:24:00
sess_003925,1068,/home,Organic Search,Mobile,1,68,0,2026-08-05 13:05:00
sess_003926,2197,/docs/api,Organic Search,Tablet,2,20,1,2026-09-12 20:48:00
sess_003927,3404,/product/analytics,Organic Search,Desktop,1,43,0,2026-08-30 06:49:00
sess_003928,2311,/solutions/enterprise,Organic Search,Mobile,4,155,1,2026-08-28 15:58:00
sess_003929,2587,/home,Organic Search,Mobile,1,239,1,2026-08-16 23:50:00
sess_003930,1884,/docs/api,Google Ads,Desktop,3,11,1,2026-08-18 21:21:00
sess_003931,1452,/solutions/enterprise,Organic Search,Desktop,8,90,0,2026-08-31 11:09:00
sess_003932,2769,/signup,Google Ads,Mobile,2,37,0,2026-09-11 05:32:00
sess_003933,2973,/product/analytics,GitHub,Mobile,2,170,0,2026-09-09 17:03:00
sess_003934,1232,/product/analytics,Organic Search,Mobile,1,364,0,2026-09-10 20:25:00
sess_003935,1110,/signup,Direct,Mobile,4,482,1,2026-09-14 02:38:00
sess_003936,1725,/home,Organic Search,Desktop,2,394,0,2026-08-25 18:42:00
sess_003937,3117,/signup,Organic Search,Tablet,14,375,0,2026-08-07 10:54:00
sess_003938,1502,/home,Direct,Desktop,1,170,0,2026-09-09 07:22:00
sess_003939,2079,/signup,Organic Search,Mobile,1,55,0,2026-09-01 10:02:00
sess_003940,3369,/pricing,Direct,Desktop,3,252,0,2026-09-05 22:18:00
sess_003941,2928,/product/analytics,Organic Search,Desktop,1,237,0,2026-08-06 05:42:00
sess_003942,2373,/signup,Referral,Mobile,2,37,0,2026-08-18 08:00:00
sess_003943,3020,/pricing,Direct,Desktop,2,44,0,2026-08-27 08:43:00
sess_003944,1658,/solutions/enterprise,Organic Search,Desktop,1,25,0,2026-09-11 17:39:00
sess_003945,2598,/home,Direct,Desktop,11,129,0,2026-08-05 13:10:00
sess_003946,2352,/pricing,Organic Search,Mobile,2,74,0,2026-08-07 22:21:00
sess_003947,3447,/product/analytics,Direct,Desktop,1,419,0,2026-08-08 17:05:00
sess_003948,2497,/solutions/enterprise,Direct,Desktop,1,11,0,2026-08-27 04:03:00
sess_003949,2926,/home,GitHub,Desktop,2,75,0,2026-08-01 15:52:00
sess_003950,2537,/product/analytics,Direct,Desktop,5,380,0,2026-08-01 09:58:00
sess_003951,3389,/docs/api,Organic Search,Desktop,1,1247,0,2026-08-26 13:06:00
sess_003952,1416,/solutions/enterprise,Google Ads,Desktop,3,236,0,2026-08-13 18:26:00
sess_003953,2758,/solutions/enterprise,Direct,Desktop,13,420,0,2026-08-13 21:14:00
sess_003954,2874,/docs/api,Organic Search,Mobile,2,7,0,2026-08-19 02:27:00
sess_003955,1389,/home,Referral,Desktop,3,270,0,2026-08-11 19:10:00
sess_003956,3477,/product/analytics,Organic Search,Desktop,3,116,0,2026-08-29 14:54:00
sess_003957,1877,/signup,LinkedIn,Desktop,3,216,0,2026-09-11 09:23:00
sess_003958,1523,/solutions/enterprise,Google Ads,Mobile,9,106,0,2026-08-23 13:16:00
sess_003959,2369,/pricing,Direct,Desktop,5,156,0,2026-08-05 20:28:00
sess_003960,2138,/signup,Organic Search,Mobile,1,59,0,2026-08-06 21:15:00
sess_003961,1048,/signup,Direct,Desktop,1,158,0,2026-09-11 10:31:00
sess_003962,2796,/home,Direct,Desktop,1,66,0,2026-08-17 04:13:00
sess_003963,1380,/home,Referral,Desktop,2,64,0,2026-09-03 14:45:00
sess_003964,1407,/product/analytics,Organic Search,Mobile,2,76,1,2026-08-16 23:17:00
sess_003965,2901,/docs/api,LinkedIn,Mobile,5,45,0,2026-08-03 05:59:00
sess_003966,2954,/solutions/enterprise,Google Ads,Desktop,3,50,0,2026-08-03 06:34:00
sess_003967,3180,/signup,LinkedIn,Mobile,30,487,0,2026-09-02 15:03:00
sess_003968,2223,/solutions/enterprise,LinkedIn,Desktop,5,114,1,2026-08-17 10:07:00
sess_003969,2269,/pricing,GitHub,Mobile,6,176,1,2026-08-02 22:15:00
sess_003970,3240,/pricing,Direct,Desktop,1,157,0,2026-08-23 14:03:00
sess_003971,1518,/pricing,GitHub,Mobile,3,60,0,2026-08-31 12:32:00
sess_003972,1014,/pricing,Organic Search,Desktop,1,5,0,2026-08-27 00:39:00
sess_003973,1589,/product/analytics,Direct,Desktop,4,24,0,2026-08-09 06:44:00
sess_003974,1156,/product/analytics,Organic Search,Desktop,5,324,0,2026-08-26 03:43:00
sess_003975,2649,/signup,Google Ads,Mobile,2,25,0,2026-09-11 02:42:00
sess_003976,2350,/pricing,Google Ads,Desktop,1,46,0,2026-08-11 10:14:00
sess_003977,2801,/pricing,Direct,Mobile,1,444,0,2026-08-21 16:44:00
sess_003978,2496,/pricing,Direct,Desktop,5,301,0,2026-08-08 16:29:00
sess_003979,1310,/signup,Direct,Desktop,3,14,0,2026-08-20 10:25:00
sess_003980,2625,/solutions/enterprise,Organic Search,Desktop,3,190,0,2026-08-09 12:25:00
sess_003981,3499,/product/analytics,Direct,Desktop,3,135,0,2026-08-24 12:09:00
sess_003982,2991,/home,Organic Search,Desktop,2,86,0,2026-08-27 06:21:00
sess_003983,2548,/product/analytics,Direct,Desktop,6,128,0,2026-09-02 03:17:00
sess_003984,1164,/signup,Google Ads,Mobile,2,34,0,2026-09-11 04:19:00
sess_003985,2159,/product/analytics,LinkedIn,Desktop,3,562,0,2026-08-27 18:52:00
sess_003986,3299,/signup,Direct,Mobile,11,38,1,2026-09-10 06:23:00
sess_003987,2884,/solutions/enterprise,GitHub,Tablet,2,42,0,2026-08-28 06:06:00
sess_003988,2626,/signup,Organic Search,Mobile,1,87,0,2026-09-13 17:20:00
sess_003989,3184,/solutions/enterprise,LinkedIn,Desktop,3,48,0,2026-08-05 23:08:00
sess_003990,2738,/pricing,Organic Search,Desktop,4,72,0,2026-08-12 22:06:00
sess_003991,1216,/docs/api,LinkedIn,Mobile,1,12,0,2026-08-24 16:29:00
sess_003992,1905,/product/analytics,LinkedIn,Tablet,1,176,0,2026-09-10 15:33:00
sess_003993,1844,/docs/api,Google Ads,Mobile,1,54,0,2026-08-15 22:10:00
sess_003994,1999,/home,LinkedIn,Desktop,4,642,0,2026-09-11 15:27:00
sess_003995,1695,/pricing,Organic Search,Desktop,1,26,0,2026-08-24 04:27:00
sess_003996,2197,/product/analytics,Organic Search,Mobile,7,19,0,2026-08-11 22:20:00
sess_003997,2425,/solutions/enterprise,LinkedIn,Mobile,3,39,0,2026-08-06 09:55:00
sess_003998,1584,/solutions/enterprise,Google Ads,Desktop,9,145,0,2026-08-10 18:27:00
sess_003999,2877,/docs/api,Organic Search,Desktop,2,252,0,2026-08-01 22:47:00
sess_004000,3164,/solutions/enterprise,Organic Search,Mobile,9,152,0,2026-08-07 21:26:00
sess_004001,2338,/docs/api,Google Ads,Desktop,11,359,0,2026-08-22 23:04:00
sess_004002,1316,/pricing,Referral,Desktop,1,167,0,2026-08-12 20:58:00
sess_004003,2459,/docs/api,Direct,Desktop,1,31,0,2026-08-10 22:07:00
sess_004004,3312,/product/analytics,Organic Search,Desktop,2,41,0,2026-08-13 01:10:00
sess_004005,2854,/solutions/enterprise,Organic Search,Mobile,2,84,0,2026-09-01 05:12:00
sess_004006,1959,/solutions/enterprise,Google Ads,Mobile,3,459,0,2026-08-11 08:45:00
sess_004007,3061,/product/analytics,Direct,Desktop,1,115,0,2026-08-09 11:44:00
sess_004008,3379,/home,Organic Search,Desktop,4,378,0,2026-09-14 11:07:00
sess_004009,3279,/pricing,Organic Search,Mobile,1,18,0,2026-08-22 04:32:00
sess_004010,2330,/docs/api,Google Ads,Mobile,1,213,0,2026-08-31 17:41:00
sess_004011,1439,/pricing,Organic Search,Desktop,5,118,0,2026-08-05 19:45:00
sess_004012,3289,/product/analytics,Direct,Desktop,1,39,0,2026-08-09 21:13:00
sess_004013,3083,/pricing,GitHub,Mobile,4,20,0,2026-08-03 23:36:00
sess_004014,2341,/home,Referral,Desktop,1,73,0,2026-09-14 01:51:00
sess_004015,2757,/signup,Google Ads,Desktop,4,314,0,2026-08-05 23:23:00
sess_004016,2915,/signup,Organic Search,Desktop,5,189,1,2026-08-10 06:11:00
sess_004017,1378,/pricing,Organic Search,Desktop,3,116,0,2026-09-06 08:10:00
sess_004018,2508,/docs/api,Organic Search,Desktop,2,341,0,2026-08-25 16:51:00
sess_004019,1832,/product/analytics,Organic Search,Desktop,1,40,0,2026-08-10 20:21:00
sess_004020,1265,/home,Organic Search,Desktop,5,63,0,2026-09-09 14:54:00
sess_004021,1917,/home,Organic Search,Desktop,1,150,0,2026-09-04 11:00:00
sess_004022,3396,/home,LinkedIn,Desktop,11,165,0,2026-09-11 06:13:00
sess_004023,2530,/solutions/enterprise,LinkedIn,Desktop,5,74,0,2026-09-03 13:32:00
sess_004024,2374,/pricing,Organic Search,Mobile,4,131,0,2026-09-02 15:39:00
sess_004025,1164,/docs/api,Organic Search,Desktop,13,28,0,2026-08-08 20:30:00
sess_004026,3208,/solutions/enterprise,LinkedIn,Desktop,4,6,0,2026-09-01 07:20:00
sess_004027,3057,/docs/api,Organic Search,Mobile,1,428,1,2026-09-07 19:01:00
sess_004028,2471,/docs/api,Organic Search,Desktop,2,109,0,2026-09-01 00:05:00
sess_004029,1185,/docs/api,Direct,Desktop,3,52,0,2026-08-01 22:20:00
sess_004030,2186,/docs/api,Direct,Desktop,3,77,0,2026-08-20 16:19:00
sess_004031,2914,/pricing,LinkedIn,Desktop,1,136,0,2026-08-28 19:34:00
sess_004032,2528,/pricing,LinkedIn,Desktop,1,531,0,2026-09-14 21:39:00
sess_004033,3203,/docs/api,Direct,Desktop,4,234,0,2026-08-08 02:07:00
sess_004034,1136,/docs/api,LinkedIn,Tablet,4,537,0,2026-08-15 08:47:00
sess_004035,2000,/home,Organic Search,Desktop,7,26,0,2026-08-24 11:00:00
sess_004036,1684,/solutions/enterprise,Direct,Desktop,10,40,0,2026-09-05 13:39:00
sess_004037,3458,/pricing,LinkedIn,Desktop,6,86,0,2026-09-01 17:12:00
sess_004038,2448,/home,LinkedIn,Mobile,3,55,0,2026-08-18 00:53:00
sess_004039,3169,/product/analytics,Organic Search,Mobile,3,571,0,2026-08-09 06:01:00
sess_004040,2030,/home,Organic Search,Desktop,2,38,1,2026-08-29 16:37:00
sess_004041,1789,/solutions/enterprise,Organic Search,Mobile,7,38,0,2026-08-02 21:32:00
sess_004042,3123,/product/analytics,Direct,Desktop,5,125,0,2026-09-14 02:44:00
sess_004043,1460,/docs/api,Direct,Desktop,5,219,0,2026-09-07 01:50:00
sess_004044,2365,/home,Organic Search,Desktop,5,90,0,2026-09-03 07:07:00
sess_004045,3217,/solutions/enterprise,LinkedIn,Desktop,6,13,1,2026-08-06 01:44:00
sess_004046,3277,/home,Google Ads,Desktop,8,266,0,2026-09-08 19:48:00
sess_004047,2051,/solutions/enterprise,Organic Search,Mobile,5,528,0,2026-09-05 16:11:00
sess_004048,1569,/home,Organic Search,Mobile,5,304,0,2026-08-30 14:38:00
sess_004049,1772,/solutions/enterprise,Google Ads,Mobile,4,334,0,2026-08-05 15:39:00
sess_004050,2206,/docs/api,LinkedIn,Desktop,2,343,0,2026-08-03 13:43:00
sess_004051,1479,/solutions/enterprise,Organic Search,Desktop,3,261,0,2026-09-07 09:57:00
sess_004052,1827,/signup,LinkedIn,Desktop,3,299,1,2026-08-24 08:21:00
sess_004053,1044,/pricing,GitHub,Desktop,5,19,0,2026-09-04 09:47:00
sess_004054,1979,/home,Organic Search,Desktop,1,15,0,2026-08-25 19:38:00
sess_004055,2912,/product/analytics,LinkedIn,Mobile,2,19,1,2026-08-07 07:46:00
sess_004056,1915,/product/analytics,Organic Search,Desktop,3,166,0,2026-09-03 14:06:00
sess_004057,2896,/product/analytics,Organic Search,Desktop,12,54,0,2026-09-02 19:36:00
sess_004058,1505,/solutions/enterprise,Direct,Tablet,2,10,0,2026-08-09 16:09:00
sess_004059,1648,/signup,Direct,Desktop,1,19,0,2026-08-02 09:38:00
sess_004060,3182,/product/analytics,Google Ads,Desktop,4,17,0,2026-09-07 12:08:00
sess_004061,3400,/solutions/enterprise,Google Ads,Desktop,3,182,0,2026-09-09 01:35:00
sess_004062,2073,/product/analytics,Organic Search,Tablet,6,32,0,2026-08-14 09:47:00
sess_004063,2643,/product/analytics,Direct,Mobile,6,341,0,2026-09-03 08:11:00
sess_004064,1354,/signup,Google Ads,Desktop,1,889,0,2026-08-03 04:01:00
sess_004065,3338,/docs/api,Organic Search,Desktop,1,109,0,2026-08-29 23:24:00
sess_004066,3238,/docs/api,Direct,Desktop,5,143,0,2026-09-01 03:51:00
sess_004067,3362,/docs/api,Organic Search,Desktop,3,59,0,2026-08-30 23:06:00
sess_004068,3064,/home,Organic Search,Desktop,1,196,0,2026-08-06 13:58:00
sess_004069,3261,/solutions/enterprise,LinkedIn,Desktop,12,448,0,2026-08-22 13:38:00
sess_004070,2291,/solutions/enterprise,Direct,Desktop,8,40,0,2026-09-03 14:46:00
sess_004071,1913,/docs/api,Organic Search,Tablet,4,556,0,2026-09-14 20:39:00
sess_004072,2985,/signup,Organic Search,Mobile,1,50,0,2026-08-25 15:10:00
sess_004073,1407,/docs/api,Organic Search,Desktop,1,60,0,2026-08-31 23:26:00
sess_004074,1230,/product/analytics,LinkedIn,Mobile,2,441,0,2026-08-28 11:31:00
sess_004075,1086,/product/analytics,Organic Search,Tablet,1,166,1,2026-08-24 16:56:00
sess_004076,1508,/product/analytics,Direct,Mobile,5,10,0,2026-09-14 23:19:00
sess_004077,1788,/home,Organic Search,Desktop,1,297,0,2026-09-01 23:09:00
sess_004078,3074,/docs/api,Direct,Desktop,1,189,0,2026-08-03 11:53:00
sess_004079,2213,/docs/api,Direct,Mobile,2,249,0,2026-08-29 03:59:00
sess_004080,2343,/signup,Referral,Mobile,2,36,0,2026-09-05 17:21:00
sess_004081,1666,/signup,Google Ads,Desktop,1,376,0,2026-08-14 02:36:00
sess_004082,1122,/docs/api,GitHub,Desktop,11,279,0,2026-08-11 06:52:00
sess_004083,1447,/product/analytics,Direct,Mobile,10,573,0,2026-09-12 14:38:00
sess_004084,1061,/home,LinkedIn,Mobile,3,99,0,2026-08-11 05:09:00
sess_004085,3478,/pricing,GitHub,Desktop,1,136,0,2026-08-27 16:48:00
sess_004086,3273,/pricing,Organic Search,Tablet,4,222,0,2026-08-02 10:56:00
sess_004087,1296,/product/analytics,GitHub,Desktop,11,24,0,2026-08-18 18:33:00
sess_004088,1217,/product/analytics,Organic Search,Desktop,18,47,0,2026-08-06 04:59:00
sess_004089,1078,/signup,LinkedIn,Desktop,3,66,0,2026-08-02 02:08:00
sess_004090,1535,/docs/api,Google Ads,Desktop,1,527,1,2026-09-02 09:58:00
sess_004091,1402,/solutions/enterprise,Organic Search,Desktop,5,5,0,2026-08-12 23:09:00
sess_004092,2734,/product/analytics,Referral,Desktop,3,924,0,2026-09-14 23:50:00
sess_004093,2519,/product/analytics,GitHub,Mobile,2,95,0,2026-09-14 01:52:00
sess_004094,2507,/pricing,LinkedIn,Desktop,1,193,0,2026-08-26 17:24:00
sess_004095,3343,/signup,Organic Search,Desktop,1,100,0,2026-08-21 02:44:00
sess_004096,1093,/product/analytics,Direct,Desktop,3,280,1,2026-08-27 03:33:00
sess_004097,1191,/solutions/enterprise,Organic Search,Tablet,1,546,0,2026-08-13 05:48:00
sess_004098,3408,/docs/api,GitHub,Desktop,2,111,0,2026-09-13 17:07:00
sess_004099,2213,/solutions/enterprise,Direct,Desktop,4,40,0,2026-08-27 01:05:00
sess_004100,3473,/home,LinkedIn,Desktop,13,50,0,2026-08-01 15:15:00
sess_004101,3490,/product/analytics,LinkedIn,Mobile,1,60,0,2026-08-17 08:36:00
sess_004102,1301,/product/analytics,Organic Search,Desktop,5,50,0,2026-08-12 16:58:00
sess_004103,3167,/solutions/enterprise,Direct,Desktop,1,7,0,2026-09-12 11:46:00
sess_004104,1787,/signup,Direct,Desktop,9,361,0,2026-08-17 22:41:00
sess_004105,2661,/home,Direct,Desktop,5,210,0,2026-08-10 17:48:00
sess_004106,3460,/docs/api,Google Ads,Mobile,2,135,0,2026-08-04 21:09:00
sess_004107,3025,/solutions/enterprise,Organic Search,Desktop,3,33,0,2026-08-16 01:48:00
sess_004108,2146,/signup,Direct,Desktop,4,12,0,2026-08-27 20:27:00
sess_004109,3101,/pricing,Organic Search,Desktop,3,92,0,2026-09-07 23:27:00
sess_004110,2972,/home,Organic Search,Tablet,11,5,0,2026-08-29 18:01:00
sess_004111,2241,/docs/api,LinkedIn,Desktop,19,15,0,2026-08-12 08:35:00
sess_004112,3386,/home,Organic Search,Tablet,1,18,1,2026-08-06 15:34:00
sess_004113,3183,/pricing,Organic Search,Mobile,4,309,0,2026-09-13 01:41:00
sess_004114,1485,/home,GitHub,Desktop,4,238,0,2026-08-23 01:43:00
sess_004115,3067,/solutions/enterprise,LinkedIn,Mobile,5,71,0,2026-08-14 01:08:00
sess_004116,2999,/solutions/enterprise,Organic Search,Mobile,7,70,0,2026-08-21 17:09:00
sess_004117,2088,/home,Referral,Desktop,3,80,0,2026-09-12 08:30:00
sess_004118,2442,/product/analytics,GitHub,Mobile,1,155,0,2026-09-12 14:16:00
sess_004119,2985,/home,Organic Search,Desktop,4,359,0,2026-09-13 10:34:00
sess_004120,1539,/solutions/enterprise,GitHub,Mobile,2,121,1,2026-08-29 13:56:00
sess_004121,1939,/docs/api,Direct,Desktop,2,33,0,2026-09-02 04:08:00
sess_004122,1015,/home,GitHub,Desktop,3,36,1,2026-08-14 00:50:00
sess_004123,3032,/pricing,Referral,Mobile,1,15,0,2026-08-09 11:52:00
sess_004124,1319,/pricing,LinkedIn,Mobile,4,247,0,2026-08-04 18:25:00
sess_004125,3468,/docs/api,Organic Search,Desktop,6,96,0,2026-09-09 09:43:00
sess_004126,2147,/docs/api,GitHub,Desktop,12,455,0,2026-08-10 14:24:00
sess_004127,2825,/docs/api,Direct,Desktop,1,71,0,2026-08-22 19:25:00
sess_004128,1652,/docs/api,Organic Search,Desktop,2,293,0,2026-08-28 14:32:00
sess_004129,3406,/home,Direct,Mobile,4,128,0,2026-09-13 07:34:00
sess_004130,2748,/docs/api,Direct,Desktop,3,344,0,2026-08-01 19:21:00
sess_004131,2872,/docs/api,GitHub,Mobile,1,153,0,2026-08-09 23:12:00
sess_004132,1550,/product/analytics,Google Ads,Desktop,2,43,0,2026-08-10 18:18:00
sess_004133,1436,/pricing,Organic Search,Desktop,5,295,0,2026-09-02 22:08:00
sess_004134,1785,/home,Organic Search,Mobile,2,6,0,2026-08-17 08:45:00
sess_004135,2576,/solutions/enterprise,Organic Search,Mobile,4,131,0,2026-08-13 19:57:00
sess_004136,2512,/signup,LinkedIn,Desktop,3,44,0,2026-08-16 07:35:00
sess_004137,1106,/signup,Google Ads,Mobile,9,79,0,2026-08-31 13:12:00
sess_004138,2763,/product/analytics,Direct,Mobile,6,99,1,2026-08-25 06:09:00
sess_004139,1502,/product/analytics,Direct,Desktop,2,152,0,2026-09-04 22:42:00
sess_004140,2051,/solutions/enterprise,Organic Search,Desktop,2,83,0,2026-08-02 14:09:00
sess_004141,1944,/product/analytics,Direct,Mobile,2,191,0,2026-08-10 14:40:00
sess_004142,3244,/home,Organic Search,Mobile,1,42,0,2026-09-13 12:33:00
sess_004143,1323,/pricing,Organic Search,Mobile,3,285,0,2026-09-11 21:33:00
sess_004144,2952,/docs/api,Direct,Mobile,1,170,0,2026-08-21 01:43:00
sess_004145,1568,/product/analytics,Organic Search,Desktop,1,83,0,2026-08-01 23:13:00
sess_004146,3370,/signup,Referral,Desktop,1,141,0,2026-08-28 08:08:00
sess_004147,1282,/home,GitHub,Desktop,1,98,0,2026-08-12 12:16:00
sess_004148,3389,/product/analytics,Google Ads,Desktop,2,379,0,2026-08-06 17:41:00
sess_004149,1417,/home,Direct,Mobile,1,147,0,2026-08-31 18:45:00
sess_004150,1760,/product/analytics,Google Ads,Desktop,4,284,0,2026-08-14 09:41:00
sess_004151,1192,/home,Referral,Desktop,6,290,0,2026-08-31 11:18:00
sess_004152,2011,/docs/api,Organic Search,Desktop,2,243,0,2026-08-14 10:04:00
sess_004153,3339,/home,Direct,Tablet,6,255,0,2026-08-19 14:08:00
sess_004154,1520,/solutions/enterprise,LinkedIn,Desktop,1,50,0,2026-08-09 22:32:00
sess_004155,3411,/product/analytics,LinkedIn,Desktop,1,373,0,2026-08-15 07:24:00
sess_004156,2778,/docs/api,Google Ads,Desktop,5,226,0,2026-08-23 14:02:00
sess_004157,1536,/signup,Organic Search,Desktop,11,14,0,2026-08-12 05:40:00
sess_004158,3125,/product/analytics,Organic Search,Tablet,2,192,0,2026-09-14 08:23:00
sess_004159,2014,/home,Direct,Desktop,4,123,0,2026-08-14 14:41:00
sess_004160,1465,/product/analytics,Organic Search,Desktop,3,32,0,2026-08-22 05:32:00
sess_004161,1240,/signup,Organic Search,Desktop,4,120,0,2026-09-12 02:53:00
sess_004162,1282,/pricing,Organic Search,Desktop,3,464,0,2026-08-04 08:36:00
sess_004163,1715,/signup,Organic Search,Desktop,1,380,0,2026-09-04 22:30:00
sess_004164,2719,/home,Organic Search,Desktop,1,21,0,2026-08-19 01:38:00
sess_004165,3094,/signup,Google Ads,Desktop,1,109,0,2026-08-21 00:43:00
sess_004166,1688,/signup,Direct,Desktop,1,133,1,2026-09-11 19:50:00
sess_004167,2677,/home,LinkedIn,Desktop,1,216,0,2026-09-12 20:54:00
sess_004168,3121,/product/analytics,Organic Search,Desktop,1,266,0,2026-08-18 10:18:00
sess_004169,2619,/docs/api,Organic Search,Desktop,1,322,0,2026-09-09 04:44:00
sess_004170,1789,/solutions/enterprise,Organic Search,Desktop,1,168,0,2026-08-02 14:33:00
sess_004171,1698,/docs/api,Referral,Mobile,3,390,0,2026-09-12 01:03:00
sess_004172,2839,/solutions/enterprise,Organic Search,Desktop,1,151,1,2026-08-14 18:09:00
sess_004173,3405,/signup,Organic Search,Desktop,16,9,0,2026-08-17 22:47:00
sess_004174,2476,/pricing,LinkedIn,Desktop,2,115,1,2026-09-06 07:39:00
sess_004175,3077,/solutions/enterprise,Organic Search,Mobile,7,36,0,2026-09-08 16:08:00
sess_004176,1198,/docs/api,GitHub,Desktop,2,158,0,2026-09-09 01:57:00
sess_004177,3310,/solutions/enterprise,Google Ads,Desktop,1,210,0,2026-08-31 02:45:00
sess_004178,3412,/solutions/enterprise,Google Ads,Desktop,6,210,0,2026-08-02 03:25:00
sess_004179,3052,/pricing,LinkedIn,Mobile,1,126,0,2026-08-19 23:59:00
sess_004180,1595,/solutions/enterprise,Organic Search,Desktop,1,232,0,2026-08-16 15:35:00
sess_004181,2905,/product/analytics,Organic Search,Mobile,1,26,0,2026-09-04 14:39:00
sess_004182,3495,/signup,Organic Search,Desktop,3,536,0,2026-09-12 16:20:00
sess_004183,3070,/pricing,Google Ads,Desktop,2,338,0,2026-08-29 14:07:00
sess_004184,2671,/pricing,LinkedIn,Mobile,1,352,0,2026-08-28 02:08:00
sess_004185,2454,/product/analytics,Referral,Desktop,3,11,0,2026-09-13 06:16:00
sess_004186,1168,/pricing,LinkedIn,Desktop,9,51,0,2026-08-10 01:22:00
sess_004187,1943,/pricing,Organic Search,Mobile,4,23,0,2026-08-17 01:42:00
sess_004188,2409,/docs/api,Organic Search,Desktop,1,365,0,2026-08-23 22:29:00
sess_004189,2342,/signup,Direct,Desktop,2,254,0,2026-08-25 22:18:00
sess_004190,1722,/docs/api,Organic Search,Mobile,4,23,0,2026-08-22 16:54:00
sess_004191,2952,/signup,LinkedIn,Desktop,1,97,0,2026-09-09 08:08:00
sess_004192,1374,/signup,Organic Search,Desktop,3,134,0,2026-08-01 10:11:00
sess_004193,2304,/signup,Google Ads,Tablet,3,231,0,2026-09-12 06:34:00
sess_004194,1997,/home,LinkedIn,Desktop,1,67,0,2026-08-19 22:13:00
sess_004195,2261,/home,LinkedIn,Tablet,3,66,0,2026-09-01 05:22:00
sess_004196,1615,/pricing,Referral,Desktop,7,141,0,2026-08-19 18:19:00
sess_004197,2873,/pricing,LinkedIn,Tablet,3,139,0,2026-09-10 08:02:00
sess_004198,1508,/signup,Google Ads,Desktop,7,26,0,2026-09-12 15:02:00
sess_004199,2564,/product/analytics,Organic Search,Desktop,3,229,0,2026-08-01 03:04:00
sess_004200,1236,/signup,GitHub,Mobile,4,40,0,2026-08-12 20:12:00
sess_004201,1680,/product/analytics,Organic Search,Desktop,7,346,0,2026-08-31 08:52:00
sess_004202,1366,/pricing,Direct,Desktop,2,272,0,2026-08-05 11:46:00
sess_004203,3390,/solutions/enterprise,Referral,Desktop,1,717,0,2026-08-20 14:20:00
sess_004204,2026,/docs/api,Organic Search,Tablet,1,38,0,2026-09-07 12:12:00
sess_004205,3237,/solutions/enterprise,Organic Search,Desktop,9,525,0,2026-09-10 22:20:00
sess_004206,3360,/signup,Organic Search,Desktop,3,242,0,2026-08-16 04:37:00
sess_004207,3067,/signup,Organic Search,Mobile,4,388,0,2026-08-12 12:39:00
sess_004208,1983,/docs/api,LinkedIn,Desktop,3,11,0,2026-08-11 16:29:00
sess_004209,3256,/signup,Organic Search,Desktop,3,74,0,2026-08-07 13:50:00
sess_004210,1108,/pricing,Organic Search,Desktop,3,10,0,2026-08-11 20:42:00
sess_004211,3464,/docs/api,GitHub,Desktop,2,41,0,2026-08-20 12:44:00
sess_004212,1126,/home,Organic Search,Desktop,7,393,0,2026-09-13 15:23:00
sess_004213,2989,/signup,Organic Search,Tablet,1,100,0,2026-08-04 05:17:00
sess_004214,3117,/pricing,Organic Search,Desktop,4,205,0,2026-08-04 10:43:00
sess_004215,1943,/pricing,Organic Search,Tablet,4,124,0,2026-08-16 01:26:00
sess_004216,3093,/pricing,Organic Search,Desktop,1,120,0,2026-09-06 08:54:00
sess_004217,2670,/signup,Google Ads,Desktop,1,193,0,2026-08-16 03:16:00
sess_004218,2049,/product/analytics,Organic Search,Desktop,5,107,0,2026-08-11 14:17:00
sess_004219,1824,/signup,Organic Search,Mobile,1,8,0,2026-09-10 08:17:00
sess_004220,3242,/pricing,LinkedIn,Desktop,3,295,0,2026-08-27 05:55:00
sess_004221,1123,/pricing,Organic Search,Desktop,1,62,0,2026-08-31 00:27:00
sess_004222,1579,/signup,Direct,Desktop,1,205,0,2026-08-12 01:34:00
sess_004223,2964,/pricing,Organic Search,Tablet,7,198,0,2026-08-07 08:04:00
sess_004224,3165,/signup,Direct,Desktop,2,33,0,2026-08-02 17:22:00
sess_004225,1319,/signup,Organic Search,Desktop,5,37,0,2026-08-07 06:27:00
sess_004226,2748,/solutions/enterprise,LinkedIn,Desktop,2,111,0,2026-09-14 07:56:00
sess_004227,2845,/docs/api,Direct,Desktop,2,80,0,2026-08-31 22:03:00
sess_004228,1733,/home,LinkedIn,Desktop,3,62,0,2026-08-05 01:17:00
sess_004229,2222,/pricing,GitHub,Mobile,3,71,0,2026-08-12 15:07:00
sess_004230,2420,/docs/api,Google Ads,Desktop,12,57,0,2026-08-03 14:54:00
sess_004231,2201,/home,GitHub,Desktop,2,26,0,2026-08-26 22:36:00
sess_004232,3182,/docs/api,Organic Search,Mobile,3,21,0,2026-08-18 23:32:00
sess_004233,2707,/pricing,Referral,Desktop,4,386,0,2026-09-01 00:00:00
sess_004234,2471,/docs/api,Organic Search,Mobile,3,308,0,2026-08-01 10:26:00
sess_004235,2101,/docs/api,Organic Search,Desktop,2,127,0,2026-08-31 22:22:00
sess_004236,1032,/docs/api,Direct,Tablet,5,74,0,2026-09-10 04:46:00
sess_004237,3365,/pricing,Google Ads,Mobile,5,213,0,2026-08-27 19:25:00
sess_004238,2140,/product/analytics,Referral,Desktop,9,25,0,2026-08-13 04:40:00
sess_004239,2565,/product/analytics,Direct,Desktop,11,24,0,2026-08-12 16:40:00
sess_004240,3171,/docs/api,Organic Search,Desktop,1,32,0,2026-08-18 21:12:00
sess_004241,1547,/signup,Organic Search,Desktop,3,217,0,2026-09-10 01:44:00
sess_004242,1373,/signup,Direct,Desktop,6,315,0,2026-09-07 10:53:00
sess_004243,1714,/pricing,Direct,Desktop,10,143,0,2026-08-31 13:12:00
sess_004244,1611,/signup,Organic Search,Mobile,1,38,0,2026-08-18 06:21:00
sess_004245,3191,/docs/api,Google Ads,Desktop,9,78,0,2026-09-04 09:55:00
sess_004246,1592,/product/analytics,Organic Search,Desktop,1,316,0,2026-08-31 01:26:00
sess_004247,3066,/solutions/enterprise,Direct,Desktop,3,134,0,2026-08-09 14:54:00
sess_004248,3210,/signup,Direct,Desktop,3,112,0,2026-08-01 06:24:00
sess_004249,2317,/solutions/enterprise,GitHub,Desktop,6,198,0,2026-08-25 06:38:00
sess_004250,2209,/signup,LinkedIn,Desktop,5,83,0,2026-08-20 05:08:00
sess_004251,3110,/docs/api,Organic Search,Mobile,8,5,0,2026-09-14 06:53:00
sess_004252,1175,/product/analytics,LinkedIn,Desktop,5,513,0,2026-08-01 04:14:00
sess_004253,1321,/signup,Organic Search,Mobile,2,228,0,2026-08-22 16:42:00
sess_004254,2894,/solutions/enterprise,Organic Search,Desktop,1,575,0,2026-08-06 18:25:00
sess_004255,3238,/solutions/enterprise,Direct,Mobile,1,346,0,2026-09-03 13:45:00
sess_004256,2984,/docs/api,Google Ads,Desktop,1,89,0,2026-08-06 15:15:00
sess_004257,1833,/docs/api,GitHub,Mobile,8,90,1,2026-08-29 09:01:00
sess_004258,2140,/product/analytics,Direct,Mobile,2,33,0,2026-08-17 02:16:00
sess_004259,2904,/signup,LinkedIn,Desktop,10,301,0,2026-08-05 16:04:00
sess_004260,3355,/home,LinkedIn,Mobile,5,179,1,2026-08-12 01:18:00
sess_004261,1334,/signup,Google Ads,Desktop,9,58,0,2026-08-13 06:06:00
sess_004262,1373,/solutions/enterprise,Organic Search,Mobile,6,584,0,2026-08-05 00:33:00
sess_004263,3042,/home,Direct,Desktop,3,267,0,2026-08-26 23:28:00
sess_004264,3368,/solutions/enterprise,Organic Search,Desktop,1,390,0,2026-09-05 04:17:00
sess_004265,1427,/solutions/enterprise,Organic Search,Mobile,1,39,0,2026-08-03 18:01:00
sess_004266,1119,/solutions/enterprise,Google Ads,Desktop,2,166,0,2026-09-07 00:32:00
sess_004267,1986,/docs/api,Organic Search,Mobile,1,850,0,2026-08-07 12:34:00
sess_004268,2104,/home,Organic Search,Mobile,4,82,0,2026-08-21 05:34:00
sess_004269,3343,/pricing,Google Ads,Tablet,3,97,0,2026-08-14 02:06:00
sess_004270,1570,/docs/api,LinkedIn,Tablet,1,143,0,2026-08-05 12:42:00
sess_004271,2365,/solutions/enterprise,Direct,Desktop,5,13,0,2026-09-01 12:07:00
sess_004272,1247,/home,Organic Search,Mobile,5,51,0,2026-08-23 04:27:00
sess_004273,2388,/home,Direct,Desktop,1,75,0,2026-08-17 16:06:00
sess_004274,1090,/product/analytics,Organic Search,Desktop,1,6,0,2026-08-17 09:16:00
sess_004275,2807,/docs/api,LinkedIn,Desktop,1,73,0,2026-08-29 19:44:00
sess_004276,1046,/pricing,Organic Search,Desktop,3,146,0,2026-09-06 08:09:00
sess_004277,2229,/product/analytics,Direct,Desktop,9,8,0,2026-08-15 21:51:00
sess_004278,1323,/home,Organic Search,Desktop,4,141,0,2026-08-19 04:02:00
sess_004279,1883,/product/analytics,LinkedIn,Desktop,4,294,0,2026-09-13 17:26:00
sess_004280,2879,/solutions/enterprise,GitHub,Mobile,1,33,0,2026-08-03 13:56:00
sess_004281,1588,/docs/api,Direct,Desktop,3,590,0,2026-09-10 17:41:00
sess_004282,2127,/pricing,Organic Search,Mobile,1,101,1,2026-08-13 12:52:00
sess_004283,2657,/signup,GitHub,Desktop,4,108,1,2026-08-18 02:31:00
sess_004284,1484,/pricing,Direct,Desktop,1,135,0,2026-08-04 10:24:00
sess_004285,1199,/home,Organic Search,Desktop,1,94,0,2026-09-10 11:50:00
sess_004286,2318,/product/analytics,Organic Search,Mobile,3,195,0,2026-08-11 08:56:00
sess_004287,3313,/pricing,Organic Search,Mobile,1,40,0,2026-08-19 10:00:00
sess_004288,1750,/pricing,Organic Search,Desktop,3,460,0,2026-09-05 20:50:00
sess_004289,3180,/solutions/enterprise,Organic Search,Desktop,4,369,0,2026-09-05 01:23:00
sess_004290,3309,/solutions/enterprise,GitHub,Mobile,5,191,0,2026-08-31 18:43:00
sess_004291,1827,/home,Organic Search,Desktop,12,285,0,2026-08-19 00:55:00
sess_004292,1869,/signup,Direct,Desktop,3,226,0,2026-08-14 20:11:00
sess_004293,1100,/product/analytics,LinkedIn,Desktop,2,120,0,2026-08-31 07:50:00
sess_004294,1950,/solutions/enterprise,LinkedIn,Desktop,1,35,0,2026-08-21 12:55:00
sess_004295,1633,/product/analytics,Referral,Desktop,4,75,0,2026-09-14 17:34:00
sess_004296,2490,/signup,Referral,Mobile,2,393,0,2026-08-03 17:02:00
sess_004297,2513,/home,Direct,Mobile,2,202,0,2026-08-28 09:24:00
sess_004298,3474,/docs/api,Google Ads,Desktop,2,365,0,2026-09-01 02:20:00
sess_004299,1721,/home,Direct,Desktop,2,383,0,2026-08-07 19:46:00
sess_004300,1254,/docs/api,Direct,Mobile,11,139,0,2026-08-10 05:28:00
sess_004301,2380,/solutions/enterprise,Organic Search,Mobile,1,108,0,2026-08-14 09:44:00
sess_004302,2211,/pricing,LinkedIn,Mobile,2,105,0,2026-08-03 13:29:00
sess_004303,1437,/home,Organic Search,Desktop,2,110,0,2026-08-06 05:45:00
sess_004304,2694,/product/analytics,Organic Search,Mobile,1,531,0,2026-09-02 13:37:00
sess_004305,1724,/product/analytics,Organic Search,Mobile,1,34,0,2026-09-06 14:47:00
sess_004306,1956,/signup,LinkedIn,Mobile,2,34,0,2026-08-20 03:08:00
sess_004307,1591,/docs/api,Organic Search,Tablet,3,93,1,2026-09-03 23:55:00
sess_004308,3120,/product/analytics,Google Ads,Desktop,3,296,0,2026-09-04 02:10:00
sess_004309,3162,/solutions/enterprise,GitHub,Desktop,5,349,0,2026-08-15 10:19:00
sess_004310,2126,/docs/api,Organic Search,Desktop,1,319,0,2026-08-23 21:44:00
sess_004311,2558,/pricing,Google Ads,Mobile,2,162,0,2026-08-02 22:57:00
sess_004312,1819,/home,Direct,Desktop,2,355,0,2026-08-01 01:47:00
sess_004313,1258,/docs/api,Google Ads,Mobile,4,43,0,2026-08-31 02:48:00
sess_004314,1147,/signup,Organic Search,Desktop,1,169,0,2026-08-16 21:21:00
sess_004315,3077,/signup,GitHub,Mobile,1,76,1,2026-08-18 21:02:00
sess_004316,3463,/solutions/enterprise,Referral,Desktop,1,62,0,2026-08-27 02:46:00
sess_004317,3462,/docs/api,Direct,Mobile,3,23,0,2026-08-16 13:58:00
sess_004318,1911,/solutions/enterprise,Organic Search,Desktop,4,86,0,2026-08-13 09:11:00
sess_004319,1277,/signup,LinkedIn,Tablet,4,11,0,2026-08-24 14:06:00
sess_004320,2703,/docs/api,Direct,Mobile,4,83,0,2026-08-30 07:07:00
sess_004321,1923,/docs/api,Referral,Mobile,1,120,0,2026-09-07 07:47:00
sess_004322,2486,/pricing,Google Ads,Desktop,3,84,0,2026-09-10 00:51:00
sess_004323,2108,/docs/api,Google Ads,Mobile,1,270,0,2026-08-09 09:59:00
sess_004324,1903,/solutions/enterprise,LinkedIn,Desktop,10,64,0,2026-08-13 12:53:00
sess_004325,3112,/docs/api,Direct,Desktop,1,19,0,2026-09-02 11:49:00
sess_004326,3205,/product/analytics,GitHub,Mobile,6,44,0,2026-09-10 15:43:00
sess_004327,2977,/pricing,Direct,Desktop,1,313,0,2026-08-03 14:49:00
sess_004328,2281,/solutions/enterprise,Direct,Desktop,3,186,0,2026-08-30 22:28:00
sess_004329,2456,/home,Organic Search,Desktop,6,159,0,2026-08-06 03:05:00
sess_004330,2476,/signup,Organic Search,Desktop,3,144,0,2026-09-10 23:30:00
sess_004331,1779,/docs/api,Organic Search,Desktop,2,253,1,2026-08-02 15:59:00
sess_004332,3308,/solutions/enterprise,LinkedIn,Desktop,1,44,0,2026-08-11 01:49:00
sess_004333,2761,/product/analytics,LinkedIn,Desktop,4,47,0,2026-08-13 21:37:00
sess_004334,1203,/docs/api,Direct,Desktop,3,30,0,2026-09-12 01:59:00
sess_004335,2474,/product/analytics,Referral,Desktop,2,79,0,2026-08-02 07:23:00
sess_004336,3361,/docs/api,LinkedIn,Desktop,1,62,0,2026-08-27 14:24:00
sess_004337,3028,/docs/api,Organic Search,Desktop,1,449,0,2026-08-06 18:56:00
sess_004338,2880,/signup,Direct,Desktop,10,7,0,2026-08-20 18:07:00
sess_004339,3288,/signup,Direct,Desktop,10,120,0,2026-08-18 02:51:00
sess_004340,1506,/home,Direct,Desktop,8,241,0,2026-09-01 21:24:00
sess_004341,3051,/home,Organic Search,Desktop,3,431,0,2026-08-02 22:12:00
sess_004342,3486,/product/analytics,Organic Search,Tablet,13,613,0,2026-08-06 22:57:00
sess_004343,2673,/pricing,Organic Search,Desktop,1,17,0,2026-09-13 11:37:00
sess_004344,3424,/signup,Referral,Desktop,2,44,0,2026-08-02 12:54:00
sess_004345,2067,/docs/api,Direct,Desktop,1,1252,0,2026-08-12 16:30:00
sess_004346,2744,/home,Direct,Desktop,2,72,0,2026-08-04 02:56:00
sess_004347,1960,/pricing,LinkedIn,Desktop,1,15,0,2026-09-08 11:31:00
sess_004348,1061,/product/analytics,Organic Search,Mobile,1,493,0,2026-08-07 11:15:00
sess_004349,3021,/signup,LinkedIn,Desktop,1,97,0,2026-08-02 10:41:00
sess_004350,1349,/solutions/enterprise,LinkedIn,Desktop,2,66,0,2026-08-23 09:54:00
sess_004351,1004,/signup,Organic Search,Mobile,7,34,0,2026-08-20 18:37:00
sess_004352,3091,/signup,Organic Search,Mobile,2,104,0,2026-08-25 11:11:00
sess_004353,3442,/home,Direct,Mobile,3,87,0,2026-08-05 20:01:00
sess_004354,2524,/docs/api,Google Ads,Desktop,5,469,1,2026-08-24 04:05:00
sess_004355,2096,/home,LinkedIn,Mobile,3,47,0,2026-08-10 14:09:00
sess_004356,1174,/docs/api,GitHub,Mobile,3,21,0,2026-08-21 11:24:00
sess_004357,1013,/signup,Google Ads,Desktop,3,63,0,2026-09-08 21:58:00
sess_004358,2042,/signup,Direct,Desktop,1,147,0,2026-09-14 00:53:00
sess_004359,2548,/home,LinkedIn,Mobile,3,76,0,2026-08-29 16:57:00
sess_004360,1577,/product/analytics,GitHub,Desktop,4,72,0,2026-08-11 00:17:00
sess_004361,3239,/product/analytics,LinkedIn,Desktop,1,96,0,2026-08-24 08:50:00
sess_004362,2690,/product/analytics,Direct,Desktop,1,375,0,2026-08-30 17:59:00
sess_004363,1326,/product/analytics,Direct,Desktop,3,200,0,2026-09-06 02:08:00
sess_004364,1606,/product/analytics,Direct,Desktop,6,139,0,2026-08-14 20:24:00
sess_004365,3418,/docs/api,Direct,Desktop,3,97,0,2026-08-03 08:33:00
sess_004366,1668,/docs/api,Direct,Mobile,2,18,1,2026-08-17 11:19:00
sess_004367,2851,/solutions/enterprise,Organic Search,Desktop,8,393,0,2026-08-19 14:15:00
sess_004368,1938,/signup,Direct,Mobile,1,29,1,2026-09-11 18:15:00
sess_004369,3052,/product/analytics,Google Ads,Desktop,1,42,0,2026-08-06 08:51:00
sess_004370,1488,/pricing,Direct,Mobile,4,112,0,2026-08-06 16:33:00
sess_004371,2056,/docs/api,Organic Search,Desktop,1,32,0,2026-09-11 00:28:00
sess_004372,2030,/docs/api,Google Ads,Desktop,1,188,0,2026-08-25 02:34:00
sess_004373,2801,/solutions/enterprise,Google Ads,Desktop,6,127,1,2026-08-16 10:09:00
sess_004374,2272,/docs/api,LinkedIn,Desktop,1,128,0,2026-08-26 03:02:00
sess_004375,3003,/home,LinkedIn,Desktop,3,619,0,2026-09-04 01:36:00
sess_004376,2096,/signup,Google Ads,Desktop,2,206,1,2026-09-02 15:29:00
sess_004377,3029,/docs/api,Google Ads,Desktop,1,242,0,2026-08-01 15:57:00
sess_004378,3102,/home,GitHub,Desktop,2,174,0,2026-08-10 18:42:00
sess_004379,3432,/solutions/enterprise,LinkedIn,Desktop,2,59,0,2026-08-22 17:26:00
sess_004380,3314,/home,Direct,Mobile,3,16,0,2026-08-10 02:02:00
sess_004381,2424,/signup,Organic Search,Desktop,1,153,1,2026-08-26 00:43:00
sess_004382,2848,/pricing,LinkedIn,Mobile,1,111,0,2026-08-20 04:55:00
sess_004383,3299,/docs/api,Organic Search,Mobile,3,28,0,2026-08-26 10:27:00
sess_004384,3248,/pricing,Google Ads,Desktop,1,358,0,2026-09-11 00:19:00
sess_004385,1564,/product/analytics,Direct,Desktop,1,128,0,2026-09-10 21:13:00
sess_004386,1090,/solutions/enterprise,GitHub,Mobile,12,113,0,2026-08-07 14:08:00
sess_004387,1772,/solutions/enterprise,Direct,Desktop,1,102,0,2026-08-03 13:32:00
sess_004388,1357,/docs/api,Direct,Desktop,3,245,0,2026-08-25 09:04:00
sess_004389,3311,/signup,Direct,Desktop,1,14,0,2026-09-07 04:38:00
sess_004390,2977,/docs/api,Organic Search,Desktop,5,48,0,2026-08-25 07:38:00
sess_004391,1908,/solutions/enterprise,Organic Search,Mobile,3,423,0,2026-08-31 02:16:00
sess_004392,2026,/docs/api,Direct,Desktop,2,12,0,2026-08-13 20:49:00
sess_004393,2050,/home,GitHub,Mobile,2,174,0,2026-09-04 09:15:00
sess_004394,1049,/signup,Direct,Mobile,4,54,0,2026-08-05 06:16:00
sess_004395,2892,/signup,Google Ads,Mobile,6,144,0,2026-08-13 10:18:00
sess_004396,1309,/home,Referral,Mobile,1,141,0,2026-08-23 17:10:00
sess_004397,1892,/signup,Organic Search,Desktop,1,197,0,2026-08-22 06:07:00
sess_004398,1567,/home,LinkedIn,Desktop,1,38,0,2026-08-16 12:42:00
sess_004399,3195,/solutions/enterprise,Direct,Mobile,4,189,0,2026-08-15 23:42:00
sess_004400,2932,/solutions/enterprise,Organic Search,Tablet,1,278,0,2026-08-29 15:59:00
sess_004401,1627,/signup,Organic Search,Desktop,2,39,0,2026-09-06 07:51:00
sess_004402,2657,/pricing,Organic Search,Mobile,2,285,0,2026-09-01 12:52:00
sess_004403,2585,/product/analytics,LinkedIn,Desktop,2,28,0,2026-08-09 01:52:00
sess_004404,1105,/docs/api,Direct,Desktop,2,59,0,2026-08-29 13:27:00
sess_004405,2363,/solutions/enterprise,Organic Search,Mobile,5,85,0,2026-08-02 13:13:00
sess_004406,3330,/pricing,GitHub,Desktop,1,72,0,2026-08-07 02:26:00
sess_004407,3065,/product/analytics,Organic Search,Mobile,2,243,1,2026-08-01 16:52:00
sess_004408,3489,/home,LinkedIn,Desktop,3,61,0,2026-09-09 03:02:00
sess_004409,3079,/docs/api,Referral,Mobile,6,255,1,2026-08-15 15:34:00
sess_004410,2542,/solutions/enterprise,LinkedIn,Desktop,1,15,0,2026-09-08 15:26:00
sess_004411,2442,/pricing,Direct,Mobile,3,74,0,2026-08-26 03:09:00
sess_004412,3227,/home,Organic Search,Desktop,6,444,0,2026-08-13 10:46:00
sess_004413,1754,/product/analytics,Direct,Desktop,1,92,0,2026-08-31 04:10:00
sess_004414,2246,/signup,Direct,Desktop,4,119,0,2026-08-06 01:16:00
sess_004415,2906,/pricing,Google Ads,Desktop,1,256,0,2026-08-18 15:22:00
sess_004416,1862,/product/analytics,Google Ads,Tablet,1,14,0,2026-08-12 08:49:00
sess_004417,2113,/signup,Organic Search,Desktop,1,222,0,2026-08-03 09:21:00
sess_004418,1197,/solutions/enterprise,Direct,Mobile,2,16,0,2026-08-05 19:14:00
sess_004419,2266,/signup,Google Ads,Desktop,3,149,0,2026-09-03 18:13:00
sess_004420,2434,/pricing,LinkedIn,Desktop,1,175,1,2026-09-07 01:19:00
sess_004421,2211,/docs/api,Direct,Mobile,1,33,0,2026-08-31 01:33:00
sess_004422,1622,/home,GitHub,Desktop,2,347,0,2026-09-03 05:47:00
sess_004423,2943,/pricing,Referral,Desktop,1,156,0,2026-08-19 18:17:00
sess_004424,2623,/solutions/enterprise,Organic Search,Desktop,3,35,0,2026-08-01 18:41:00
sess_004425,1387,/solutions/enterprise,Organic Search,Desktop,4,360,1,2026-08-17 00:12:00
sess_004426,1476,/product/analytics,Google Ads,Desktop,9,318,0,2026-08-03 23:02:00
sess_004427,1136,/product/analytics,Organic Search,Desktop,1,204,0,2026-09-02 09:48:00
sess_004428,2654,/docs/api,Google Ads,Desktop,2,98,0,2026-08-11 06:23:00
sess_004429,1935,/solutions/enterprise,Organic Search,Mobile,1,127,0,2026-08-30 08:24:00
sess_004430,1052,/solutions/enterprise,Organic Search,Tablet,1,223,0,2026-09-08 12:24:00
sess_004431,1970,/solutions/enterprise,Direct,Mobile,3,69,1,2026-08-16 19:13:00
sess_004432,3017,/home,Organic Search,Desktop,1,167,0,2026-08-02 08:39:00
sess_004433,1415,/home,Organic Search,Desktop,1,180,0,2026-08-11 21:17:00
sess_004434,3180,/solutions/enterprise,Direct,Desktop,1,50,1,2026-08-09 13:27:00
sess_004435,2733,/home,Organic Search,Mobile,2,29,0,2026-08-07 00:39:00
sess_004436,3022,/solutions/enterprise,Organic Search,Desktop,1,37,0,2026-09-02 06:57:00
sess_004437,1152,/product/analytics,Organic Search,Desktop,6,8,0,2026-09-08 15:10:00
sess_004438,3413,/product/analytics,Direct,Desktop,3,255,0,2026-09-10 21:22:00
sess_004439,1077,/home,Referral,Desktop,1,303,0,2026-08-12 16:19:00
sess_004440,1623,/product/analytics,Organic Search,Desktop,1,294,0,2026-09-02 21:14:00
sess_004441,3120,/signup,LinkedIn,Desktop,4,483,0,2026-09-12 12:29:00
sess_004442,2563,/product/analytics,Direct,Mobile,1,20,0,2026-08-06 13:41:00
sess_004443,1497,/docs/api,Organic Search,Mobile,2,485,0,2026-09-04 21:53:00
sess_004444,1599,/docs/api,Organic Search,Mobile,1,130,0,2026-09-07 04:52:00
sess_004445,1702,/solutions/enterprise,Organic Search,Mobile,2,94,0,2026-08-29 07:04:00
sess_004446,2992,/pricing,LinkedIn,Desktop,10,32,1,2026-09-10 03:33:00
sess_004447,1035,/pricing,Referral,Mobile,2,123,0,2026-08-15 02:03:00
sess_004448,2254,/docs/api,Direct,Desktop,3,211,0,2026-09-03 21:16:00
sess_004449,1752,/signup,Organic Search,Desktop,2,21,0,2026-08-22 23:03:00
sess_004450,1489,/solutions/enterprise,Organic Search,Mobile,2,690,0,2026-08-12 06:25:00
sess_004451,2847,/docs/api,GitHub,Desktop,3,452,0,2026-09-14 10:43:00
sess_004452,1578,/product/analytics,Organic Search,Desktop,3,397,1,2026-08-02 18:29:00
sess_004453,2318,/solutions/enterprise,LinkedIn,Desktop,3,99,0,2026-08-11 15:47:00
sess_004454,1932,/signup,Organic Search,Desktop,1,353,0,2026-09-03 14:48:00
sess_004455,2699,/solutions/enterprise,Organic Search,Desktop,4,29,0,2026-09-05 00:27:00
sess_004456,1528,/pricing,Organic Search,Mobile,4,439,0,2026-09-08 16:49:00
sess_004457,1565,/pricing,GitHub,Mobile,1,352,0,2026-08-26 01:34:00
sess_004458,3152,/pricing,Google Ads,Mobile,1,164,0,2026-08-10 12:38:00
sess_004459,1152,/home,Organic Search,Desktop,3,200,0,2026-08-04 03:04:00
sess_004460,2428,/product/analytics,Organic Search,Mobile,2,82,0,2026-08-09 10:09:00
sess_004461,3066,/product/analytics,Direct,Desktop,3,540,0,2026-09-09 19:23:00
sess_004462,3460,/product/analytics,Organic Search,Mobile,5,17,0,2026-08-27 12:53:00
sess_004463,3022,/product/analytics,Direct,Desktop,3,403,0,2026-08-18 20:17:00
sess_004464,2867,/signup,Google Ads,Desktop,2,59,0,2026-09-09 05:08:00
sess_004465,3102,/product/analytics,Direct,Mobile,1,299,0,2026-08-08 04:27:00
sess_004466,2202,/signup,GitHub,Mobile,3,14,0,2026-08-18 07:25:00
sess_004467,2881,/product/analytics,Google Ads,Desktop,5,55,0,2026-08-13 21:14:00
sess_004468,1806,/home,Direct,Desktop,1,44,0,2026-08-06 04:39:00
sess_004469,3210,/solutions/enterprise,Google Ads,Mobile,5,694,0,2026-09-04 07:30:00
sess_004470,1324,/pricing,Organic Search,Desktop,2,47,1,2026-09-13 18:54:00
sess_004471,3171,/pricing,Organic Search,Mobile,1,88,0,2026-08-25 11:00:00
sess_004472,2531,/pricing,LinkedIn,Desktop,7,68,0,2026-08-17 12:02:00
sess_004473,1794,/signup,Organic Search,Mobile,4,772,1,2026-08-25 03:30:00
sess_004474,3457,/product/analytics,Organic Search,Desktop,6,177,0,2026-09-04 06:08:00
sess_004475,1666,/pricing,Direct,Mobile,3,85,0,2026-08-30 17:17:00
sess_004476,1780,/signup,Google Ads,Desktop,1,434,0,2026-08-08 09:01:00
sess_004477,1278,/home,Referral,Desktop,3,226,1,2026-09-01 06:25:00
sess_004478,2243,/product/analytics,LinkedIn,Desktop,3,223,0,2026-08-20 19:34:00
sess_004479,1999,/product/analytics,Referral,Desktop,1,124,1,2026-08-09 09:49:00
sess_004480,1494,/home,Google Ads,Desktop,3,128,1,2026-08-13 11:47:00
sess_004481,2734,/solutions/enterprise,Organic Search,Desktop,3,241,0,2026-08-06 21:18:00
sess_004482,1880,/home,Direct,Desktop,1,6,0,2026-09-14 07:09:00
sess_004483,2685,/home,LinkedIn,Desktop,7,108,0,2026-09-08 08:42:00
sess_004484,2780,/home,Organic Search,Mobile,3,720,0,2026-09-13 07:39:00
sess_004485,1968,/solutions/enterprise,Organic Search,Desktop,3,195,0,2026-08-11 21:00:00
sess_004486,1379,/signup,Google Ads,Desktop,1,90,0,2026-08-15 12:58:00
sess_004487,3048,/pricing,Organic Search,Desktop,5,38,0,2026-08-27 06:08:00
sess_004488,2117,/home,GitHub,Mobile,3,84,0,2026-08-04 09:07:00
sess_004489,1066,/product/analytics,Direct,Desktop,1,122,0,2026-09-06 17:00:00
sess_004490,1453,/pricing,Organic Search,Desktop,4,184,0,2026-08-16 10:23:00
sess_004491,1990,/pricing,Organic Search,Desktop,2,739,1,2026-08-05 13:44:00
sess_004492,2028,/signup,LinkedIn,Mobile,2,128,0,2026-08-25 09:27:00
sess_004493,1695,/docs/api,Direct,Mobile,8,86,0,2026-08-19 14:29:00
sess_004494,2354,/home,Organic Search,Desktop,5,57,0,2026-08-25 08:37:00
sess_004495,1061,/pricing,LinkedIn,Desktop,1,266,1,2026-09-04 00:17:00
sess_004496,1938,/product/analytics,Direct,Desktop,4,117,0,2026-09-11 14:12:00
sess_004497,3189,/solutions/enterprise,Google Ads,Mobile,1,237,0,2026-09-13 21:12:00
sess_004498,1368,/solutions/enterprise,Direct,Desktop,1,65,0,2026-08-08 17:59:00
sess_004499,1732,/signup,Referral,Desktop,1,88,0,2026-08-03 01:55:00
sess_004500,1767,/pricing,Direct,Desktop,1,566,0,2026-09-09 16:06:00
sess_004501,1000,/solutions/enterprise,Organic Search,Tablet,3,52,0,2026-09-07 01:18:00
sess_004502,2412,/docs/api,LinkedIn,Mobile,4,74,0,2026-08-30 04:56:00
sess_004503,3239,/solutions/enterprise,LinkedIn,Desktop,1,132,0,2026-09-11 08:36:00
sess_004504,1100,/solutions/enterprise,Organic Search,Desktop,1,139,1,2026-08-02 03:13:00
sess_004505,1379,/solutions/enterprise,LinkedIn,Desktop,1,17,0,2026-08-21 21:53:00
sess_004506,1833,/product/analytics,Organic Search,Desktop,3,645,0,2026-09-14 08:30:00
sess_004507,2527,/docs/api,Referral,Desktop,2,69,0,2026-08-11 16:39:00
sess_004508,3476,/docs/api,Direct,Desktop,1,14,0,2026-08-11 20:07:00
sess_004509,3418,/solutions/enterprise,Organic Search,Desktop,2,57,0,2026-08-21 17:43:00
sess_004510,1955,/pricing,Organic Search,Desktop,1,96,0,2026-08-29 07:00:00
sess_004511,1017,/signup,GitHub,Desktop,3,52,0,2026-08-02 03:41:00
sess_004512,2533,/signup,Google Ads,Desktop,2,35,0,2026-08-13 01:31:00
sess_004513,3080,/product/analytics,Direct,Desktop,2,132,0,2026-08-14 13:05:00
sess_004514,1243,/pricing,Organic Search,Mobile,4,291,0,2026-09-02 08:15:00
sess_004515,2290,/home,Direct,Desktop,2,224,0,2026-08-15 18:18:00
sess_004516,1732,/product/analytics,Google Ads,Desktop,2,104,0,2026-08-06 11:25:00
sess_004517,2565,/signup,LinkedIn,Desktop,3,28,0,2026-09-03 23:54:00
sess_004518,2898,/solutions/enterprise,Google Ads,Desktop,2,562,0,2026-09-01 05:13:00
sess_004519,2844,/product/analytics,Google Ads,Desktop,8,78,0,2026-08-08 18:35:00
sess_004520,1585,/product/analytics,Organic Search,Desktop,1,24,0,2026-08-29 06:19:00
sess_004521,1773,/pricing,Organic Search,Desktop,7,78,0,2026-08-25 17:31:00
sess_004522,1574,/signup,LinkedIn,Desktop,5,219,0,2026-08-20 16:51:00
sess_004523,2152,/home,Organic Search,Desktop,7,57,0,2026-08-17 00:59:00
sess_004524,1817,/product/analytics,Google Ads,Mobile,1,41,0,2026-08-31 09:35:00
sess_004525,2715,/home,Organic Search,Desktop,1,60,0,2026-08-19 17:28:00
sess_004526,1310,/home,Direct,Desktop,6,149,0,2026-09-14 23:37:00
sess_004527,2514,/pricing,Organic Search,Mobile,9,378,0,2026-08-12 18:38:00
sess_004528,2400,/signup,Organic Search,Mobile,4,30,0,2026-09-06 09:32:00
sess_004529,3050,/signup,Organic Search,Desktop,3,32,0,2026-08-04 13:09:00
sess_004530,2961,/pricing,Organic Search,Desktop,5,105,0,2026-08-21 20:26:00
sess_004531,2537,/solutions/enterprise,Organic Search,Desktop,1,29,1,2026-09-01 09:29:00
sess_004532,3491,/solutions/enterprise,Direct,Mobile,6,701,0,2026-08-27 18:30:00
sess_004533,2784,/product/analytics,Organic Search,Mobile,1,384,0,2026-09-08 08:30:00
sess_004534,1657,/solutions/enterprise,Organic Search,Desktop,1,17,0,2026-08-19 05:38:00
sess_004535,1828,/signup,Direct,Mobile,4,432,1,2026-09-09 05:05:00
sess_004536,2538,/pricing,Google Ads,Desktop,4,65,0,2026-08-18 21:37:00
sess_004537,1626,/solutions/enterprise,Google Ads,Desktop,3,75,0,2026-08-23 20:34:00
sess_004538,2013,/solutions/enterprise,GitHub,Desktop,2,79,0,2026-08-30 16:06:00
sess_004539,1780,/solutions/enterprise,Referral,Mobile,1,18,0,2026-09-06 01:43:00
sess_004540,1082,/signup,Organic Search,Desktop,5,276,0,2026-08-06 21:02:00
sess_004541,3289,/home,LinkedIn,Desktop,1,41,0,2026-09-04 03:27:00
sess_004542,1939,/solutions/enterprise,Organic Search,Mobile,4,46,0,2026-08-03 01:23:00
sess_004543,3253,/pricing,GitHub,Mobile,9,268,0,2026-09-06 14:55:00
sess_004544,2048,/home,Organic Search,Mobile,17,16,0,2026-08-03 22:42:00
sess_004545,1160,/solutions/enterprise,Organic Search,Desktop,2,78,0,2026-09-14 18:18:00
sess_004546,3240,/solutions/enterprise,Referral,Desktop,1,153,0,2026-08-28 08:06:00
sess_004547,2856,/pricing,Google Ads,Desktop,1,27,0,2026-08-17 15:14:00
sess_004548,2489,/product/analytics,Organic Search,Mobile,2,104,0,2026-08-23 06:47:00
sess_004549,2586,/pricing,Organic Search,Desktop,5,83,0,2026-08-23 14:22:00
sess_004550,3174,/docs/api,Google Ads,Desktop,1,74,0,2026-08-09 11:31:00
sess_004551,2595,/pricing,Organic Search,Desktop,1,61,0,2026-08-05 00:47:00
sess_004552,1951,/product/analytics,Google Ads,Mobile,3,79,0,2026-08-24 11:19:00
sess_004553,1797,/pricing,GitHub,Mobile,1,94,0,2026-08-09 13:37:00
sess_004554,1545,/home,Organic Search,Desktop,6,29,0,2026-08-19 06:20:00
sess_004555,2546,/home,Organic Search,Desktop,2,46,0,2026-09-03 20:07:00
sess_004556,2522,/pricing,Organic Search,Desktop,2,439,0,2026-08-20 02:47:00
sess_004557,2308,/home,Organic Search,Desktop,1,525,0,2026-09-09 19:56:00
sess_004558,1384,/product/analytics,Direct,Desktop,1,888,0,2026-08-13 05:29:00
sess_004559,2488,/docs/api,LinkedIn,Desktop,5,122,0,2026-08-29 21:38:00
sess_004560,1970,/docs/api,Direct,Desktop,4,31,0,2026-09-01 14:09:00
sess_004561,3460,/product/analytics,Direct,Desktop,1,212,0,2026-08-31 20:38:00
sess_004562,3238,/solutions/enterprise,Organic Search,Mobile,11,502,0,2026-08-30 19:36:00
sess_004563,3029,/solutions/enterprise,Organic Search,Desktop,2,10,0,2026-08-15 02:49:00
sess_004564,1733,/docs/api,Direct,Mobile,3,9,1,2026-08-17 22:56:00
sess_004565,2515,/home,Google Ads,Desktop,4,175,0,2026-08-08 05:17:00
sess_004566,1654,/home,Direct,Desktop,9,12,0,2026-08-04 12:45:00
sess_004567,1606,/solutions/enterprise,GitHub,Mobile,7,94,0,2026-08-08 18:04:00
sess_004568,1059,/docs/api,Organic Search,Mobile,3,90,0,2026-09-03 18:12:00
sess_004569,2294,/pricing,Google Ads,Mobile,1,23,0,2026-08-31 06:20:00
sess_004570,1015,/signup,Organic Search,Desktop,6,251,0,2026-08-14 21:22:00
sess_004571,2312,/pricing,Google Ads,Mobile,5,25,0,2026-09-03 16:40:00
sess_004572,2628,/home,GitHub,Desktop,3,62,0,2026-09-08 08:39:00
sess_004573,2023,/product/analytics,LinkedIn,Desktop,13,238,0,2026-08-13 08:15:00
sess_004574,1479,/signup,Direct,Desktop,3,178,0,2026-08-05 02:32:00
sess_004575,1031,/solutions/enterprise,Direct,Desktop,1,120,0,2026-09-12 22:16:00
sess_004576,3447,/home,Direct,Mobile,1,14,0,2026-08-03 04:57:00
sess_004577,2102,/signup,Direct,Desktop,2,264,0,2026-08-21 11:43:00
sess_004578,2748,/product/analytics,Google Ads,Desktop,2,319,0,2026-08-25 10:26:00
sess_004579,1539,/product/analytics,Google Ads,Desktop,5,24,0,2026-09-05 15:09:00
sess_004580,2165,/solutions/enterprise,Organic Search,Desktop,7,775,0,2026-08-17 08:22:00
sess_004581,1788,/product/analytics,Organic Search,Desktop,2,81,0,2026-08-10 19:16:00
sess_004582,2239,/product/analytics,Direct,Desktop,9,104,0,2026-09-11 10:45:00
sess_004583,1376,/signup,LinkedIn,Desktop,8,101,0,2026-09-02 04:23:00
sess_004584,1997,/solutions/enterprise,Organic Search,Desktop,2,185,0,2026-09-12 15:21:00
sess_004585,2182,/signup,Organic Search,Desktop,6,158,0,2026-08-02 15:38:00
sess_004586,1021,/docs/api,Direct,Desktop,1,153,0,2026-08-08 09:43:00
sess_004587,1024,/signup,Direct,Mobile,3,278,0,2026-08-28 05:10:00
sess_004588,2581,/pricing,GitHub,Desktop,4,478,1,2026-08-31 00:31:00
sess_004589,2065,/docs/api,Google Ads,Desktop,2,315,0,2026-08-13 22:04:00
sess_004590,2923,/pricing,Direct,Desktop,1,234,0,2026-09-06 08:32:00
sess_004591,2635,/pricing,Google Ads,Desktop,1,14,0,2026-09-09 18:24:00
sess_004592,1345,/solutions/enterprise,Google Ads,Desktop,7,56,0,2026-09-14 18:55:00
sess_004593,2973,/docs/api,Direct,Tablet,3,24,0,2026-08-01 04:05:00
sess_004594,2948,/signup,Organic Search,Desktop,1,352,0,2026-08-11 07:36:00
sess_004595,1814,/solutions/enterprise,GitHub,Mobile,7,195,0,2026-08-31 01:43:00
sess_004596,1466,/signup,Referral,Desktop,8,11,0,2026-08-16 18:03:00
sess_004597,1152,/docs/api,Organic Search,Desktop,2,236,0,2026-08-12 19:12:00
sess_004598,1201,/product/analytics,Google Ads,Mobile,3,78,0,2026-09-04 09:03:00
sess_004599,1559,/signup,Organic Search,Mobile,2,146,0,2026-09-01 00:39:00
sess_004600,1106,/home,Organic Search,Desktop,4,161,1,2026-09-10 00:36:00
sess_004601,3416,/docs/api,Direct,Desktop,9,36,0,2026-08-06 11:29:00
sess_004602,3273,/docs/api,Direct,Desktop,1,96,0,2026-08-26 04:54:00
sess_004603,1941,/product/analytics,Direct,Desktop,2,105,0,2026-09-14 23:45:00
sess_004604,3151,/product/analytics,Direct,Desktop,5,176,0,2026-08-08 21:35:00
sess_004605,2845,/pricing,Organic Search,Desktop,4,401,0,2026-09-01 18:51:00
sess_004606,2600,/home,Organic Search,Desktop,1,176,0,2026-09-09 10:11:00
sess_004607,3493,/home,Google Ads,Desktop,2,212,0,2026-08-20 23:08:00
sess_004608,1819,/home,Organic Search,Mobile,2,201,0,2026-08-24 20:58:00
sess_004609,2018,/signup,Direct,Desktop,4,20,1,2026-08-26 15:43:00
sess_004610,1146,/docs/api,LinkedIn,Mobile,2,69,0,2026-08-14 21:31:00
sess_004611,1517,/docs/api,LinkedIn,Mobile,2,97,0,2026-08-17 09:49:00
sess_004612,1451,/solutions/enterprise,Direct,Desktop,2,110,0,2026-08-27 05:35:00
sess_004613,2673,/pricing,Organic Search,Desktop,10,337,0,2026-08-12 16:19:00
sess_004614,1631,/product/analytics,GitHub,Desktop,1,139,0,2026-08-09 07:16:00
sess_004615,1170,/product/analytics,Organic Search,Desktop,2,309,0,2026-08-06 11:33:00
sess_004616,1566,/product/analytics,Organic Search,Desktop,1,431,0,2026-08-15 01:21:00
sess_004617,1380,/solutions/enterprise,Google Ads,Desktop,2,219,0,2026-08-09 11:19:00
sess_004618,1743,/solutions/enterprise,Google Ads,Desktop,3,26,1,2026-08-03 06:20:00
sess_004619,2672,/docs/api,GitHub,Mobile,1,45,0,2026-09-05 09:28:00
sess_004620,1832,/solutions/enterprise,Organic Search,Tablet,2,321,0,2026-08-20 22:26:00
sess_004621,1690,/solutions/enterprise,GitHub,Mobile,5,154,0,2026-08-21 07:34:00
sess_004622,2719,/product/analytics,Google Ads,Mobile,3,135,0,2026-09-09 23:15:00
sess_004623,1720,/signup,Direct,Mobile,4,629,0,2026-08-21 02:34:00
sess_004624,1232,/signup,Organic Search,Desktop,8,87,0,2026-08-25 16:28:00
sess_004625,3430,/solutions/enterprise,Direct,Mobile,2,12,0,2026-08-19 14:01:00
sess_004626,1880,/pricing,Organic Search,Desktop,18,58,0,2026-09-01 16:42:00
sess_004627,1557,/solutions/enterprise,Referral,Mobile,2,65,0,2026-08-11 14:11:00
sess_004628,3408,/signup,LinkedIn,Desktop,1,134,0,2026-08-22 02:08:00
sess_004629,2807,/signup,Direct,Mobile,5,6,0,2026-09-02 12:26:00
sess_004630,2101,/home,Google Ads,Tablet,2,805,0,2026-08-18 09:40:00
sess_004631,1443,/solutions/enterprise,Direct,Mobile,2,16,0,2026-08-08 15:17:00
sess_004632,1568,/docs/api,Organic Search,Mobile,1,52,0,2026-08-28 21:00:00
sess_004633,3110,/pricing,Organic Search,Desktop,5,205,0,2026-09-03 15:43:00
sess_004634,2309,/solutions/enterprise,Referral,Mobile,3,688,0,2026-09-01 04:58:00
sess_004635,1473,/docs/api,Google Ads,Desktop,3,134,0,2026-08-28 08:04:00
sess_004636,3131,/signup,GitHub,Desktop,2,80,0,2026-08-02 18:13:00
sess_004637,1004,/pricing,Organic Search,Desktop,1,36,0,2026-09-10 09:38:00
sess_004638,2678,/solutions/enterprise,Organic Search,Desktop,2,425,0,2026-08-17 03:06:00
sess_004639,1426,/pricing,Organic Search,Mobile,1,14,0,2026-09-05 13:19:00
sess_004640,1010,/signup,Google Ads,Desktop,2,18,0,2026-09-04 02:09:00
sess_004641,1893,/signup,Organic Search,Desktop,7,16,0,2026-08-04 20:36:00
sess_004642,3027,/home,Direct,Mobile,3,118,0,2026-09-05 20:21:00
sess_004643,2791,/product/analytics,Organic Search,Mobile,1,486,0,2026-08-24 13:29:00
sess_004644,3098,/solutions/enterprise,GitHub,Desktop,5,151,0,2026-08-09 12:53:00
sess_004645,2419,/pricing,LinkedIn,Desktop,5,83,0,2026-08-17 12:04:00
sess_004646,3420,/docs/api,Google Ads,Desktop,4,54,1,2026-08-25 22:54:00
sess_004647,1439,/home,LinkedIn,Mobile,3,135,0,2026-08-08 18:09:00
sess_004648,1978,/product/analytics,LinkedIn,Mobile,1,109,0,2026-08-14 04:32:00
sess_004649,2426,/docs/api,Direct,Desktop,2,22,0,2026-09-09 15:26:00
sess_004650,2920,/home,Organic Search,Desktop,2,6,0,2026-09-05 09:35:00
sess_004651,2677,/solutions/enterprise,Organic Search,Desktop,1,167,0,2026-08-04 01:00:00
sess_004652,2638,/docs/api,Organic Search,Mobile,1,356,0,2026-08-12 15:21:00
sess_004653,2528,/pricing,LinkedIn,Mobile,2,173,0,2026-08-11 07:17:00
sess_004654,1421,/signup,Direct,Desktop,6,76,0,2026-08-05 13:52:00
sess_004655,1179,/home,Direct,Desktop,10,34,0,2026-08-22 14:56:00
sess_004656,2430,/home,Google Ads,Mobile,4,246,0,2026-08-18 13:57:00
sess_004657,3141,/solutions/enterprise,Organic Search,Desktop,1,223,0,2026-08-29 23:44:00
sess_004658,3053,/home,Direct,Desktop,8,342,0,2026-09-14 20:49:00
sess_004659,2443,/product/analytics,Direct,Mobile,11,737,0,2026-08-01 09:20:00
sess_004660,1829,/pricing,Organic Search,Mobile,2,26,0,2026-08-30 23:02:00
sess_004661,3497,/signup,Organic Search,Desktop,3,60,1,2026-09-13 21:23:00
sess_004662,2007,/solutions/enterprise,Organic Search,Tablet,2,80,0,2026-08-20 00:44:00
sess_004663,2204,/product/analytics,Google Ads,Desktop,6,143,0,2026-08-16 10:27:00
sess_004664,2802,/solutions/enterprise,Organic Search,Desktop,1,14,0,2026-08-14 01:39:00
sess_004665,1618,/solutions/enterprise,Direct,Desktop,1,63,0,2026-08-30 09:02:00
sess_004666,3185,/pricing,LinkedIn,Desktop,2,289,0,2026-08-01 20:20:00
sess_004667,1003,/home,Referral,Mobile,1,13,0,2026-08-21 14:07:00
sess_004668,2958,/solutions/enterprise,Google Ads,Desktop,2,311,0,2026-08-23 20:11:00
sess_004669,1465,/docs/api,Organic Search,Mobile,3,41,0,2026-08-06 04:56:00
sess_004670,1363,/pricing,Organic Search,Mobile,5,70,0,2026-09-03 05:30:00
sess_004671,1573,/pricing,Organic Search,Desktop,4,232,0,2026-09-11 02:51:00
sess_004672,2535,/docs/api,Organic Search,Desktop,4,265,0,2026-09-07 00:45:00
sess_004673,3473,/pricing,Organic Search,Mobile,3,47,0,2026-09-08 05:34:00
sess_004674,2269,/solutions/enterprise,Organic Search,Mobile,1,98,0,2026-08-31 11:48:00
sess_004675,2394,/product/analytics,Organic Search,Desktop,6,54,0,2026-08-23 14:33:00
sess_004676,3190,/home,Direct,Desktop,4,134,1,2026-08-31 18:25:00
sess_004677,2999,/signup,Google Ads,Desktop,5,195,0,2026-08-19 08:39:00
sess_004678,2051,/product/analytics,Google Ads,Desktop,8,61,0,2026-09-08 11:51:00
sess_004679,2460,/pricing,Direct,Mobile,10,116,0,2026-08-20 12:40:00
sess_004680,1751,/docs/api,LinkedIn,Desktop,10,143,0,2026-09-09 08:03:00
sess_004681,1014,/pricing,Direct,Desktop,1,102,0,2026-08-29 16:50:00
sess_004682,3087,/pricing,Direct,Mobile,6,134,0,2026-08-15 07:53:00
sess_004683,2497,/pricing,LinkedIn,Tablet,9,32,0,2026-08-07 19:22:00
sess_004684,1033,/signup,Direct,Desktop,4,12,1,2026-09-03 07:01:00
sess_004685,3330,/home,Direct,Desktop,4,16,0,2026-08-04 03:12:00
sess_004686,1397,/pricing,Organic Search,Desktop,7,653,0,2026-08-30 04:05:00
sess_004687,1241,/pricing,Direct,Desktop,1,18,0,2026-08-15 09:35:00
sess_004688,1130,/signup,LinkedIn,Desktop,1,92,0,2026-08-27 06:52:00
sess_004689,3178,/pricing,GitHub,Desktop,2,287,1,2026-08-24 20:52:00
sess_004690,1833,/docs/api,Organic Search,Desktop,9,347,0,2026-09-02 10:40:00
sess_004691,3235,/solutions/enterprise,Direct,Desktop,1,61,0,2026-08-01 14:13:00
sess_004692,1421,/signup,Direct,Mobile,2,188,0,2026-08-18 02:10:00
sess_004693,2665,/pricing,GitHub,Desktop,4,236,0,2026-08-16 01:27:00
sess_004694,3162,/pricing,Organic Search,Desktop,3,450,0,2026-08-07 13:18:00
sess_004695,1462,/signup,Organic Search,Desktop,5,400,0,2026-09-04 22:21:00
sess_004696,2857,/pricing,Organic Search,Desktop,1,107,0,2026-09-09 16:34:00
sess_004697,1099,/home,Organic Search,Desktop,1,145,0,2026-08-12 02:42:00
sess_004698,2499,/docs/api,Google Ads,Mobile,5,295,0,2026-08-06 02:46:00
sess_004699,1717,/product/analytics,LinkedIn,Mobile,5,169,0,2026-08-30 22:56:00
sess_004700,3018,/signup,Direct,Desktop,1,84,1,2026-08-15 18:49:00
sess_004701,1903,/solutions/enterprise,Google Ads,Desktop,2,545,0,2026-09-06 15:53:00
sess_004702,1765,/pricing,Organic Search,Mobile,2,1100,0,2026-09-01 04:07:00
sess_004703,2811,/product/analytics,GitHub,Mobile,3,491,0,2026-08-05 23:15:00
sess_004704,3290,/product/analytics,Google Ads,Desktop,6,81,0,2026-09-10 16:36:00
sess_004705,1078,/home,Organic Search,Mobile,3,54,0,2026-08-25 07:57:00
sess_004706,1190,/home,Direct,Desktop,3,127,0,2026-08-17 03:43:00
sess_004707,1845,/signup,Google Ads,Desktop,1,281,0,2026-08-04 10:39:00
sess_004708,1824,/product/analytics,Direct,Desktop,1,61,0,2026-08-10 15:48:00
sess_004709,2746,/pricing,Referral,Mobile,8,98,0,2026-08-29 06:07:00
sess_004710,1827,/solutions/enterprise,Google Ads,Mobile,4,34,0,2026-09-06 13:51:00
sess_004711,2555,/pricing,Google Ads,Tablet,1,222,0,2026-08-16 23:11:00
sess_004712,2526,/docs/api,Organic Search,Mobile,1,245,0,2026-09-02 04:19:00
sess_004713,1114,/docs/api,Organic Search,Mobile,3,128,0,2026-09-02 08:26:00
sess_004714,2549,/docs/api,LinkedIn,Desktop,1,245,0,2026-08-15 22:40:00
sess_004715,3133,/signup,LinkedIn,Desktop,1,191,0,2026-09-01 16:44:00
sess_004716,1733,/signup,Organic Search,Desktop,3,482,0,2026-09-12 21:54:00
sess_004717,1893,/pricing,Google Ads,Tablet,2,163,0,2026-08-08 18:15:00
sess_004718,2208,/home,GitHub,Desktop,5,84,0,2026-09-05 03:13:00
sess_004719,2565,/signup,Direct,Mobile,9,240,0,2026-08-21 05:11:00
sess_004720,1759,/product/analytics,LinkedIn,Desktop,3,15,0,2026-09-04 11:54:00
sess_004721,2590,/product/analytics,Direct,Desktop,4,121,0,2026-09-07 16:03:00
sess_004722,1998,/signup,Organic Search,Desktop,12,613,0,2026-08-20 04:08:00
sess_004723,2377,/pricing,Organic Search,Mobile,1,224,0,2026-08-18 23:35:00
sess_004724,3380,/pricing,Google Ads,Desktop,7,1189,0,2026-08-18 01:01:00
sess_004725,3485,/solutions/enterprise,Direct,Mobile,3,94,0,2026-08-04 07:08:00
sess_004726,2951,/docs/api,LinkedIn,Desktop,1,94,0,2026-09-10 06:47:00
sess_004727,2388,/pricing,LinkedIn,Mobile,1,16,0,2026-09-12 00:35:00
sess_004728,2745,/solutions/enterprise,Direct,Desktop,4,85,0,2026-08-28 22:25:00
sess_004729,3063,/solutions/enterprise,Organic Search,Desktop,8,32,0,2026-08-18 20:55:00
sess_004730,2856,/signup,Google Ads,Desktop,1,95,0,2026-08-03 07:18:00
sess_004731,1141,/home,Direct,Mobile,3,5,0,2026-08-05 09:53:00
sess_004732,1065,/signup,Organic Search,Desktop,2,108,0,2026-09-10 10:46:00
sess_004733,1709,/docs/api,Organic Search,Mobile,2,508,0,2026-09-01 12:13:00
sess_004734,2974,/product/analytics,Organic Search,Mobile,1,263,0,2026-08-01 16:48:00
sess_004735,1555,/pricing,Organic Search,Desktop,7,54,0,2026-08-16 07:41:00
sess_004736,3233,/home,Organic Search,Tablet,2,61,0,2026-08-28 21:09:00
sess_004737,1038,/home,Organic Search,Mobile,2,71,0,2026-08-07 12:54:00
sess_004738,1426,/solutions/enterprise,Organic Search,Desktop,1,22,0,2026-08-18 03:42:00
sess_004739,1063,/signup,LinkedIn,Mobile,3,872,0,2026-08-10 12:13:00
sess_004740,3040,/signup,Organic Search,Desktop,2,203,0,2026-08-10 23:08:00
sess_004741,2108,/product/analytics,LinkedIn,Mobile,1,246,0,2026-08-22 14:25:00
sess_004742,2683,/home,Google Ads,Desktop,2,218,0,2026-08-05 18:51:00
sess_004743,2281,/docs/api,Direct,Tablet,2,117,0,2026-08-06 12:17:00
sess_004744,1298,/home,LinkedIn,Desktop,1,310,0,2026-09-10 13:16:00
sess_004745,2575,/solutions/enterprise,Organic Search,Desktop,1,53,0,2026-08-24 08:26:00
sess_004746,3105,/home,Organic Search,Desktop,14,93,0,2026-08-26 22:31:00
sess_004747,1851,/solutions/enterprise,LinkedIn,Desktop,8,75,0,2026-08-14 17:53:00
sess_004748,3133,/home,GitHub,Desktop,3,553,0,2026-09-08 08:25:00
sess_004749,3316,/docs/api,LinkedIn,Mobile,1,12,0,2026-08-20 13:21:00
sess_004750,3170,/pricing,Direct,Desktop,1,19,0,2026-08-19 10:34:00
sess_004751,2131,/pricing,Organic Search,Desktop,2,567,0,2026-08-08 18:28:00
sess_004752,2246,/home,Direct,Desktop,2,214,0,2026-08-04 08:03:00
sess_004753,1918,/product/analytics,LinkedIn,Desktop,4,186,0,2026-09-04 08:28:00
sess_004754,2433,/signup,Organic Search,Mobile,2,312,0,2026-08-23 16:48:00
sess_004755,1746,/pricing,Direct,Mobile,9,452,1,2026-08-19 23:09:00
sess_004756,1221,/home,Google Ads,Desktop,1,412,0,2026-08-26 02:47:00
sess_004757,1328,/pricing,Organic Search,Desktop,1,402,0,2026-09-01 17:07:00
sess_004758,2446,/solutions/enterprise,LinkedIn,Desktop,3,333,0,2026-09-07 08:58:00
sess_004759,1681,/home,Google Ads,Desktop,13,28,0,2026-08-12 14:07:00
sess_004760,1244,/home,Google Ads,Mobile,6,186,0,2026-08-13 17:12:00
sess_004761,2831,/pricing,Organic Search,Desktop,1,126,0,2026-08-25 10:57:00
sess_004762,1075,/docs/api,Organic Search,Desktop,3,277,0,2026-08-16 03:29:00
sess_004763,1090,/signup,Referral,Desktop,2,563,1,2026-08-25 01:25:00
sess_004764,1301,/home,Organic Search,Mobile,5,86,0,2026-09-04 15:40:00
sess_004765,1537,/home,Direct,Mobile,1,258,1,2026-08-03 06:34:00
sess_004766,1106,/docs/api,Organic Search,Mobile,1,47,0,2026-08-03 05:46:00
sess_004767,2229,/docs/api,Google Ads,Mobile,2,103,0,2026-08-29 17:35:00
sess_004768,1394,/docs/api,Organic Search,Desktop,1,236,0,2026-08-11 21:21:00
sess_004769,1678,/signup,Organic Search,Mobile,1,21,0,2026-08-28 10:09:00
sess_004770,3062,/product/analytics,Direct,Desktop,3,361,0,2026-08-12 12:45:00
sess_004771,1192,/product/analytics,Organic Search,Desktop,3,453,0,2026-09-09 15:49:00
sess_004772,1500,/signup,LinkedIn,Mobile,6,375,0,2026-08-09 01:25:00
sess_004773,1005,/docs/api,LinkedIn,Desktop,4,5,0,2026-09-14 04:39:00
sess_004774,3162,/product/analytics,Direct,Mobile,3,297,0,2026-09-06 20:42:00
sess_004775,2774,/docs/api,Google Ads,Mobile,1,414,0,2026-08-25 16:10:00
sess_004776,1978,/solutions/enterprise,LinkedIn,Mobile,4,747,0,2026-09-09 17:48:00
sess_004777,1094,/signup,Organic Search,Mobile,6,11,0,2026-09-02 14:49:00
sess_004778,3039,/solutions/enterprise,Organic Search,Desktop,2,154,0,2026-09-13 04:10:00
sess_004779,2942,/home,LinkedIn,Mobile,3,389,0,2026-08-16 17:50:00
sess_004780,3066,/signup,LinkedIn,Mobile,5,241,0,2026-08-30 03:27:00
sess_004781,1524,/home,Google Ads,Desktop,2,351,0,2026-08-11 05:03:00
sess_004782,1957,/docs/api,Organic Search,Desktop,4,220,0,2026-08-21 05:04:00
sess_004783,3171,/docs/api,Organic Search,Desktop,1,9,0,2026-09-04 14:08:00
sess_004784,1263,/product/analytics,Direct,Desktop,3,383,0,2026-09-06 11:18:00
sess_004785,3424,/home,Organic Search,Tablet,1,178,0,2026-08-10 00:40:00
sess_004786,2115,/product/analytics,Organic Search,Desktop,1,56,1,2026-08-04 14:46:00
sess_004787,1116,/pricing,Google Ads,Desktop,8,210,0,2026-08-05 06:27:00
sess_004788,2317,/docs/api,Organic Search,Desktop,3,135,0,2026-08-26 21:44:00
sess_004789,3409,/home,Organic Search,Mobile,2,232,0,2026-09-05 05:02:00
sess_004790,2597,/home,LinkedIn,Desktop,3,120,1,2026-08-04 16:10:00
sess_004791,2212,/product/analytics,Organic Search,Mobile,1,24,0,2026-09-04 18:03:00
sess_004792,2441,/solutions/enterprise,Organic Search,Mobile,2,442,0,2026-09-01 05:18:00
sess_004793,2582,/docs/api,Organic Search,Mobile,1,211,0,2026-08-26 01:41:00
sess_004794,3213,/docs/api,Direct,Desktop,6,230,1,2026-08-17 07:53:00
sess_004795,2184,/docs/api,Direct,Mobile,2,267,0,2026-08-18 00:26:00
sess_004796,1866,/solutions/enterprise,Organic Search,Desktop,1,134,0,2026-09-12 12:48:00
sess_004797,2005,/signup,Organic Search,Mobile,3,230,0,2026-08-24 16:53:00
sess_004798,3458,/docs/api,Direct,Desktop,2,47,0,2026-08-01 17:33:00
sess_004799,1723,/solutions/enterprise,Google Ads,Desktop,2,118,0,2026-08-22 21:45:00
sess_004800,2291,/solutions/enterprise,Referral,Mobile,4,216,1,2026-08-09 14:13:00
sess_004801,3425,/product/analytics,Organic Search,Desktop,2,299,0,2026-08-05 01:36:00
sess_004802,1761,/docs/api,LinkedIn,Desktop,7,624,0,2026-09-10 07:32:00
sess_004803,3492,/solutions/enterprise,Organic Search,Desktop,1,359,0,2026-09-11 12:51:00
sess_004804,1005,/solutions/enterprise,Organic Search,Desktop,2,12,0,2026-08-29 15:41:00
sess_004805,1979,/product/analytics,Organic Search,Mobile,5,40,0,2026-08-17 07:37:00
sess_004806,2238,/docs/api,Direct,Mobile,5,209,0,2026-09-12 05:20:00
sess_004807,1462,/pricing,LinkedIn,Mobile,11,20,0,2026-09-06 10:28:00
sess_004808,1382,/signup,Organic Search,Tablet,3,970,0,2026-09-10 19:23:00
sess_004809,2415,/solutions/enterprise,GitHub,Tablet,3,119,0,2026-08-05 04:00:00
sess_004810,1517,/home,Organic Search,Mobile,3,213,0,2026-08-22 10:04:00
sess_004811,1187,/signup,Organic Search,Desktop,2,13,0,2026-08-28 00:41:00
sess_004812,3201,/product/analytics,Direct,Desktop,2,106,0,2026-08-06 08:00:00
sess_004813,2809,/signup,GitHub,Mobile,1,54,0,2026-08-13 19:05:00
sess_004814,1126,/product/analytics,Referral,Mobile,3,24,0,2026-08-23 05:38:00
sess_004815,2449,/product/analytics,Organic Search,Tablet,6,205,0,2026-09-01 04:01:00
sess_004816,3040,/docs/api,Organic Search,Desktop,3,682,0,2026-08-04 08:44:00
sess_004817,3416,/pricing,Direct,Mobile,2,70,0,2026-08-01 23:15:00
sess_004818,2853,/home,LinkedIn,Desktop,1,480,0,2026-08-17 18:38:00
sess_004819,1743,/signup,LinkedIn,Desktop,1,5,0,2026-09-07 02:30:00
sess_004820,1422,/signup,Organic Search,Desktop,6,200,0,2026-09-10 07:12:00
sess_004821,1914,/signup,Organic Search,Desktop,2,141,0,2026-08-26 00:22:00
sess_004822,1903,/product/analytics,Organic Search,Desktop,7,87,0,2026-08-28 21:09:00
sess_004823,3300,/solutions/enterprise,Google Ads,Desktop,1,102,0,2026-09-11 02:43:00
sess_004824,1884,/pricing,Direct,Mobile,3,170,0,2026-08-07 06:00:00
sess_004825,1247,/pricing,Google Ads,Tablet,10,151,0,2026-09-06 09:26:00
sess_004826,1015,/product/analytics,Organic Search,Desktop,3,132,0,2026-08-14 11:21:00
sess_004827,2420,/home,Google Ads,Desktop,1,738,0,2026-08-07 00:09:00
sess_004828,2137,/product/analytics,Organic Search,Desktop,1,268,0,2026-08-12 21:02:00
sess_004829,2016,/home,Google Ads,Desktop,1,40,0,2026-08-16 08:04:00
sess_004830,1413,/product/analytics,GitHub,Mobile,1,453,0,2026-08-27 22:09:00
sess_004831,2164,/product/analytics,Organic Search,Desktop,4,127,0,2026-08-25 15:38:00
sess_004832,2748,/product/analytics,Organic Search,Mobile,5,7,0,2026-08-30 11:56:00
sess_004833,1338,/docs/api,Organic Search,Desktop,5,282,0,2026-09-05 21:04:00
sess_004834,3202,/product/analytics,Google Ads,Desktop,1,83,0,2026-08-07 10:57:00
sess_004835,1421,/pricing,Organic Search,Mobile,8,1228,0,2026-08-12 14:16:00
sess_004836,1491,/solutions/enterprise,Organic Search,Tablet,3,146,0,2026-08-30 17:19:00
sess_004837,1037,/signup,Referral,Desktop,1,61,0,2026-08-10 02:25:00
sess_004838,1655,/signup,LinkedIn,Desktop,1,255,0,2026-09-06 05:24:00
sess_004839,2069,/solutions/enterprise,Google Ads,Desktop,2,63,0,2026-08-26 12:23:00
sess_004840,2751,/product/analytics,LinkedIn,Desktop,1,9,0,2026-08-25 15:51:00
sess_004841,1939,/docs/api,Direct,Desktop,1,23,0,2026-08-12 19:25:00
sess_004842,3161,/product/analytics,Google Ads,Desktop,1,197,0,2026-09-06 05:46:00
sess_004843,2456,/product/analytics,Direct,Mobile,2,48,0,2026-09-13 12:40:00
sess_004844,2423,/home,LinkedIn,Desktop,1,53,0,2026-08-03 22:11:00
sess_004845,3457,/signup,Organic Search,Mobile,1,34,0,2026-09-02 06:49:00
sess_004846,2999,/signup,Referral,Mobile,1,58,1,2026-08-19 05:00:00
sess_004847,1232,/pricing,Google Ads,Mobile,1,261,0,2026-08-14 16:54:00
sess_004848,3062,/signup,Organic Search,Desktop,1,134,0,2026-09-06 15:36:00
sess_004849,2209,/home,Organic Search,Desktop,3,48,0,2026-08-29 12:06:00
sess_004850,3385,/signup,LinkedIn,Desktop,1,56,0,2026-08-31 15:24:00
sess_004851,1738,/solutions/enterprise,Organic Search,Mobile,1,90,0,2026-08-01 20:48:00
sess_004852,3206,/signup,Organic Search,Desktop,1,1014,0,2026-09-12 04:10:00
sess_004853,2386,/docs/api,Direct,Mobile,1,39,0,2026-08-08 06:54:00
sess_004854,1862,/home,Organic Search,Desktop,5,297,0,2026-09-06 06:13:00
sess_004855,3038,/pricing,GitHub,Desktop,3,366,0,2026-08-09 00:17:00
sess_004856,3257,/pricing,GitHub,Desktop,2,564,0,2026-08-02 15:34:00
sess_004857,1928,/pricing,Referral,Mobile,6,172,0,2026-09-14 05:51:00
sess_004858,2004,/solutions/enterprise,Organic Search,Mobile,1,23,0,2026-08-21 14:32:00
sess_004859,3178,/home,Organic Search,Mobile,1,9,0,2026-08-10 17:42:00
sess_004860,1435,/pricing,Direct,Desktop,2,110,0,2026-09-12 13:47:00
sess_004861,1859,/solutions/enterprise,Google Ads,Mobile,1,82,0,2026-08-06 18:47:00
sess_004862,2584,/docs/api,Organic Search,Desktop,2,361,0,2026-08-04 23:45:00
sess_004863,3212,/product/analytics,Organic Search,Desktop,7,168,1,2026-08-21 22:17:00
sess_004864,3118,/docs/api,Direct,Desktop,2,338,0,2026-08-17 07:48:00
sess_004865,2307,/home,Direct,Desktop,1,157,1,2026-09-04 09:13:00
sess_004866,2055,/docs/api,Direct,Desktop,5,51,0,2026-09-06 10:56:00
sess_004867,1168,/signup,Direct,Mobile,2,45,0,2026-08-25 00:50:00
sess_004868,1419,/solutions/enterprise,LinkedIn,Desktop,4,95,0,2026-08-31 20:48:00
sess_004869,1085,/home,LinkedIn,Desktop,1,10,0,2026-08-27 00:01:00
sess_004870,2808,/pricing,Direct,Desktop,2,128,1,2026-08-10 08:59:00
sess_004871,1528,/solutions/enterprise,LinkedIn,Mobile,1,62,0,2026-08-23 12:29:00
sess_004872,3399,/signup,Organic Search,Desktop,1,13,0,2026-09-11 22:27:00
sess_004873,2591,/home,GitHub,Desktop,3,120,0,2026-08-16 03:01:00
sess_004874,1745,/signup,Direct,Desktop,1,189,0,2026-08-14 12:47:00
sess_004875,1138,/signup,Organic Search,Desktop,1,24,0,2026-08-17 08:16:00
sess_004876,1300,/home,Direct,Desktop,1,173,0,2026-09-08 16:24:00
sess_004877,3174,/solutions/enterprise,Organic Search,Desktop,3,520,1,2026-09-03 05:36:00
sess_004878,1528,/docs/api,Organic Search,Desktop,1,90,0,2026-08-23 20:23:00
sess_004879,3239,/docs/api,Organic Search,Mobile,5,725,0,2026-09-08 09:04:00
sess_004880,3254,/pricing,LinkedIn,Mobile,2,279,0,2026-08-01 18:06:00
sess_004881,2284,/signup,GitHub,Desktop,2,6,0,2026-09-09 11:40:00
sess_004882,1106,/home,LinkedIn,Mobile,3,527,0,2026-08-01 03:28:00
sess_004883,2356,/docs/api,Direct,Mobile,3,133,0,2026-08-08 03:19:00
sess_004884,2861,/home,LinkedIn,Desktop,13,170,0,2026-08-05 00:44:00
sess_004885,1041,/docs/api,Referral,Desktop,1,174,0,2026-09-04 11:45:00
sess_004886,2858,/solutions/enterprise,Organic Search,Mobile,6,94,0,2026-08-19 07:27:00
sess_004887,3395,/signup,Direct,Mobile,3,110,0,2026-08-19 08:16:00
sess_004888,1130,/solutions/enterprise,Organic Search,Mobile,7,136,0,2026-09-06 05:58:00
sess_004889,1833,/docs/api,Organic Search,Desktop,4,611,0,2026-08-16 02:23:00
sess_004890,2308,/solutions/enterprise,Organic Search,Mobile,5,49,0,2026-08-10 01:20:00
sess_004891,1902,/signup,Organic Search,Desktop,5,447,0,2026-08-19 20:46:00
sess_004892,2643,/home,Google Ads,Mobile,1,675,0,2026-09-11 15:31:00
sess_004893,2201,/signup,LinkedIn,Desktop,6,104,0,2026-08-17 12:25:00
sess_004894,1788,/solutions/enterprise,Organic Search,Mobile,4,56,0,2026-09-05 19:05:00
sess_004895,2240,/pricing,Organic Search,Mobile,9,116,0,2026-09-10 19:20:00
sess_004896,1392,/docs/api,Direct,Tablet,1,24,0,2026-08-04 12:46:00
sess_004897,2723,/pricing,Google Ads,Desktop,8,315,0,2026-08-24 11:21:00
sess_004898,3059,/signup,LinkedIn,Desktop,6,73,0,2026-09-01 07:46:00
sess_004899,3359,/solutions/enterprise,Organic Search,Desktop,1,70,0,2026-08-23 12:53:00
sess_004900,1516,/docs/api,Google Ads,Desktop,1,206,0,2026-08-24 14:03:00
sess_004901,2818,/docs/api,GitHub,Mobile,3,153,0,2026-08-20 05:13:00
sess_004902,2638,/home,Organic Search,Desktop,4,163,0,2026-08-06 02:50:00
sess_004903,3224,/home,Google Ads,Desktop,4,124,0,2026-08-30 09:18:00
sess_004904,2299,/solutions/enterprise,Organic Search,Desktop,6,112,0,2026-09-03 17:55:00
sess_004905,1639,/home,Organic Search,Desktop,3,73,0,2026-09-07 15:41:00
sess_004906,1284,/home,Direct,Mobile,1,64,0,2026-08-29 23:07:00
sess_004907,2270,/pricing,Direct,Desktop,6,922,0,2026-08-10 05:47:00
sess_004908,2234,/pricing,Direct,Desktop,2,97,0,2026-08-21 14:42:00
sess_004909,3339,/pricing,GitHub,Desktop,2,132,0,2026-09-01 22:12:00
sess_004910,1647,/solutions/enterprise,Organic Search,Desktop,2,96,0,2026-09-13 02:19:00
sess_004911,3398,/signup,LinkedIn,Desktop,6,238,0,2026-08-04 23:22:00
sess_004912,1384,/signup,Direct,Mobile,10,39,0,2026-08-13 19:41:00
sess_004913,2490,/signup,GitHub,Mobile,1,14,0,2026-09-07 11:18:00
sess_004914,2014,/docs/api,Organic Search,Mobile,1,662,0,2026-09-07 03:16:00
sess_004915,2709,/product/analytics,Organic Search,Desktop,1,143,1,2026-08-27 18:22:00
sess_004916,1310,/solutions/enterprise,Referral,Desktop,7,148,0,2026-08-14 05:03:00
sess_004917,1105,/docs/api,Direct,Desktop,3,118,0,2026-08-20 06:50:00
sess_004918,3111,/home,GitHub,Desktop,1,14,0,2026-08-15 09:14:00
sess_004919,2299,/solutions/enterprise,Direct,Mobile,3,208,0,2026-08-26 04:42:00
sess_004920,3332,/docs/api,LinkedIn,Desktop,3,155,0,2026-09-14 20:35:00
sess_004921,3278,/solutions/enterprise,LinkedIn,Desktop,1,32,0,2026-09-14 12:32:00
sess_004922,3230,/home,Referral,Desktop,1,138,0,2026-08-30 01:09:00
sess_004923,1925,/home,Organic Search,Desktop,1,52,0,2026-08-22 13:39:00
sess_004924,1180,/solutions/enterprise,Organic Search,Desktop,3,188,0,2026-08-03 19:33:00
sess_004925,1265,/signup,Direct,Mobile,3,203,0,2026-08-01 13:57:00
sess_004926,2563,/solutions/enterprise,Organic Search,Mobile,2,68,1,2026-08-17 06:03:00
sess_004927,2376,/product/analytics,LinkedIn,Mobile,2,22,0,2026-08-04 21:39:00
sess_004928,1486,/pricing,Referral,Desktop,3,292,0,2026-09-03 03:19:00
sess_004929,1890,/docs/api,Google Ads,Desktop,4,187,0,2026-09-10 06:43:00
sess_004930,1913,/signup,Organic Search,Desktop,10,171,0,2026-08-03 06:28:00
sess_004931,2898,/home,Google Ads,Desktop,3,169,0,2026-08-29 07:16:00
sess_004932,2622,/home,LinkedIn,Desktop,1,233,0,2026-08-03 06:34:00
sess_004933,2008,/docs/api,Organic Search,Desktop,11,51,0,2026-08-30 05:53:00
sess_004934,3090,/signup,Direct,Desktop,1,98,0,2026-08-12 03:09:00
sess_004935,2039,/solutions/enterprise,GitHub,Mobile,2,50,0,2026-08-08 13:27:00
sess_004936,2874,/product/analytics,Organic Search,Desktop,7,18,0,2026-08-11 12:23:00
sess_004937,1522,/signup,LinkedIn,Mobile,9,431,0,2026-09-02 14:49:00
sess_004938,2131,/docs/api,Organic Search,Desktop,3,13,0,2026-09-10 23:35:00
sess_004939,1615,/solutions/enterprise,Google Ads,Mobile,1,13,0,2026-09-03 21:04:00
sess_004940,1317,/home,Organic Search,Desktop,2,74,0,2026-08-22 03:18:00
sess_004941,2689,/solutions/enterprise,LinkedIn,Desktop,8,74,0,2026-09-02 01:38:00
sess_004942,2142,/pricing,Direct,Mobile,7,12,0,2026-09-13 09:33:00
sess_004943,3048,/product/analytics,Direct,Mobile,7,267,0,2026-09-08 16:00:00
sess_004944,1741,/pricing,Organic Search,Mobile,1,27,0,2026-08-18 04:52:00
sess_004945,1779,/pricing,Direct,Mobile,5,21,0,2026-08-12 10:07:00
sess_004946,1312,/solutions/enterprise,LinkedIn,Desktop,4,21,0,2026-08-29 01:19:00
sess_004947,3375,/solutions/enterprise,Direct,Mobile,7,191,0,2026-08-02 10:43:00
sess_004948,2530,/signup,LinkedIn,Desktop,3,38,0,2026-08-19 21:34:00
sess_004949,1606,/signup,Organic Search,Desktop,2,160,0,2026-08-10 22:46:00
sess_004950,1146,/docs/api,Direct,Desktop,3,45,0,2026-08-25 15:44:00
sess_004951,2631,/signup,LinkedIn,Desktop,2,331,0,2026-08-30 22:08:00
sess_004952,3166,/home,Direct,Desktop,1,42,0,2026-08-15 00:12:00
sess_004953,1286,/product/analytics,Direct,Mobile,5,106,0,2026-08-05 15:19:00
sess_004954,1021,/pricing,Organic Search,Desktop,6,149,1,2026-08-01 10:18:00
sess_004955,1120,/solutions/enterprise,LinkedIn,Desktop,4,386,0,2026-09-13 04:31:00
sess_004956,2099,/home,Organic Search,Mobile,1,48,1,2026-08-29 04:19:00
sess_004957,2106,/docs/api,Direct,Desktop,1,179,0,2026-08-08 15:10:00
sess_004958,3404,/solutions/enterprise,Organic Search,Mobile,1,10,0,2026-08-29 01:47:00
sess_004959,1669,/docs/api,Organic Search,Desktop,2,273,0,2026-09-07 05:46:00
sess_004960,3198,/signup,Organic Search,Desktop,1,139,0,2026-08-19 05:01:00
sess_004961,1953,/signup,Direct,Mobile,6,527,0,2026-09-10 05:32:00
sess_004962,1518,/signup,Google Ads,Desktop,3,273,0,2026-08-11 23:25:00
sess_004963,3152,/solutions/enterprise,LinkedIn,Desktop,2,97,0,2026-08-07 18:04:00
sess_004964,1202,/signup,Google Ads,Desktop,6,101,0,2026-08-13 12:56:00
sess_004965,2830,/product/analytics,Organic Search,Mobile,1,6,0,2026-08-22 21:13:00
sess_004966,1194,/pricing,Organic Search,Desktop,6,332,0,2026-08-27 03:58:00
sess_004967,3370,/docs/api,Direct,Desktop,5,299,0,2026-08-16 13:35:00
sess_004968,2635,/docs/api,Google Ads,Desktop,4,156,0,2026-08-30 07:37:00
sess_004969,2781,/docs/api,LinkedIn,Mobile,1,89,0,2026-09-07 19:16:00
sess_004970,2638,/solutions/enterprise,Direct,Desktop,1,299,0,2026-09-04 04:58:00
sess_004971,1215,/docs/api,Organic Search,Mobile,1,174,0,2026-09-01 14:29:00
sess_004972,2704,/solutions/enterprise,Google Ads,Desktop,1,42,0,2026-09-02 04:26:00
sess_004973,3016,/solutions/enterprise,GitHub,Desktop,3,54,0,2026-08-05 04:17:00
sess_004974,3079,/signup,Direct,Mobile,1,172,0,2026-09-04 02:37:00
sess_004975,1675,/product/analytics,Organic Search,Tablet,1,209,0,2026-09-10 23:22:00
sess_004976,2477,/signup,Organic Search,Mobile,1,26,0,2026-09-10 22:42:00
sess_004977,2887,/solutions/enterprise,LinkedIn,Desktop,4,334,0,2026-09-02 13:10:00
sess_004978,1695,/signup,Direct,Desktop,2,130,0,2026-08-20 07:42:00
sess_004979,1579,/home,LinkedIn,Tablet,1,45,0,2026-08-11 12:45:00
sess_004980,1762,/docs/api,Direct,Tablet,1,155,0,2026-08-26 19:55:00
sess_004981,2258,/pricing,GitHub,Desktop,1,381,0,2026-09-10 21:58:00
sess_004982,1962,/docs/api,Organic Search,Desktop,3,15,0,2026-09-11 12:21:00
sess_004983,2378,/home,Direct,Desktop,3,49,0,2026-08-21 14:34:00
sess_004984,1491,/signup,Organic Search,Desktop,4,154,0,2026-08-07 16:35:00
sess_004985,2047,/solutions/enterprise,Google Ads,Mobile,2,5,0,2026-09-04 10:37:00
sess_004986,3413,/signup,Organic Search,Desktop,1,40,0,2026-09-14 07:23:00
sess_004987,2687,/product/analytics,LinkedIn,Desktop,1,53,0,2026-09-02 10:21:00
sess_004988,1499,/solutions/enterprise,Organic Search,Mobile,3,392,0,2026-08-17 08:09:00
sess_004989,2170,/product/analytics,Google Ads,Mobile,2,138,0,2026-08-02 23:31:00
sess_004990,2921,/pricing,Referral,Mobile,1,185,0,2026-08-16 08:12:00
sess_004991,2223,/docs/api,Direct,Desktop,1,5,0,2026-08-16 03:51:00
sess_004992,1247,/solutions/enterprise,Direct,Mobile,1,93,0,2026-08-27 23:52:00
sess_004993,2247,/product/analytics,LinkedIn,Desktop,4,111,0,2026-08-21 20:39:00
sess_004994,2727,/product/analytics,Referral,Mobile,4,333,0,2026-09-04 22:54:00
sess_004995,2251,/home,Direct,Mobile,1,43,0,2026-08-04 07:35:00
sess_004996,2666,/home,Organic Search,Desktop,2,17,0,2026-09-06 07:23:00
sess_004997,2764,/docs/api,Direct,Desktop,1,318,0,2026-08-16 22:04:00
sess_004998,2623,/product/analytics,Direct,Mobile,2,47,1,2026-08-26 11:40:00
sess_004999,2838,/pricing,Google Ads,Desktop,1,216,0,2026-09-10 03:43:00
sess_005000,2375,/product/analytics,Organic Search,Desktop,4,22,0,2026-08-02 22:34:00
